scan_id,serial_number,execution_id,product_code,material_number,batch_number,supplier,scan_timestamp,scan_status
SCAN-00000001,SN-00000001,EXEC-000001,GIS-072-2500,MAT-00000001,BATCH-77155,Siemens Energy,2026-01-05 06:24:00,SUCCESS
SCAN-00000002,SN-00000002,EXEC-000001,GIS-072-2500,MAT-00000002,BATCH-28488,Hitachi Energy,2026-01-05 06:05:00,SUCCESS
SCAN-00000003,SN-00000003,EXEC-000001,GIS-072-2500,MAT-00000003,BATCH-70951,Siemens Energy,2026-01-05 06:34:00,SUCCESS
SCAN-00000004,SN-00000004,EXEC-000001,GIS-072-2500,MAT-00000004,BATCH-95360,Siemens Energy,2026-01-05 06:29:00,SUCCESS
SCAN-00000005,SN-00000005,EXEC-000001,GIS-072-2500,MAT-00000005,BATCH-84668,Mitsubishi Electric,2026-01-05 06:13:00,SUCCESS
SCAN-00000006,SN-00000006,EXEC-000002,GIS-072-3150,MAT-00000006,BATCH-61411,ABB,2026-01-05 06:21:00,SUCCESS
SCAN-00000007,SN-00000007,EXEC-000002,GIS-072-3150,MAT-00000007,BATCH-72449,ABB,2026-01-05 06:37:00,SUCCESS
SCAN-00000008,SN-00000008,EXEC-000002,GIS-072-3150,MAT-00000008,BATCH-94483,Siemens Energy,2026-01-05 06:26:00,SUCCESS
SCAN-00000009,SN-00000009,EXEC-000002,GIS-072-3150,MAT-00000009,BATCH-20937,ABB,2026-01-05 06:44:00,SUCCESS
SCAN-00000010,SN-00000010,EXEC-000002,GIS-072-3150,MAT-00000010,BATCH-61424,Hitachi Energy,2026-01-05 06:41:00,SUCCESS
SCAN-00000011,SN-00000011,EXEC-000003,GIS-245-4000,MAT-00000011,BATCH-93438,Mitsubishi Electric,2026-01-05 06:49:00,SUCCESS
SCAN-00000012,SN-00000012,EXEC-000003,GIS-245-4000,MAT-00000012,BATCH-84014,Mitsubishi Electric,2026-01-05 07:19:00,SUCCESS
SCAN-00000013,SN-00000013,EXEC-000003,GIS-245-4000,MAT-00000013,BATCH-62349,Siemens Energy,2026-01-05 07:11:00,SUCCESS
SCAN-00000014,SN-00000014,EXEC-000004,GIS-145-3150,MAT-00000014,BATCH-66262,Hitachi Energy,2026-01-05 07:30:00,SUCCESS
SCAN-00000015,SN-00000015,EXEC-000004,GIS-145-3150,MAT-00000015,BATCH-36951,Siemens Energy,2026-01-05 07:16:00,SUCCESS
SCAN-00000016,SN-00000016,EXEC-000005,GIS-072-3150,MAT-00000016,BATCH-44950,Siemens Energy,2026-01-05 07:39:00,SUCCESS
SCAN-00000017,SN-00000017,EXEC-000005,GIS-072-3150,MAT-00000017,BATCH-79704,Siemens Energy,2026-01-05 07:30:00,SUCCESS
SCAN-00000018,SN-00000018,EXEC-000005,GIS-072-3150,MAT-00000018,BATCH-29936,Schneider Electric,2026-01-05 07:37:00,SUCCESS
SCAN-00000019,SN-00000019,EXEC-000005,GIS-072-3150,MAT-00000019,BATCH-28315,Siemens Energy,2026-01-05 07:46:00,SUCCESS
SCAN-00000020,SN-00000020,EXEC-000005,GIS-072-3150,MAT-00000020,BATCH-29187,Schneider Electric,2026-01-05 07:59:00,SUCCESS
SCAN-00000021,SN-00000021,EXEC-000006,GIS-072-3150,MAT-00000021,BATCH-68419,Hitachi Energy,2026-01-05 07:47:00,SUCCESS
SCAN-00000022,SN-00000022,EXEC-000006,GIS-072-3150,MAT-00000022,BATCH-58346,Siemens Energy,2026-01-05 08:16:00,SUCCESS
SCAN-00000023,SN-00000023,EXEC-000006,GIS-072-3150,MAT-00000023,BATCH-10867,Siemens Energy,2026-01-05 08:02:00,SUCCESS
SCAN-00000024,SN-00000024,EXEC-000006,GIS-072-3150,MAT-00000024,BATCH-90284,Siemens Energy,2026-01-05 07:45:00,SUCCESS
SCAN-00000025,SN-00000025,EXEC-000006,GIS-072-3150,MAT-00000025,BATCH-96504,Schneider Electric,2026-01-05 08:14:00,SUCCESS
SCAN-00000026,SN-00000026,EXEC-000007,GIS-145-3150,MAT-00000026,BATCH-23854,Schneider Electric,2026-01-05 08:05:00,SUCCESS
SCAN-00000027,SN-00000027,EXEC-000007,GIS-145-3150,MAT-00000027,BATCH-81280,Hitachi Energy,2026-01-05 08:17:00,SUCCESS
SCAN-00000028,SN-00000028,EXEC-000007,GIS-145-3150,MAT-00000028,BATCH-90142,Siemens Energy,2026-01-05 08:11:00,SUCCESS
SCAN-00000029,SN-00000029,EXEC-000008,GIS-245-4000,MAT-00000029,BATCH-57771,Schneider Electric,2026-01-05 08:45:00,SUCCESS
SCAN-00000030,SN-00000030,EXEC-000009,GIS-072-3150,MAT-00000030,BATCH-34423,Mitsubishi Electric,2026-01-05 09:02:00,SUCCESS
SCAN-00000031,SN-00000031,EXEC-000009,GIS-072-3150,MAT-00000031,BATCH-15870,ABB,2026-01-05 09:01:00,SUCCESS
SCAN-00000032,SN-00000032,EXEC-000009,GIS-072-3150,MAT-00000032,BATCH-21314,Hitachi Energy,2026-01-05 09:03:00,SUCCESS
SCAN-00000033,SN-00000033,EXEC-000009,GIS-072-3150,MAT-00000033,BATCH-86368,ABB,2026-01-05 08:56:00,SUCCESS
SCAN-00000034,SN-00000034,EXEC-000010,GIS-072-3150,MAT-00000034,BATCH-86745,Siemens Energy,2026-01-05 09:16:00,SUCCESS
SCAN-00000035,SN-00000035,EXEC-000010,GIS-072-3150,MAT-00000035,BATCH-85778,Hitachi Energy,2026-01-05 09:01:00,SUCCESS
SCAN-00000036,SN-00000036,EXEC-000010,GIS-072-3150,MAT-00000036,BATCH-24485,Siemens Energy,2026-01-05 09:05:00,SUCCESS
SCAN-00000037,SN-00000037,EXEC-000010,GIS-072-3150,MAT-00000037,BATCH-73699,Schneider Electric,2026-01-05 09:01:00,SUCCESS
SCAN-00000038,SN-00000038,EXEC-000011,GIS-145-3150,MAT-00000038,BATCH-28911,Siemens Energy,2026-01-05 09:28:00,SUCCESS
SCAN-00000039,SN-00000039,EXEC-000011,GIS-145-3150,MAT-00000039,BATCH-81692,Schneider Electric,2026-01-05 09:26:00,SUCCESS
SCAN-00000040,SN-00000040,EXEC-000011,GIS-145-3150,MAT-00000040,BATCH-64645,ABB,2026-01-05 09:36:00,SUCCESS
SCAN-00000041,SN-00000041,EXEC-000012,GIS-170-4000,MAT-00000041,BATCH-63174,ABB,2026-01-05 09:41:00,SUCCESS
SCAN-00000042,SN-00000042,EXEC-000012,GIS-170-4000,MAT-00000042,BATCH-65264,Hitachi Energy,2026-01-05 09:50:00,SUCCESS
SCAN-00000043,SN-00000043,EXEC-000013,GIS-145-4000,MAT-00000043,BATCH-71555,Mitsubishi Electric,2026-01-05 10:15:00,SUCCESS
SCAN-00000044,SN-00000044,EXEC-000013,GIS-145-4000,MAT-00000044,BATCH-24977,Siemens Energy,2026-01-05 10:14:00,SUCCESS
SCAN-00000045,SN-00000045,EXEC-000013,GIS-145-4000,MAT-00000045,BATCH-79359,ABB,2026-01-05 10:34:00,SUCCESS
SCAN-00000046,SN-00000046,EXEC-000014,GIS-072-3150,MAT-00000046,BATCH-35841,Siemens Energy,2026-01-05 10:36:00,SUCCESS
SCAN-00000047,SN-00000047,EXEC-000014,GIS-072-3150,MAT-00000047,BATCH-34535,Hitachi Energy,2026-01-05 10:24:00,SUCCESS
SCAN-00000048,SN-00000048,EXEC-000014,GIS-072-3150,MAT-00000048,BATCH-38899,Hitachi Energy,2026-01-05 10:58:00,SUCCESS
SCAN-00000049,SN-00000049,EXEC-000014,GIS-072-3150,MAT-00000049,BATCH-49714,Mitsubishi Electric,2026-01-05 10:51:00,SUCCESS
SCAN-00000050,SN-00000050,EXEC-000014,GIS-072-3150,MAT-00000050,BATCH-79401,Schneider Electric,2026-01-05 10:28:00,SUCCESS
SCAN-00000051,SN-00000051,EXEC-000015,GIS-300-4000,MAT-00000051,BATCH-94092,Siemens Energy,2026-01-05 11:11:00,SUCCESS
SCAN-00000052,SN-00000052,EXEC-000016,GIS-072-2500,MAT-00000052,BATCH-30765,ABB,2026-01-05 11:40:00,SUCCESS
SCAN-00000053,SN-00000053,EXEC-000016,GIS-072-2500,MAT-00000053,BATCH-77704,Hitachi Energy,2026-01-05 11:08:00,SUCCESS
SCAN-00000054,SN-00000054,EXEC-000016,GIS-072-2500,MAT-00000054,BATCH-72079,ABB,2026-01-05 11:01:00,SUCCESS
SCAN-00000055,SN-00000055,EXEC-000017,GIS-550-5000,MAT-00000055,BATCH-25192,Mitsubishi Electric,2026-01-05 11:34:00,SUCCESS
SCAN-00000056,SN-00000056,EXEC-000018,GIS-300-4000,MAT-00000056,BATCH-11077,ABB,2026-01-05 11:49:00,SUCCESS
SCAN-00000057,SN-00000057,EXEC-000018,GIS-300-4000,MAT-00000057,BATCH-14195,ABB,2026-01-05 11:56:00,SUCCESS
SCAN-00000058,SN-00000058,EXEC-000019,GIS-245-3150,MAT-00000058,BATCH-51666,Mitsubishi Electric,2026-01-05 12:09:00,SUCCESS
SCAN-00000059,SN-00000059,EXEC-000019,GIS-245-3150,MAT-00000059,BATCH-84168,ABB,2026-01-05 12:04:00,SUCCESS
SCAN-00000060,SN-00000060,EXEC-000020,GIS-145-3150,MAT-00000060,BATCH-25041,ABB,2026-01-05 12:49:00,SUCCESS
SCAN-00000061,SN-00000061,EXEC-000020,GIS-145-3150,MAT-00000061,BATCH-45703,Siemens Energy,2026-01-05 12:33:00,SUCCESS
SCAN-00000062,SN-00000062,EXEC-000020,GIS-145-3150,MAT-00000062,BATCH-85845,Siemens Energy,2026-01-05 12:23:00,SUCCESS
SCAN-00000063,SN-00000063,EXEC-000020,GIS-145-3150,MAT-00000063,BATCH-13621,Schneider Electric,2026-01-05 12:46:00,SUCCESS
SCAN-00000064,SN-00000064,EXEC-000021,GIS-420-5000,MAT-00000064,BATCH-69518,Schneider Electric,2026-01-05 13:18:00,SUCCESS
SCAN-00000065,SN-00000065,EXEC-000022,GIS-072-3150,MAT-00000065,BATCH-83973,ABB,2026-01-05 13:26:00,SUCCESS
SCAN-00000066,SN-00000066,EXEC-000022,GIS-072-3150,MAT-00000066,BATCH-97506,Hitachi Energy,2026-01-05 13:00:00,SUCCESS
SCAN-00000067,SN-00000067,EXEC-000022,GIS-072-3150,MAT-00000067,BATCH-49160,Hitachi Energy,2026-01-05 13:17:00,SUCCESS
SCAN-00000068,SN-00000068,EXEC-000022,GIS-072-3150,MAT-00000068,BATCH-12739,Hitachi Energy,2026-01-05 13:08:00,SUCCESS
SCAN-00000069,SN-00000069,EXEC-000022,GIS-072-3150,MAT-00000069,BATCH-92227,Mitsubishi Electric,2026-01-05 13:28:00,SUCCESS
SCAN-00000070,SN-00000070,EXEC-000023,GIS-145-4000,MAT-00000070,BATCH-61835,ABB,2026-01-05 13:38:00,SUCCESS
SCAN-00000071,SN-00000071,EXEC-000023,GIS-145-4000,MAT-00000071,BATCH-15782,Siemens Energy,2026-01-05 13:30:00,SUCCESS
SCAN-00000072,SN-00000072,EXEC-000023,GIS-145-4000,MAT-00000072,BATCH-30377,ABB,2026-01-05 13:49:00,SUCCESS
SCAN-00000073,SN-00000073,EXEC-000024,GIS-245-3150,MAT-00000073,BATCH-14319,ABB,2026-01-06 06:25:00,SUCCESS
SCAN-00000074,SN-00000074,EXEC-000025,GIS-300-4000,MAT-00000074,BATCH-33149,Siemens Energy,2026-01-06 06:40:00,SUCCESS
SCAN-00000075,SN-00000075,EXEC-000026,GIS-072-2500,MAT-00000075,BATCH-36273,Siemens Energy,2026-01-06 07:16:00,SUCCESS
SCAN-00000076,SN-00000076,EXEC-000026,GIS-072-2500,MAT-00000076,BATCH-66737,Siemens Energy,2026-01-06 07:05:00,SUCCESS
SCAN-00000077,SN-00000077,EXEC-000026,GIS-072-2500,MAT-00000077,BATCH-62943,Schneider Electric,2026-01-06 06:57:00,SUCCESS
SCAN-00000078,SN-00000078,EXEC-000026,GIS-072-2500,MAT-00000078,BATCH-61484,ABB,2026-01-06 06:52:00,SUCCESS
SCAN-00000079,SN-00000079,EXEC-000027,GIS-072-2500,MAT-00000079,BATCH-98109,Hitachi Energy,2026-01-06 07:07:00,SUCCESS
SCAN-00000080,SN-00000080,EXEC-000027,GIS-072-2500,MAT-00000080,BATCH-64673,Schneider Electric,2026-01-06 07:36:00,SUCCESS
SCAN-00000081,SN-00000081,EXEC-000027,GIS-072-2500,MAT-00000081,BATCH-84225,Hitachi Energy,2026-01-06 07:32:00,SUCCESS
SCAN-00000082,SN-00000082,EXEC-000027,GIS-072-2500,MAT-00000082,BATCH-48429,Siemens Energy,2026-01-06 07:29:00,SUCCESS
SCAN-00000083,SN-00000083,EXEC-000027,GIS-072-2500,MAT-00000083,BATCH-20486,Hitachi Energy,2026-01-06 07:19:00,SUCCESS
SCAN-00000084,SN-00000084,EXEC-000028,GIS-145-3150,MAT-00000084,BATCH-29163,ABB,2026-01-06 07:57:00,SUCCESS
SCAN-00000085,SN-00000085,EXEC-000028,GIS-145-3150,MAT-00000085,BATCH-24824,Mitsubishi Electric,2026-01-06 07:24:00,SUCCESS
SCAN-00000086,SN-00000086,EXEC-000028,GIS-145-3150,MAT-00000086,BATCH-68047,Siemens Energy,2026-01-06 07:59:00,SUCCESS
SCAN-00000087,SN-00000087,EXEC-000028,GIS-145-3150,MAT-00000087,BATCH-54081,ABB,2026-01-06 07:31:00,SUCCESS
SCAN-00000088,SN-00000088,EXEC-000029,GIS-420-4000,MAT-00000088,BATCH-89758,Hitachi Energy,2026-01-06 08:03:00,SUCCESS
SCAN-00000089,SN-00000089,EXEC-000029,GIS-420-4000,MAT-00000089,BATCH-21497,Schneider Electric,2026-01-06 08:09:00,SUCCESS
SCAN-00000090,SN-00000090,EXEC-000030,GIS-072-2500,MAT-00000090,BATCH-57384,Hitachi Energy,2026-01-06 08:06:00,SUCCESS
SCAN-00000091,SN-00000091,EXEC-000030,GIS-072-2500,MAT-00000091,BATCH-84354,ABB,2026-01-06 08:31:00,SUCCESS
SCAN-00000092,SN-00000092,EXEC-000030,GIS-072-2500,MAT-00000092,BATCH-98351,Schneider Electric,2026-01-06 08:28:00,SUCCESS
SCAN-00000093,SN-00000093,EXEC-000030,GIS-072-2500,MAT-00000093,BATCH-92644,Mitsubishi Electric,2026-01-06 08:05:00,SUCCESS
SCAN-00000094,SN-00000094,EXEC-000030,GIS-072-2500,MAT-00000094,BATCH-96974,Hitachi Energy,2026-01-06 08:31:00,SUCCESS
SCAN-00000095,SN-00000095,EXEC-000031,GIS-072-3150,MAT-00000095,BATCH-48626,Hitachi Energy,2026-01-06 08:38:00,SUCCESS
SCAN-00000096,SN-00000096,EXEC-000031,GIS-072-3150,MAT-00000096,BATCH-13286,Hitachi Energy,2026-01-06 08:59:00,SUCCESS
SCAN-00000097,SN-00000097,EXEC-000031,GIS-072-3150,MAT-00000097,BATCH-72919,ABB,2026-01-06 08:20:00,SUCCESS
SCAN-00000098,SN-00000098,EXEC-000031,GIS-072-3150,MAT-00000098,BATCH-93046,Schneider Electric,2026-01-06 08:36:00,SUCCESS
SCAN-00000099,SN-00000099,EXEC-000031,GIS-072-3150,MAT-00000099,BATCH-77687,ABB,2026-01-06 08:28:00,SUCCESS
SCAN-00000100,SN-00000100,EXEC-000032,GIS-170-4000,MAT-00000100,BATCH-46402,Mitsubishi Electric,2026-01-06 08:56:00,SUCCESS
SCAN-00000101,SN-00000101,EXEC-000032,GIS-170-4000,MAT-00000101,BATCH-28208,Siemens Energy,2026-01-06 08:44:00,SUCCESS
SCAN-00000102,SN-00000102,EXEC-000032,GIS-170-4000,MAT-00000102,BATCH-43968,ABB,2026-01-06 09:13:00,SUCCESS
SCAN-00000103,SN-00000103,EXEC-000033,GIS-800-5000,MAT-00000103,BATCH-95698,ABB,2026-01-06 09:29:00,SUCCESS
SCAN-00000104,SN-00000104,EXEC-000034,GIS-072-2500,MAT-00000104,BATCH-82076,Mitsubishi Electric,2026-01-06 09:37:00,SUCCESS
SCAN-00000105,SN-00000105,EXEC-000034,GIS-072-2500,MAT-00000105,BATCH-86376,Schneider Electric,2026-01-06 09:27:00,SUCCESS
SCAN-00000106,SN-00000106,EXEC-000034,GIS-072-2500,MAT-00000106,BATCH-82822,ABB,2026-01-06 09:22:00,SUCCESS
SCAN-00000107,SN-00000107,EXEC-000035,GIS-072-3150,MAT-00000107,BATCH-49215,Hitachi Energy,2026-01-06 09:46:00,SUCCESS
SCAN-00000108,SN-00000108,EXEC-000035,GIS-072-3150,MAT-00000108,BATCH-82219,Hitachi Energy,2026-01-06 10:14:00,SUCCESS
SCAN-00000109,SN-00000109,EXEC-000035,GIS-072-3150,MAT-00000109,BATCH-94925,Hitachi Energy,2026-01-06 10:06:00,SUCCESS
SCAN-00000110,SN-00000110,EXEC-000036,GIS-145-3150,MAT-00000110,BATCH-57790,Schneider Electric,2026-01-06 10:16:00,SUCCESS
SCAN-00000111,SN-00000111,EXEC-000036,GIS-145-3150,MAT-00000111,BATCH-27518,Mitsubishi Electric,2026-01-06 10:04:00,SUCCESS
SCAN-00000112,SN-00000112,EXEC-000037,GIS-170-4000,MAT-00000112,BATCH-19159,Hitachi Energy,2026-01-06 10:46:00,SUCCESS
SCAN-00000113,SN-00000113,EXEC-000037,GIS-170-4000,MAT-00000113,BATCH-14896,Mitsubishi Electric,2026-01-06 10:51:00,SUCCESS
SCAN-00000114,SN-00000114,EXEC-000037,GIS-170-4000,MAT-00000114,BATCH-85337,Mitsubishi Electric,2026-01-06 10:37:00,SUCCESS
SCAN-00000115,SN-00000115,EXEC-000038,GIS-550-5000,MAT-00000115,BATCH-22345,Schneider Electric,2026-01-06 11:03:00,SUCCESS
SCAN-00000116,SN-00000116,EXEC-000039,GIS-072-2500,MAT-00000116,BATCH-84989,Mitsubishi Electric,2026-01-06 11:27:00,SUCCESS
SCAN-00000117,SN-00000117,EXEC-000039,GIS-072-2500,MAT-00000117,BATCH-98637,Mitsubishi Electric,2026-01-06 11:31:00,SUCCESS
SCAN-00000118,SN-00000118,EXEC-000039,GIS-072-2500,MAT-00000118,BATCH-64702,Mitsubishi Electric,2026-01-06 11:36:00,SUCCESS
SCAN-00000119,SN-00000119,EXEC-000039,GIS-072-2500,MAT-00000119,BATCH-76364,Siemens Energy,2026-01-06 11:27:00,SUCCESS
SCAN-00000120,SN-00000120,EXEC-000039,GIS-072-2500,MAT-00000120,BATCH-25844,Schneider Electric,2026-01-06 11:36:00,SUCCESS
SCAN-00000121,SN-00000121,EXEC-000040,GIS-420-4000,MAT-00000121,BATCH-53780,Hitachi Energy,2026-01-06 11:23:00,SUCCESS
SCAN-00000122,SN-00000122,EXEC-000040,GIS-420-4000,MAT-00000122,BATCH-42550,ABB,2026-01-06 11:23:00,SUCCESS
SCAN-00000123,SN-00000123,EXEC-000041,GIS-145-3150,MAT-00000123,BATCH-74741,ABB,2026-01-06 11:47:00,SUCCESS
SCAN-00000124,SN-00000124,EXEC-000041,GIS-145-3150,MAT-00000124,BATCH-78878,Siemens Energy,2026-01-06 12:07:00,SUCCESS
SCAN-00000125,SN-00000125,EXEC-000041,GIS-145-3150,MAT-00000125,BATCH-15971,ABB,2026-01-06 12:09:00,SUCCESS
SCAN-00000126,SN-00000126,EXEC-000042,GIS-145-4000,MAT-00000126,BATCH-50394,Siemens Energy,2026-01-06 12:40:00,SUCCESS
SCAN-00000127,SN-00000127,EXEC-000042,GIS-145-4000,MAT-00000127,BATCH-59704,Mitsubishi Electric,2026-01-06 12:26:00,SUCCESS
SCAN-00000128,SN-00000128,EXEC-000042,GIS-145-4000,MAT-00000128,BATCH-54494,ABB,2026-01-06 12:19:00,SUCCESS
SCAN-00000129,SN-00000129,EXEC-000042,GIS-145-4000,MAT-00000129,BATCH-89987,Siemens Energy,2026-01-06 12:08:00,SUCCESS
SCAN-00000130,SN-00000130,EXEC-000043,GIS-072-3150,MAT-00000130,BATCH-61397,ABB,2026-01-06 12:32:00,SUCCESS
SCAN-00000131,SN-00000131,EXEC-000043,GIS-072-3150,MAT-00000131,BATCH-33086,Mitsubishi Electric,2026-01-06 12:55:00,SUCCESS
SCAN-00000132,SN-00000132,EXEC-000043,GIS-072-3150,MAT-00000132,BATCH-65974,Mitsubishi Electric,2026-01-06 12:30:00,SUCCESS
SCAN-00000133,SN-00000133,EXEC-000043,GIS-072-3150,MAT-00000133,BATCH-42422,Mitsubishi Electric,2026-01-06 12:30:00,SUCCESS
SCAN-00000134,SN-00000134,EXEC-000043,GIS-072-3150,MAT-00000134,BATCH-49011,Siemens Energy,2026-01-06 12:29:00,SUCCESS
SCAN-00000135,SN-00000135,EXEC-000044,GIS-145-4000,MAT-00000135,BATCH-89714,ABB,2026-01-06 13:01:00,SUCCESS
SCAN-00000136,SN-00000136,EXEC-000044,GIS-145-4000,MAT-00000136,BATCH-94159,ABB,2026-01-06 13:03:00,SUCCESS
SCAN-00000137,SN-00000137,EXEC-000045,GIS-072-3150,MAT-00000137,BATCH-10353,Siemens Energy,2026-01-06 13:12:00,SUCCESS
SCAN-00000138,SN-00000138,EXEC-000045,GIS-072-3150,MAT-00000138,BATCH-67193,ABB,2026-01-06 13:16:00,SUCCESS
SCAN-00000139,SN-00000139,EXEC-000045,GIS-072-3150,MAT-00000139,BATCH-11346,Mitsubishi Electric,2026-01-06 13:10:00,SUCCESS
SCAN-00000140,SN-00000140,EXEC-000045,GIS-072-3150,MAT-00000140,BATCH-34771,Hitachi Energy,2026-01-06 13:40:00,SUCCESS
SCAN-00000141,SN-00000141,EXEC-000045,GIS-072-3150,MAT-00000141,BATCH-57380,ABB,2026-01-06 13:02:00,SUCCESS
SCAN-00000142,SN-00000142,EXEC-000046,GIS-072-3150,MAT-00000142,BATCH-90080,Mitsubishi Electric,2026-01-06 13:26:00,SUCCESS
SCAN-00000143,SN-00000143,EXEC-000046,GIS-072-3150,MAT-00000143,BATCH-84782,Siemens Energy,2026-01-06 13:35:00,SUCCESS
SCAN-00000144,SN-00000144,EXEC-000046,GIS-072-3150,MAT-00000144,BATCH-94042,ABB,2026-01-06 13:54:00,SUCCESS
SCAN-00000145,SN-00000145,EXEC-000046,GIS-072-3150,MAT-00000145,BATCH-39208,Siemens Energy,2026-01-06 13:44:00,SUCCESS
SCAN-00000146,SN-00000146,EXEC-000047,GIS-420-5000,MAT-00000146,BATCH-55021,Mitsubishi Electric,2026-01-07 06:18:00,SUCCESS
SCAN-00000147,SN-00000147,EXEC-000048,GIS-145-4000,MAT-00000147,BATCH-79318,Siemens Energy,2026-01-07 06:45:00,SUCCESS
SCAN-00000148,SN-00000148,EXEC-000048,GIS-145-4000,MAT-00000148,BATCH-98087,Schneider Electric,2026-01-07 06:59:00,SUCCESS
SCAN-00000149,SN-00000149,EXEC-000049,GIS-420-4000,MAT-00000149,BATCH-75372,ABB,2026-01-07 06:59:00,SUCCESS
SCAN-00000150,SN-00000150,EXEC-000049,GIS-420-4000,MAT-00000150,BATCH-22689,Siemens Energy,2026-01-07 06:50:00,SUCCESS
SCAN-00000151,SN-00000151,EXEC-000050,GIS-072-3150,MAT-00000151,BATCH-24461,Siemens Energy,2026-01-07 07:32:00,SUCCESS
SCAN-00000152,SN-00000152,EXEC-000050,GIS-072-3150,MAT-00000152,BATCH-60737,Schneider Electric,2026-01-07 07:40:00,SUCCESS
SCAN-00000153,SN-00000153,EXEC-000050,GIS-072-3150,MAT-00000153,BATCH-13225,Hitachi Energy,2026-01-07 07:24:00,SUCCESS
SCAN-00000154,SN-00000154,EXEC-000050,GIS-072-3150,MAT-00000154,BATCH-30504,ABB,2026-01-07 07:31:00,SUCCESS
SCAN-00000155,SN-00000155,EXEC-000050,GIS-072-3150,MAT-00000155,BATCH-24251,Hitachi Energy,2026-01-07 07:21:00,SUCCESS
SCAN-00000156,SN-00000156,EXEC-000051,GIS-072-2500,MAT-00000156,BATCH-83087,Schneider Electric,2026-01-07 07:44:00,SUCCESS
SCAN-00000157,SN-00000157,EXEC-000051,GIS-072-2500,MAT-00000157,BATCH-64311,Siemens Energy,2026-01-07 07:27:00,SUCCESS
SCAN-00000158,SN-00000158,EXEC-000051,GIS-072-2500,MAT-00000158,BATCH-56283,Hitachi Energy,2026-01-07 07:40:00,SUCCESS
SCAN-00000159,SN-00000159,EXEC-000051,GIS-072-2500,MAT-00000159,BATCH-42571,Schneider Electric,2026-01-07 07:35:00,SUCCESS
SCAN-00000160,SN-00000160,EXEC-000052,GIS-550-5000,MAT-00000160,BATCH-72878,Hitachi Energy,2026-01-07 08:09:00,SUCCESS
SCAN-00000161,SN-00000161,EXEC-000053,GIS-072-2500,MAT-00000161,BATCH-10517,Hitachi Energy,2026-01-07 08:25:00,SUCCESS
SCAN-00000162,SN-00000162,EXEC-000053,GIS-072-2500,MAT-00000162,BATCH-41347,Hitachi Energy,2026-01-07 08:27:00,SUCCESS
SCAN-00000163,SN-00000163,EXEC-000053,GIS-072-2500,MAT-00000163,BATCH-87569,ABB,2026-01-07 08:12:00,SUCCESS
SCAN-00000164,SN-00000164,EXEC-000053,GIS-072-2500,MAT-00000164,BATCH-52729,ABB,2026-01-07 08:28:00,SUCCESS
SCAN-00000165,SN-00000165,EXEC-000053,GIS-072-2500,MAT-00000165,BATCH-79935,Hitachi Energy,2026-01-07 08:37:00,SUCCESS
SCAN-00000166,SN-00000166,EXEC-000054,GIS-145-4000,MAT-00000166,BATCH-73985,Hitachi Energy,2026-01-07 08:45:00,SUCCESS
SCAN-00000167,SN-00000167,EXEC-000054,GIS-145-4000,MAT-00000167,BATCH-36932,Hitachi Energy,2026-01-07 08:54:00,SUCCESS
SCAN-00000168,SN-00000168,EXEC-000054,GIS-145-4000,MAT-00000168,BATCH-54346,Hitachi Energy,2026-01-07 08:54:00,SUCCESS
SCAN-00000169,SN-00000169,EXEC-000055,GIS-170-4000,MAT-00000169,BATCH-59086,Schneider Electric,2026-01-07 09:13:00,SUCCESS
SCAN-00000170,SN-00000170,EXEC-000055,GIS-170-4000,MAT-00000170,BATCH-36522,Siemens Energy,2026-01-07 09:05:00,SUCCESS
SCAN-00000171,SN-00000171,EXEC-000056,GIS-245-4000,MAT-00000171,BATCH-80493,Mitsubishi Electric,2026-01-07 09:11:00,SUCCESS
SCAN-00000172,SN-00000172,EXEC-000056,GIS-245-4000,MAT-00000172,BATCH-55902,Siemens Energy,2026-01-07 09:13:00,SUCCESS
SCAN-00000173,SN-00000173,EXEC-000056,GIS-245-4000,MAT-00000173,BATCH-63575,Schneider Electric,2026-01-07 09:33:00,SUCCESS
SCAN-00000174,SN-00000174,EXEC-000057,GIS-145-3150,MAT-00000174,BATCH-45150,Schneider Electric,2026-01-07 09:55:00,SUCCESS
SCAN-00000175,SN-00000175,EXEC-000057,GIS-145-3150,MAT-00000175,BATCH-90799,ABB,2026-01-07 09:24:00,SUCCESS
SCAN-00000176,SN-00000176,EXEC-000057,GIS-145-3150,MAT-00000176,BATCH-70322,Schneider Electric,2026-01-07 09:47:00,SUCCESS
SCAN-00000177,SN-00000177,EXEC-000057,GIS-145-3150,MAT-00000177,BATCH-27835,ABB,2026-01-07 09:57:00,SUCCESS
SCAN-00000178,SN-00000178,EXEC-000058,GIS-145-3150,MAT-00000178,BATCH-60985,Schneider Electric,2026-01-07 09:41:00,SUCCESS
SCAN-00000179,SN-00000179,EXEC-000058,GIS-145-3150,MAT-00000179,BATCH-84944,ABB,2026-01-07 10:07:00,SUCCESS
SCAN-00000180,SN-00000180,EXEC-000058,GIS-145-3150,MAT-00000180,BATCH-96985,Siemens Energy,2026-01-07 10:00:00,SUCCESS
SCAN-00000181,SN-00000181,EXEC-000058,GIS-145-3150,MAT-00000181,BATCH-14463,Siemens Energy,2026-01-07 10:04:00,SUCCESS
SCAN-00000182,SN-00000182,EXEC-000059,GIS-072-3150,MAT-00000182,BATCH-94899,Mitsubishi Electric,2026-01-07 10:39:00,SUCCESS
SCAN-00000183,SN-00000183,EXEC-000059,GIS-072-3150,MAT-00000183,BATCH-76162,Siemens Energy,2026-01-07 10:38:00,SUCCESS
SCAN-00000184,SN-00000184,EXEC-000059,GIS-072-3150,MAT-00000184,BATCH-35312,Schneider Electric,2026-01-07 10:28:00,SUCCESS
SCAN-00000185,SN-00000185,EXEC-000060,GIS-170-4000,MAT-00000185,BATCH-42473,Siemens Energy,2026-01-07 10:28:00,SUCCESS
SCAN-00000186,SN-00000186,EXEC-000060,GIS-170-4000,MAT-00000186,BATCH-86983,ABB,2026-01-07 11:00:00,SUCCESS
SCAN-00000187,SN-00000187,EXEC-000061,GIS-072-2500,MAT-00000187,BATCH-52499,ABB,2026-01-07 11:08:00,SUCCESS
SCAN-00000188,SN-00000188,EXEC-000061,GIS-072-2500,MAT-00000188,BATCH-26516,Mitsubishi Electric,2026-01-07 10:49:00,SUCCESS
SCAN-00000189,SN-00000189,EXEC-000061,GIS-072-2500,MAT-00000189,BATCH-86512,Hitachi Energy,2026-01-07 10:42:00,SUCCESS
SCAN-00000190,SN-00000190,EXEC-000061,GIS-072-2500,MAT-00000190,BATCH-91556,Siemens Energy,2026-01-07 10:49:00,SUCCESS
SCAN-00000191,SN-00000191,EXEC-000061,GIS-072-2500,MAT-00000191,BATCH-34281,Siemens Energy,2026-01-07 11:10:00,SUCCESS
SCAN-00000192,SN-00000192,EXEC-000062,GIS-072-3150,MAT-00000192,BATCH-61680,ABB,2026-01-07 11:23:00,SUCCESS
SCAN-00000193,SN-00000193,EXEC-000062,GIS-072-3150,MAT-00000193,BATCH-37838,Hitachi Energy,2026-01-07 11:06:00,SUCCESS
SCAN-00000194,SN-00000194,EXEC-000062,GIS-072-3150,MAT-00000194,BATCH-92036,ABB,2026-01-07 11:28:00,SUCCESS
SCAN-00000195,SN-00000195,EXEC-000063,GIS-072-2500,MAT-00000195,BATCH-80689,Hitachi Energy,2026-01-07 11:52:00,SUCCESS
SCAN-00000196,SN-00000196,EXEC-000063,GIS-072-2500,MAT-00000196,BATCH-44823,Hitachi Energy,2026-01-07 11:21:00,SUCCESS
SCAN-00000197,SN-00000197,EXEC-000063,GIS-072-2500,MAT-00000197,BATCH-87563,ABB,2026-01-07 11:22:00,SUCCESS
SCAN-00000198,SN-00000198,EXEC-000064,GIS-145-4000,MAT-00000198,BATCH-32535,Mitsubishi Electric,2026-01-07 12:14:00,SUCCESS
SCAN-00000199,SN-00000199,EXEC-000064,GIS-145-4000,MAT-00000199,BATCH-28750,ABB,2026-01-07 12:14:00,SUCCESS
SCAN-00000200,SN-00000200,EXEC-000064,GIS-145-4000,MAT-00000200,BATCH-27653,Siemens Energy,2026-01-07 11:49:00,SUCCESS
SCAN-00000201,SN-00000201,EXEC-000064,GIS-145-4000,MAT-00000201,BATCH-45787,Schneider Electric,2026-01-07 12:06:00,SUCCESS
SCAN-00000202,SN-00000202,EXEC-000065,GIS-420-5000,MAT-00000202,BATCH-26621,Hitachi Energy,2026-01-07 12:36:00,SUCCESS
SCAN-00000203,SN-00000203,EXEC-000065,GIS-420-5000,MAT-00000203,BATCH-72662,Schneider Electric,2026-01-07 12:01:00,SUCCESS
SCAN-00000204,SN-00000204,EXEC-000066,GIS-145-4000,MAT-00000204,BATCH-69287,ABB,2026-01-07 12:46:00,SUCCESS
SCAN-00000205,SN-00000205,EXEC-000066,GIS-145-4000,MAT-00000205,BATCH-45174,Hitachi Energy,2026-01-07 12:55:00,SUCCESS
SCAN-00000206,SN-00000206,EXEC-000066,GIS-145-4000,MAT-00000206,BATCH-54596,Mitsubishi Electric,2026-01-07 12:28:00,SUCCESS
SCAN-00000207,SN-00000207,EXEC-000067,GIS-072-2500,MAT-00000207,BATCH-97585,Hitachi Energy,2026-01-07 13:02:00,SUCCESS
SCAN-00000208,SN-00000208,EXEC-000067,GIS-072-2500,MAT-00000208,BATCH-10594,ABB,2026-01-07 13:07:00,SUCCESS
SCAN-00000209,SN-00000209,EXEC-000067,GIS-072-2500,MAT-00000209,BATCH-19310,Siemens Energy,2026-01-07 12:59:00,SUCCESS
SCAN-00000210,SN-00000210,EXEC-000067,GIS-072-2500,MAT-00000210,BATCH-53779,ABB,2026-01-07 13:04:00,SUCCESS
SCAN-00000211,SN-00000211,EXEC-000068,GIS-145-3150,MAT-00000211,BATCH-41856,Hitachi Energy,2026-01-07 13:15:00,SUCCESS
SCAN-00000212,SN-00000212,EXEC-000068,GIS-145-3150,MAT-00000212,BATCH-18140,Siemens Energy,2026-01-07 13:08:00,SUCCESS
SCAN-00000213,SN-00000213,EXEC-000068,GIS-145-3150,MAT-00000213,BATCH-80681,ABB,2026-01-07 13:34:00,SUCCESS
SCAN-00000214,SN-00000214,EXEC-000068,GIS-145-3150,MAT-00000214,BATCH-66700,Hitachi Energy,2026-01-07 13:35:00,SUCCESS
SCAN-00000215,SN-00000215,EXEC-000069,GIS-550-5000,MAT-00000215,BATCH-99480,Hitachi Energy,2026-01-08 06:22:00,SUCCESS
SCAN-00000216,SN-00000216,EXEC-000070,GIS-145-3150,MAT-00000216,BATCH-30842,Siemens Energy,2026-01-08 06:58:00,SUCCESS
SCAN-00000217,SN-00000217,EXEC-000070,GIS-145-3150,MAT-00000217,BATCH-39828,Mitsubishi Electric,2026-01-08 07:00:00,SUCCESS
SCAN-00000218,SN-00000218,EXEC-000070,GIS-145-3150,MAT-00000218,BATCH-14006,ABB,2026-01-08 06:26:00,SUCCESS
SCAN-00000219,SN-00000219,EXEC-000071,GIS-072-2500,MAT-00000219,BATCH-13230,ABB,2026-01-08 07:11:00,SUCCESS
SCAN-00000220,SN-00000220,EXEC-000071,GIS-072-2500,MAT-00000220,BATCH-13400,Mitsubishi Electric,2026-01-08 06:55:00,SUCCESS
SCAN-00000221,SN-00000221,EXEC-000071,GIS-072-2500,MAT-00000221,BATCH-17773,Siemens Energy,2026-01-08 06:57:00,SUCCESS
SCAN-00000222,SN-00000222,EXEC-000072,GIS-145-3150,MAT-00000222,BATCH-49210,Schneider Electric,2026-01-08 07:20:00,SUCCESS
SCAN-00000223,SN-00000223,EXEC-000072,GIS-145-3150,MAT-00000223,BATCH-38437,Schneider Electric,2026-01-08 07:31:00,SUCCESS
SCAN-00000224,SN-00000224,EXEC-000072,GIS-145-3150,MAT-00000224,BATCH-85790,Schneider Electric,2026-01-08 07:01:00,SUCCESS
SCAN-00000225,SN-00000225,EXEC-000073,GIS-145-4000,MAT-00000225,BATCH-16769,Mitsubishi Electric,2026-01-08 07:22:00,SUCCESS
SCAN-00000226,SN-00000226,EXEC-000073,GIS-145-4000,MAT-00000226,BATCH-67941,Siemens Energy,2026-01-08 07:34:00,SUCCESS
SCAN-00000227,SN-00000227,EXEC-000074,GIS-300-4000,MAT-00000227,BATCH-93540,Schneider Electric,2026-01-08 08:18:00,SUCCESS
SCAN-00000228,SN-00000228,EXEC-000075,GIS-800-5000,MAT-00000228,BATCH-61203,ABB,2026-01-08 08:28:00,SUCCESS
SCAN-00000229,SN-00000229,EXEC-000076,GIS-550-5000,MAT-00000229,BATCH-88311,Schneider Electric,2026-01-08 08:33:00,SUCCESS
SCAN-00000230,SN-00000230,EXEC-000077,GIS-300-4000,MAT-00000230,BATCH-55614,Schneider Electric,2026-01-08 08:48:00,SUCCESS
SCAN-00000231,SN-00000231,EXEC-000078,GIS-145-4000,MAT-00000231,BATCH-97183,ABB,2026-01-08 09:31:00,SUCCESS
SCAN-00000232,SN-00000232,EXEC-000078,GIS-145-4000,MAT-00000232,BATCH-24157,Siemens Energy,2026-01-08 09:26:00,SUCCESS
SCAN-00000233,SN-00000233,EXEC-000078,GIS-145-4000,MAT-00000233,BATCH-90617,Schneider Electric,2026-01-08 09:00:00,SUCCESS
SCAN-00000234,SN-00000234,EXEC-000079,GIS-072-3150,MAT-00000234,BATCH-54428,Siemens Energy,2026-01-08 09:39:00,SUCCESS
SCAN-00000235,SN-00000235,EXEC-000079,GIS-072-3150,MAT-00000235,BATCH-86228,Hitachi Energy,2026-01-08 09:55:00,SUCCESS
SCAN-00000236,SN-00000236,EXEC-000079,GIS-072-3150,MAT-00000236,BATCH-23994,Hitachi Energy,2026-01-08 09:20:00,SUCCESS
SCAN-00000237,SN-00000237,EXEC-000080,GIS-072-3150,MAT-00000237,BATCH-49422,Mitsubishi Electric,2026-01-08 09:43:00,SUCCESS
SCAN-00000238,SN-00000238,EXEC-000080,GIS-072-3150,MAT-00000238,BATCH-34992,Mitsubishi Electric,2026-01-08 09:48:00,SUCCESS
SCAN-00000239,SN-00000239,EXEC-000080,GIS-072-3150,MAT-00000239,BATCH-97357,Mitsubishi Electric,2026-01-08 09:49:00,SUCCESS
SCAN-00000240,SN-00000240,EXEC-000080,GIS-072-3150,MAT-00000240,BATCH-53859,Siemens Energy,2026-01-08 09:52:00,SUCCESS
SCAN-00000241,SN-00000241,EXEC-000081,GIS-245-3150,MAT-00000241,BATCH-74249,Mitsubishi Electric,2026-01-08 10:16:00,SUCCESS
SCAN-00000242,SN-00000242,EXEC-000081,GIS-245-3150,MAT-00000242,BATCH-44577,Siemens Energy,2026-01-08 10:21:00,SUCCESS
SCAN-00000243,SN-00000243,EXEC-000081,GIS-245-3150,MAT-00000243,BATCH-83109,ABB,2026-01-08 10:24:00,SUCCESS
SCAN-00000244,SN-00000244,EXEC-000082,GIS-170-4000,MAT-00000244,BATCH-78851,Hitachi Energy,2026-01-08 10:20:00,SUCCESS
SCAN-00000245,SN-00000245,EXEC-000082,GIS-170-4000,MAT-00000245,BATCH-44137,Mitsubishi Electric,2026-01-08 10:36:00,SUCCESS
SCAN-00000246,SN-00000246,EXEC-000082,GIS-170-4000,MAT-00000246,BATCH-14072,Siemens Energy,2026-01-08 10:49:00,SUCCESS
SCAN-00000247,SN-00000247,EXEC-000083,GIS-072-3150,MAT-00000247,BATCH-10730,Siemens Energy,2026-01-08 10:48:00,SUCCESS
SCAN-00000248,SN-00000248,EXEC-000083,GIS-072-3150,MAT-00000248,BATCH-21576,Siemens Energy,2026-01-08 10:59:00,SUCCESS
SCAN-00000249,SN-00000249,EXEC-000083,GIS-072-3150,MAT-00000249,BATCH-42426,Hitachi Energy,2026-01-08 10:50:00,SUCCESS
SCAN-00000250,SN-00000250,EXEC-000084,GIS-145-4000,MAT-00000250,BATCH-90290,ABB,2026-01-08 11:10:00,SUCCESS
SCAN-00000251,SN-00000251,EXEC-000084,GIS-145-4000,MAT-00000251,BATCH-92438,Mitsubishi Electric,2026-01-08 11:21:00,SUCCESS
SCAN-00000252,SN-00000252,EXEC-000084,GIS-145-4000,MAT-00000252,BATCH-10627,Mitsubishi Electric,2026-01-08 11:06:00,SUCCESS
SCAN-00000253,SN-00000253,EXEC-000084,GIS-145-4000,MAT-00000253,BATCH-74436,ABB,2026-01-08 11:34:00,SUCCESS
SCAN-00000254,SN-00000254,EXEC-000085,GIS-072-2500,MAT-00000254,BATCH-42941,Siemens Energy,2026-01-08 12:00:00,SUCCESS
SCAN-00000255,SN-00000255,EXEC-000085,GIS-072-2500,MAT-00000255,BATCH-42903,ABB,2026-01-08 11:22:00,SUCCESS
SCAN-00000256,SN-00000256,EXEC-000085,GIS-072-2500,MAT-00000256,BATCH-68033,Siemens Energy,2026-01-08 11:21:00,SUCCESS
SCAN-00000257,SN-00000257,EXEC-000085,GIS-072-2500,MAT-00000257,BATCH-24498,Schneider Electric,2026-01-08 12:00:00,SUCCESS
SCAN-00000258,SN-00000258,EXEC-000086,GIS-300-4000,MAT-00000258,BATCH-87845,Hitachi Energy,2026-01-08 11:42:00,SUCCESS
SCAN-00000259,SN-00000259,EXEC-000087,GIS-145-4000,MAT-00000259,BATCH-90516,Mitsubishi Electric,2026-01-08 12:20:00,SUCCESS
SCAN-00000260,SN-00000260,EXEC-000087,GIS-145-4000,MAT-00000260,BATCH-97099,ABB,2026-01-08 12:06:00,SUCCESS
SCAN-00000261,SN-00000261,EXEC-000088,GIS-072-2500,MAT-00000261,BATCH-80498,ABB,2026-01-08 12:46:00,SUCCESS
SCAN-00000262,SN-00000262,EXEC-000088,GIS-072-2500,MAT-00000262,BATCH-68071,Hitachi Energy,2026-01-08 12:55:00,SUCCESS
SCAN-00000263,SN-00000263,EXEC-000088,GIS-072-2500,MAT-00000263,BATCH-12340,Siemens Energy,2026-01-08 12:36:00,SUCCESS
SCAN-00000264,SN-00000264,EXEC-000089,GIS-420-5000,MAT-00000264,BATCH-32319,Siemens Energy,2026-01-08 12:53:00,SUCCESS
SCAN-00000265,SN-00000265,EXEC-000090,GIS-072-2500,MAT-00000265,BATCH-24023,Hitachi Energy,2026-01-08 13:20:00,SUCCESS
SCAN-00000266,SN-00000266,EXEC-000090,GIS-072-2500,MAT-00000266,BATCH-95855,Schneider Electric,2026-01-08 13:36:00,SUCCESS
SCAN-00000267,SN-00000267,EXEC-000090,GIS-072-2500,MAT-00000267,BATCH-79419,ABB,2026-01-08 13:12:00,SUCCESS
SCAN-00000268,SN-00000268,EXEC-000091,GIS-170-4000,MAT-00000268,BATCH-79012,Siemens Energy,2026-01-08 13:43:00,SUCCESS
SCAN-00000269,SN-00000269,EXEC-000091,GIS-170-4000,MAT-00000269,BATCH-82852,Mitsubishi Electric,2026-01-08 13:52:00,SUCCESS
SCAN-00000270,SN-00000270,EXEC-000091,GIS-170-4000,MAT-00000270,BATCH-68782,ABB,2026-01-08 13:30:00,SUCCESS
SCAN-00000271,SN-00000271,EXEC-000092,GIS-245-3150,MAT-00000271,BATCH-44512,Mitsubishi Electric,2026-01-09 06:07:00,SUCCESS
SCAN-00000272,SN-00000272,EXEC-000092,GIS-245-3150,MAT-00000272,BATCH-14152,Hitachi Energy,2026-01-09 06:26:00,SUCCESS
SCAN-00000273,SN-00000273,EXEC-000093,GIS-145-3150,MAT-00000273,BATCH-56003,Hitachi Energy,2026-01-09 06:21:00,SUCCESS
SCAN-00000274,SN-00000274,EXEC-000093,GIS-145-3150,MAT-00000274,BATCH-36741,ABB,2026-01-09 06:26:00,SUCCESS
SCAN-00000275,SN-00000275,EXEC-000093,GIS-145-3150,MAT-00000275,BATCH-18169,ABB,2026-01-09 06:36:00,SUCCESS
SCAN-00000276,SN-00000276,EXEC-000093,GIS-145-3150,MAT-00000276,BATCH-19100,ABB,2026-01-09 06:53:00,SUCCESS
SCAN-00000277,SN-00000277,EXEC-000094,GIS-145-4000,MAT-00000277,BATCH-39234,Hitachi Energy,2026-01-09 07:01:00,SUCCESS
SCAN-00000278,SN-00000278,EXEC-000094,GIS-145-4000,MAT-00000278,BATCH-69155,ABB,2026-01-09 06:49:00,SUCCESS
SCAN-00000279,SN-00000279,EXEC-000095,GIS-170-4000,MAT-00000279,BATCH-20676,Schneider Electric,2026-01-09 07:14:00,SUCCESS
SCAN-00000280,SN-00000280,EXEC-000095,GIS-170-4000,MAT-00000280,BATCH-73973,Siemens Energy,2026-01-09 07:03:00,SUCCESS
SCAN-00000281,SN-00000281,EXEC-000096,GIS-072-3150,MAT-00000281,BATCH-77798,Siemens Energy,2026-01-09 07:53:00,SUCCESS
SCAN-00000282,SN-00000282,EXEC-000096,GIS-072-3150,MAT-00000282,BATCH-64631,Schneider Electric,2026-01-09 07:35:00,SUCCESS
SCAN-00000283,SN-00000283,EXEC-000096,GIS-072-3150,MAT-00000283,BATCH-41232,Schneider Electric,2026-01-09 07:33:00,SUCCESS
SCAN-00000284,SN-00000284,EXEC-000096,GIS-072-3150,MAT-00000284,BATCH-30339,Hitachi Energy,2026-01-09 07:40:00,SUCCESS
SCAN-00000285,SN-00000285,EXEC-000097,GIS-145-3150,MAT-00000285,BATCH-47202,Schneider Electric,2026-01-09 08:15:00,SUCCESS
SCAN-00000286,SN-00000286,EXEC-000097,GIS-145-3150,MAT-00000286,BATCH-71178,Mitsubishi Electric,2026-01-09 07:58:00,SUCCESS
SCAN-00000287,SN-00000287,EXEC-000098,GIS-145-3150,MAT-00000287,BATCH-55117,Hitachi Energy,2026-01-09 08:11:00,SUCCESS
SCAN-00000288,SN-00000288,EXEC-000098,GIS-145-3150,MAT-00000288,BATCH-62185,ABB,2026-01-09 08:07:00,SUCCESS
SCAN-00000289,SN-00000289,EXEC-000099,GIS-145-4000,MAT-00000289,BATCH-11683,Schneider Electric,2026-01-09 08:54:00,SUCCESS
SCAN-00000290,SN-00000290,EXEC-000099,GIS-145-4000,MAT-00000290,BATCH-72603,Hitachi Energy,2026-01-09 08:48:00,SUCCESS
SCAN-00000291,SN-00000291,EXEC-000099,GIS-145-4000,MAT-00000291,BATCH-39168,ABB,2026-01-09 08:51:00,SUCCESS
SCAN-00000292,SN-00000292,EXEC-000100,GIS-550-5000,MAT-00000292,BATCH-83510,Mitsubishi Electric,2026-01-09 08:40:00,SUCCESS
SCAN-00000293,SN-00000293,EXEC-000101,GIS-072-2500,MAT-00000293,BATCH-97519,Mitsubishi Electric,2026-01-09 09:33:00,SUCCESS
SCAN-00000294,SN-00000294,EXEC-000101,GIS-072-2500,MAT-00000294,BATCH-39867,Siemens Energy,2026-01-09 09:07:00,SUCCESS
SCAN-00000295,SN-00000295,EXEC-000101,GIS-072-2500,MAT-00000295,BATCH-51637,Siemens Energy,2026-01-09 09:26:00,SUCCESS
SCAN-00000296,SN-00000296,EXEC-000101,GIS-072-2500,MAT-00000296,BATCH-71051,Hitachi Energy,2026-01-09 09:21:00,SUCCESS
SCAN-00000297,SN-00000297,EXEC-000101,GIS-072-2500,MAT-00000297,BATCH-42956,Hitachi Energy,2026-01-09 09:35:00,SUCCESS
SCAN-00000298,SN-00000298,EXEC-000102,GIS-245-3150,MAT-00000298,BATCH-15036,Mitsubishi Electric,2026-01-09 09:35:00,SUCCESS
SCAN-00000299,SN-00000299,EXEC-000103,GIS-420-4000,MAT-00000299,BATCH-38219,Hitachi Energy,2026-01-09 10:16:00,SUCCESS
SCAN-00000300,SN-00000300,EXEC-000104,GIS-170-4000,MAT-00000300,BATCH-25982,Siemens Energy,2026-01-09 10:08:00,SUCCESS
SCAN-00000301,SN-00000301,EXEC-000104,GIS-170-4000,MAT-00000301,BATCH-50828,Mitsubishi Electric,2026-01-09 10:12:00,SUCCESS
SCAN-00000302,SN-00000302,EXEC-000104,GIS-170-4000,MAT-00000302,BATCH-31434,Schneider Electric,2026-01-09 10:06:00,SUCCESS
SCAN-00000303,SN-00000303,EXEC-000105,GIS-245-3150,MAT-00000303,BATCH-86770,Schneider Electric,2026-01-09 10:54:00,SUCCESS
SCAN-00000304,SN-00000304,EXEC-000105,GIS-245-3150,MAT-00000304,BATCH-73258,Siemens Energy,2026-01-09 10:40:00,SUCCESS
SCAN-00000305,SN-00000305,EXEC-000106,GIS-072-3150,MAT-00000305,BATCH-95562,Siemens Energy,2026-01-09 11:03:00,SUCCESS
SCAN-00000306,SN-00000306,EXEC-000106,GIS-072-3150,MAT-00000306,BATCH-71281,ABB,2026-01-09 10:52:00,SUCCESS
SCAN-00000307,SN-00000307,EXEC-000106,GIS-072-3150,MAT-00000307,BATCH-88511,Siemens Energy,2026-01-09 11:09:00,SUCCESS
SCAN-00000308,SN-00000308,EXEC-000107,GIS-145-3150,MAT-00000308,BATCH-76278,Hitachi Energy,2026-01-09 11:32:00,SUCCESS
SCAN-00000309,SN-00000309,EXEC-000107,GIS-145-3150,MAT-00000309,BATCH-13908,Hitachi Energy,2026-01-09 11:01:00,SUCCESS
SCAN-00000310,SN-00000310,EXEC-000107,GIS-145-3150,MAT-00000310,BATCH-76056,ABB,2026-01-09 11:26:00,SUCCESS
SCAN-00000311,SN-00000311,EXEC-000108,GIS-145-3150,MAT-00000311,BATCH-28384,Schneider Electric,2026-01-09 11:38:00,SUCCESS
SCAN-00000312,SN-00000312,EXEC-000108,GIS-145-3150,MAT-00000312,BATCH-73768,Hitachi Energy,2026-01-09 11:46:00,SUCCESS
SCAN-00000313,SN-00000313,EXEC-000109,GIS-072-3150,MAT-00000313,BATCH-83766,Siemens Energy,2026-01-09 12:20:00,SUCCESS
SCAN-00000314,SN-00000314,EXEC-000109,GIS-072-3150,MAT-00000314,BATCH-45081,Hitachi Energy,2026-01-09 12:02:00,SUCCESS
SCAN-00000315,SN-00000315,EXEC-000109,GIS-072-3150,MAT-00000315,BATCH-57561,Mitsubishi Electric,2026-01-09 12:17:00,SUCCESS
SCAN-00000316,SN-00000316,EXEC-000109,GIS-072-3150,MAT-00000316,BATCH-37015,Schneider Electric,2026-01-09 11:40:00,SUCCESS
SCAN-00000317,SN-00000317,EXEC-000109,GIS-072-3150,MAT-00000317,BATCH-61252,Mitsubishi Electric,2026-01-09 11:58:00,SUCCESS
SCAN-00000318,SN-00000318,EXEC-000110,GIS-245-3150,MAT-00000318,BATCH-75485,Hitachi Energy,2026-01-09 12:23:00,SUCCESS
SCAN-00000319,SN-00000319,EXEC-000110,GIS-245-3150,MAT-00000319,BATCH-76409,Hitachi Energy,2026-01-09 12:37:00,SUCCESS
SCAN-00000320,SN-00000320,EXEC-000110,GIS-245-3150,MAT-00000320,BATCH-50956,Schneider Electric,2026-01-09 12:22:00,SUCCESS
SCAN-00000321,SN-00000321,EXEC-000111,GIS-420-5000,MAT-00000321,BATCH-55322,ABB,2026-01-10 06:35:00,SUCCESS
SCAN-00000322,SN-00000322,EXEC-000112,GIS-300-4000,MAT-00000322,BATCH-94491,Mitsubishi Electric,2026-01-10 06:45:00,SUCCESS
SCAN-00000323,SN-00000323,EXEC-000113,GIS-072-2500,MAT-00000323,BATCH-60673,Hitachi Energy,2026-01-10 07:07:00,SUCCESS
SCAN-00000324,SN-00000324,EXEC-000113,GIS-072-2500,MAT-00000324,BATCH-34673,Schneider Electric,2026-01-10 07:15:00,SUCCESS
SCAN-00000325,SN-00000325,EXEC-000113,GIS-072-2500,MAT-00000325,BATCH-62725,Mitsubishi Electric,2026-01-10 06:40:00,SUCCESS
SCAN-00000326,SN-00000326,EXEC-000113,GIS-072-2500,MAT-00000326,BATCH-97797,Hitachi Energy,2026-01-10 06:43:00,SUCCESS
SCAN-00000327,SN-00000327,EXEC-000114,GIS-245-4000,MAT-00000327,BATCH-75391,Siemens Energy,2026-01-10 07:16:00,SUCCESS
SCAN-00000328,SN-00000328,EXEC-000115,GIS-072-3150,MAT-00000328,BATCH-26847,Hitachi Energy,2026-01-10 07:24:00,SUCCESS
SCAN-00000329,SN-00000329,EXEC-000115,GIS-072-3150,MAT-00000329,BATCH-77814,ABB,2026-01-10 07:42:00,SUCCESS
SCAN-00000330,SN-00000330,EXEC-000115,GIS-072-3150,MAT-00000330,BATCH-73785,Siemens Energy,2026-01-10 07:52:00,SUCCESS
SCAN-00000331,SN-00000331,EXEC-000116,GIS-145-3150,MAT-00000331,BATCH-61601,Mitsubishi Electric,2026-01-10 08:15:00,SUCCESS
SCAN-00000332,SN-00000332,EXEC-000116,GIS-145-3150,MAT-00000332,BATCH-81583,Schneider Electric,2026-01-10 08:01:00,SUCCESS
SCAN-00000333,SN-00000333,EXEC-000116,GIS-145-3150,MAT-00000333,BATCH-76238,Siemens Energy,2026-01-10 08:20:00,SUCCESS
SCAN-00000334,SN-00000334,EXEC-000116,GIS-145-3150,MAT-00000334,BATCH-89810,ABB,2026-01-10 07:54:00,SUCCESS
SCAN-00000335,SN-00000335,EXEC-000117,GIS-145-3150,MAT-00000335,BATCH-53729,Hitachi Energy,2026-01-10 08:09:00,SUCCESS
SCAN-00000336,SN-00000336,EXEC-000117,GIS-145-3150,MAT-00000336,BATCH-92341,Mitsubishi Electric,2026-01-10 08:14:00,SUCCESS
SCAN-00000337,SN-00000337,EXEC-000117,GIS-145-3150,MAT-00000337,BATCH-14325,Siemens Energy,2026-01-10 08:06:00,SUCCESS
SCAN-00000338,SN-00000338,EXEC-000117,GIS-145-3150,MAT-00000338,BATCH-72672,ABB,2026-01-10 08:00:00,SUCCESS
SCAN-00000339,SN-00000339,EXEC-000118,GIS-420-5000,MAT-00000339,BATCH-71904,Mitsubishi Electric,2026-01-10 08:21:00,SUCCESS
SCAN-00000340,SN-00000340,EXEC-000119,GIS-550-5000,MAT-00000340,BATCH-36869,Siemens Energy,2026-01-10 09:06:00,SUCCESS
SCAN-00000341,SN-00000341,EXEC-000120,GIS-420-4000,MAT-00000341,BATCH-95033,Siemens Energy,2026-01-10 09:01:00,SUCCESS
SCAN-00000342,SN-00000342,EXEC-000121,GIS-420-5000,MAT-00000342,BATCH-42433,Mitsubishi Electric,2026-01-10 09:24:00,SUCCESS
SCAN-00000343,SN-00000343,EXEC-000121,GIS-420-5000,MAT-00000343,BATCH-70771,Mitsubishi Electric,2026-01-10 09:55:00,SUCCESS
SCAN-00000344,SN-00000344,EXEC-000122,GIS-300-4000,MAT-00000344,BATCH-18352,Schneider Electric,2026-01-10 09:43:00,SUCCESS
SCAN-00000345,SN-00000345,EXEC-000123,GIS-245-4000,MAT-00000345,BATCH-75244,Siemens Energy,2026-01-10 10:34:00,SUCCESS
SCAN-00000346,SN-00000346,EXEC-000124,GIS-072-2500,MAT-00000346,BATCH-18727,ABB,2026-01-10 10:43:00,SUCCESS
SCAN-00000347,SN-00000347,EXEC-000124,GIS-072-2500,MAT-00000347,BATCH-98815,Schneider Electric,2026-01-10 10:47:00,SUCCESS
SCAN-00000348,SN-00000348,EXEC-000124,GIS-072-2500,MAT-00000348,BATCH-77563,ABB,2026-01-10 10:42:00,SUCCESS
SCAN-00000349,SN-00000349,EXEC-000124,GIS-072-2500,MAT-00000349,BATCH-60178,Siemens Energy,2026-01-10 10:22:00,SUCCESS
SCAN-00000350,SN-00000350,EXEC-000125,GIS-300-4000,MAT-00000350,BATCH-82447,Schneider Electric,2026-01-10 11:07:00,SUCCESS
SCAN-00000351,SN-00000351,EXEC-000125,GIS-300-4000,MAT-00000351,BATCH-55721,Hitachi Energy,2026-01-10 10:56:00,SUCCESS
SCAN-00000352,SN-00000352,EXEC-000126,GIS-300-4000,MAT-00000352,BATCH-72202,Siemens Energy,2026-01-10 11:18:00,SUCCESS
SCAN-00000353,SN-00000353,EXEC-000127,GIS-245-3150,MAT-00000353,BATCH-29524,Siemens Energy,2026-01-10 11:53:00,SUCCESS
SCAN-00000354,SN-00000354,EXEC-000127,GIS-245-3150,MAT-00000354,BATCH-86072,Hitachi Energy,2026-01-10 11:54:00,SUCCESS
SCAN-00000355,SN-00000355,EXEC-000128,GIS-300-4000,MAT-00000355,BATCH-31665,Siemens Energy,2026-01-10 12:08:00,SUCCESS
SCAN-00000356,SN-00000356,EXEC-000128,GIS-300-4000,MAT-00000356,BATCH-21800,Hitachi Energy,2026-01-10 11:51:00,SUCCESS
SCAN-00000357,SN-00000357,EXEC-000129,GIS-145-3150,MAT-00000357,BATCH-44146,Hitachi Energy,2026-01-11 06:01:00,SUCCESS
SCAN-00000358,SN-00000358,EXEC-000129,GIS-145-3150,MAT-00000358,BATCH-35632,Mitsubishi Electric,2026-01-11 06:05:00,SUCCESS
SCAN-00000359,SN-00000359,EXEC-000129,GIS-145-3150,MAT-00000359,BATCH-72632,Schneider Electric,2026-01-11 06:00:00,SUCCESS
SCAN-00000360,SN-00000360,EXEC-000129,GIS-145-3150,MAT-00000360,BATCH-65015,Mitsubishi Electric,2026-01-11 06:17:00,SUCCESS
SCAN-00000361,SN-00000361,EXEC-000130,GIS-072-2500,MAT-00000361,BATCH-22988,Mitsubishi Electric,2026-01-11 06:47:00,SUCCESS
SCAN-00000362,SN-00000362,EXEC-000130,GIS-072-2500,MAT-00000362,BATCH-22307,ABB,2026-01-11 06:21:00,SUCCESS
SCAN-00000363,SN-00000363,EXEC-000130,GIS-072-2500,MAT-00000363,BATCH-26148,Siemens Energy,2026-01-11 06:39:00,SUCCESS
SCAN-00000364,SN-00000364,EXEC-000130,GIS-072-2500,MAT-00000364,BATCH-48103,Mitsubishi Electric,2026-01-11 06:57:00,SUCCESS
SCAN-00000365,SN-00000365,EXEC-000131,GIS-550-5000,MAT-00000365,BATCH-76385,Mitsubishi Electric,2026-01-11 07:02:00,SUCCESS
SCAN-00000366,SN-00000366,EXEC-000132,GIS-072-2500,MAT-00000366,BATCH-48343,Siemens Energy,2026-01-11 07:21:00,SUCCESS
SCAN-00000367,SN-00000367,EXEC-000132,GIS-072-2500,MAT-00000367,BATCH-51808,Mitsubishi Electric,2026-01-11 07:38:00,SUCCESS
SCAN-00000368,SN-00000368,EXEC-000132,GIS-072-2500,MAT-00000368,BATCH-98337,Mitsubishi Electric,2026-01-11 07:24:00,SUCCESS
SCAN-00000369,SN-00000369,EXEC-000132,GIS-072-2500,MAT-00000369,BATCH-43694,Mitsubishi Electric,2026-01-11 07:35:00,SUCCESS
SCAN-00000370,SN-00000370,EXEC-000133,GIS-245-4000,MAT-00000370,BATCH-32828,Schneider Electric,2026-01-11 07:51:00,SUCCESS
SCAN-00000371,SN-00000371,EXEC-000133,GIS-245-4000,MAT-00000371,BATCH-19915,ABB,2026-01-11 07:27:00,SUCCESS
SCAN-00000372,SN-00000372,EXEC-000134,GIS-145-4000,MAT-00000372,BATCH-97504,Hitachi Energy,2026-01-11 08:15:00,SUCCESS
SCAN-00000373,SN-00000373,EXEC-000134,GIS-145-4000,MAT-00000373,BATCH-20654,Hitachi Energy,2026-01-11 08:06:00,SUCCESS
SCAN-00000374,SN-00000374,EXEC-000134,GIS-145-4000,MAT-00000374,BATCH-48549,Mitsubishi Electric,2026-01-11 08:03:00,SUCCESS
SCAN-00000375,SN-00000375,EXEC-000135,GIS-072-3150,MAT-00000375,BATCH-88103,Schneider Electric,2026-01-11 08:05:00,SUCCESS
SCAN-00000376,SN-00000376,EXEC-000135,GIS-072-3150,MAT-00000376,BATCH-86597,Siemens Energy,2026-01-11 08:27:00,SUCCESS
SCAN-00000377,SN-00000377,EXEC-000135,GIS-072-3150,MAT-00000377,BATCH-47627,Schneider Electric,2026-01-11 08:40:00,SUCCESS
SCAN-00000378,SN-00000378,EXEC-000136,GIS-072-2500,MAT-00000378,BATCH-55038,ABB,2026-01-11 08:55:00,SUCCESS
SCAN-00000379,SN-00000379,EXEC-000136,GIS-072-2500,MAT-00000379,BATCH-62997,ABB,2026-01-11 08:44:00,SUCCESS
SCAN-00000380,SN-00000380,EXEC-000136,GIS-072-2500,MAT-00000380,BATCH-40402,Mitsubishi Electric,2026-01-11 08:23:00,SUCCESS
SCAN-00000381,SN-00000381,EXEC-000136,GIS-072-2500,MAT-00000381,BATCH-25531,Schneider Electric,2026-01-11 08:36:00,SUCCESS
SCAN-00000382,SN-00000382,EXEC-000136,GIS-072-2500,MAT-00000382,BATCH-27440,Siemens Energy,2026-01-11 08:56:00,SUCCESS
SCAN-00000383,SN-00000383,EXEC-000137,GIS-420-5000,MAT-00000383,BATCH-24456,ABB,2026-01-11 09:02:00,SUCCESS
SCAN-00000384,SN-00000384,EXEC-000138,GIS-072-2500,MAT-00000384,BATCH-64349,ABB,2026-01-11 09:38:00,SUCCESS
SCAN-00000385,SN-00000385,EXEC-000138,GIS-072-2500,MAT-00000385,BATCH-53593,Mitsubishi Electric,2026-01-11 09:05:00,SUCCESS
SCAN-00000386,SN-00000386,EXEC-000138,GIS-072-2500,MAT-00000386,BATCH-20797,ABB,2026-01-11 09:36:00,SUCCESS
SCAN-00000387,SN-00000387,EXEC-000138,GIS-072-2500,MAT-00000387,BATCH-92927,Hitachi Energy,2026-01-11 09:07:00,SUCCESS
SCAN-00000388,SN-00000388,EXEC-000138,GIS-072-2500,MAT-00000388,BATCH-63302,Mitsubishi Electric,2026-01-11 09:29:00,SUCCESS
SCAN-00000389,SN-00000389,EXEC-000139,GIS-170-4000,MAT-00000389,BATCH-41592,ABB,2026-01-11 09:24:00,SUCCESS
SCAN-00000390,SN-00000390,EXEC-000139,GIS-170-4000,MAT-00000390,BATCH-71668,Schneider Electric,2026-01-11 09:44:00,SUCCESS
SCAN-00000391,SN-00000391,EXEC-000140,GIS-145-3150,MAT-00000391,BATCH-85852,Siemens Energy,2026-01-11 09:41:00,SUCCESS
SCAN-00000392,SN-00000392,EXEC-000140,GIS-145-3150,MAT-00000392,BATCH-69756,Hitachi Energy,2026-01-11 10:06:00,SUCCESS
SCAN-00000393,SN-00000393,EXEC-000140,GIS-145-3150,MAT-00000393,BATCH-69585,Siemens Energy,2026-01-11 09:46:00,SUCCESS
SCAN-00000394,SN-00000394,EXEC-000141,GIS-145-3150,MAT-00000394,BATCH-13036,Hitachi Energy,2026-01-11 10:23:00,SUCCESS
SCAN-00000395,SN-00000395,EXEC-000141,GIS-145-3150,MAT-00000395,BATCH-74115,Mitsubishi Electric,2026-01-11 10:09:00,SUCCESS
SCAN-00000396,SN-00000396,EXEC-000141,GIS-145-3150,MAT-00000396,BATCH-76031,Hitachi Energy,2026-01-11 10:10:00,SUCCESS
SCAN-00000397,SN-00000397,EXEC-000141,GIS-145-3150,MAT-00000397,BATCH-73755,Siemens Energy,2026-01-11 10:00:00,SUCCESS
SCAN-00000398,SN-00000398,EXEC-000142,GIS-072-2500,MAT-00000398,BATCH-67643,Siemens Energy,2026-01-11 10:23:00,SUCCESS
SCAN-00000399,SN-00000399,EXEC-000142,GIS-072-2500,MAT-00000399,BATCH-93828,Siemens Energy,2026-01-11 10:48:00,SUCCESS
SCAN-00000400,SN-00000400,EXEC-000142,GIS-072-2500,MAT-00000400,BATCH-97367,Schneider Electric,2026-01-11 10:45:00,SUCCESS
SCAN-00000401,SN-00000401,EXEC-000142,GIS-072-2500,MAT-00000401,BATCH-71723,Hitachi Energy,2026-01-11 10:57:00,SUCCESS
SCAN-00000402,SN-00000402,EXEC-000143,GIS-145-3150,MAT-00000402,BATCH-99149,Siemens Energy,2026-01-11 10:52:00,SUCCESS
SCAN-00000403,SN-00000403,EXEC-000143,GIS-145-3150,MAT-00000403,BATCH-91154,Hitachi Energy,2026-01-11 11:18:00,SUCCESS
SCAN-00000404,SN-00000404,EXEC-000143,GIS-145-3150,MAT-00000404,BATCH-63047,Siemens Energy,2026-01-11 10:49:00,SUCCESS
SCAN-00000405,SN-00000405,EXEC-000143,GIS-145-3150,MAT-00000405,BATCH-36824,Mitsubishi Electric,2026-01-11 10:56:00,SUCCESS
SCAN-00000406,SN-00000406,EXEC-000144,GIS-170-4000,MAT-00000406,BATCH-75349,ABB,2026-01-11 11:20:00,SUCCESS
SCAN-00000407,SN-00000407,EXEC-000144,GIS-170-4000,MAT-00000407,BATCH-54139,Siemens Energy,2026-01-11 11:36:00,SUCCESS
SCAN-00000408,SN-00000408,EXEC-000144,GIS-170-4000,MAT-00000408,BATCH-23298,Hitachi Energy,2026-01-11 11:35:00,SUCCESS
SCAN-00000409,SN-00000409,EXEC-000145,GIS-300-4000,MAT-00000409,BATCH-99276,Siemens Energy,2026-01-11 11:28:00,SUCCESS
SCAN-00000410,SN-00000410,EXEC-000145,GIS-300-4000,MAT-00000410,BATCH-79110,Siemens Energy,2026-01-11 11:29:00,SUCCESS
SCAN-00000411,SN-00000411,EXEC-000146,GIS-145-3150,MAT-00000411,BATCH-72120,Siemens Energy,2026-01-11 12:06:00,SUCCESS
SCAN-00000412,SN-00000412,EXEC-000146,GIS-145-3150,MAT-00000412,BATCH-34989,Hitachi Energy,2026-01-11 12:10:00,SUCCESS
SCAN-00000413,SN-00000413,EXEC-000146,GIS-145-3150,MAT-00000413,BATCH-27682,Siemens Energy,2026-01-11 11:48:00,SUCCESS
SCAN-00000414,SN-00000414,EXEC-000146,GIS-145-3150,MAT-00000414,BATCH-82369,Siemens Energy,2026-01-11 12:17:00,SUCCESS
SCAN-00000415,SN-00000415,EXEC-000147,GIS-145-3150,MAT-00000415,BATCH-83407,Schneider Electric,2026-01-11 12:30:00,SUCCESS
SCAN-00000416,SN-00000416,EXEC-000147,GIS-145-3150,MAT-00000416,BATCH-78007,ABB,2026-01-11 12:40:00,SUCCESS
SCAN-00000417,SN-00000417,EXEC-000147,GIS-145-3150,MAT-00000417,BATCH-52248,Schneider Electric,2026-01-11 12:20:00,SUCCESS
SCAN-00000418,SN-00000418,EXEC-000148,GIS-072-3150,MAT-00000418,BATCH-53528,Hitachi Energy,2026-01-11 12:38:00,SUCCESS
SCAN-00000419,SN-00000419,EXEC-000148,GIS-072-3150,MAT-00000419,BATCH-50200,Schneider Electric,2026-01-11 12:44:00,SUCCESS
SCAN-00000420,SN-00000420,EXEC-000148,GIS-072-3150,MAT-00000420,BATCH-77543,Schneider Electric,2026-01-11 12:33:00,SUCCESS
SCAN-00000421,SN-00000421,EXEC-000148,GIS-072-3150,MAT-00000421,BATCH-31507,Schneider Electric,2026-01-11 12:44:00,SUCCESS
SCAN-00000422,SN-00000422,EXEC-000149,GIS-420-5000,MAT-00000422,BATCH-76106,ABB,2026-01-11 12:40:00,SUCCESS
SCAN-00000423,SN-00000423,EXEC-000150,GIS-072-3150,MAT-00000423,BATCH-14912,ABB,2026-01-11 13:35:00,SUCCESS
SCAN-00000424,SN-00000424,EXEC-000150,GIS-072-3150,MAT-00000424,BATCH-43295,Schneider Electric,2026-01-11 13:33:00,SUCCESS
SCAN-00000425,SN-00000425,EXEC-000150,GIS-072-3150,MAT-00000425,BATCH-79840,Hitachi Energy,2026-01-11 13:06:00,SUCCESS
SCAN-00000426,SN-00000426,EXEC-000150,GIS-072-3150,MAT-00000426,BATCH-70757,Hitachi Energy,2026-01-11 13:02:00,SUCCESS
SCAN-00000427,SN-00000427,EXEC-000150,GIS-072-3150,MAT-00000427,BATCH-95021,Schneider Electric,2026-01-11 13:13:00,SUCCESS
SCAN-00000428,SN-00000428,EXEC-000151,GIS-072-2500,MAT-00000428,BATCH-29718,Schneider Electric,2026-01-12 06:21:00,SUCCESS
SCAN-00000429,SN-00000429,EXEC-000151,GIS-072-2500,MAT-00000429,BATCH-45477,Schneider Electric,2026-01-12 06:19:00,SUCCESS
SCAN-00000430,SN-00000430,EXEC-000151,GIS-072-2500,MAT-00000430,BATCH-50036,Schneider Electric,2026-01-12 06:10:00,SUCCESS
SCAN-00000431,SN-00000431,EXEC-000152,GIS-072-3150,MAT-00000431,BATCH-24314,Hitachi Energy,2026-01-12 06:59:00,SUCCESS
SCAN-00000432,SN-00000432,EXEC-000152,GIS-072-3150,MAT-00000432,BATCH-54075,Mitsubishi Electric,2026-01-12 06:56:00,SUCCESS
SCAN-00000433,SN-00000433,EXEC-000152,GIS-072-3150,MAT-00000433,BATCH-89729,Siemens Energy,2026-01-12 06:20:00,SUCCESS
SCAN-00000434,SN-00000434,EXEC-000153,GIS-072-2500,MAT-00000434,BATCH-58234,Schneider Electric,2026-01-12 07:12:00,SUCCESS
SCAN-00000435,SN-00000435,EXEC-000153,GIS-072-2500,MAT-00000435,BATCH-61917,Schneider Electric,2026-01-12 07:09:00,SUCCESS
SCAN-00000436,SN-00000436,EXEC-000153,GIS-072-2500,MAT-00000436,BATCH-29102,ABB,2026-01-12 06:56:00,SUCCESS
SCAN-00000437,SN-00000437,EXEC-000153,GIS-072-2500,MAT-00000437,BATCH-79554,Mitsubishi Electric,2026-01-12 07:13:00,SUCCESS
SCAN-00000438,SN-00000438,EXEC-000154,GIS-245-4000,MAT-00000438,BATCH-46814,Schneider Electric,2026-01-12 07:08:00,SUCCESS
SCAN-00000439,SN-00000439,EXEC-000154,GIS-245-4000,MAT-00000439,BATCH-63408,Hitachi Energy,2026-01-12 07:06:00,SUCCESS
SCAN-00000440,SN-00000440,EXEC-000155,GIS-170-4000,MAT-00000440,BATCH-25890,Siemens Energy,2026-01-12 07:47:00,SUCCESS
SCAN-00000441,SN-00000441,EXEC-000155,GIS-170-4000,MAT-00000441,BATCH-83231,Schneider Electric,2026-01-12 07:21:00,SUCCESS
SCAN-00000442,SN-00000442,EXEC-000156,GIS-145-3150,MAT-00000442,BATCH-39053,ABB,2026-01-12 07:54:00,SUCCESS
SCAN-00000443,SN-00000443,EXEC-000156,GIS-145-3150,MAT-00000443,BATCH-68230,Hitachi Energy,2026-01-12 07:41:00,SUCCESS
SCAN-00000444,SN-00000444,EXEC-000156,GIS-145-3150,MAT-00000444,BATCH-41588,Schneider Electric,2026-01-12 07:42:00,SUCCESS
SCAN-00000445,SN-00000445,EXEC-000157,GIS-245-3150,MAT-00000445,BATCH-53979,Schneider Electric,2026-01-12 08:11:00,SUCCESS
SCAN-00000446,SN-00000446,EXEC-000158,GIS-300-4000,MAT-00000446,BATCH-18744,Siemens Energy,2026-01-12 08:49:00,SUCCESS
SCAN-00000447,SN-00000447,EXEC-000159,GIS-072-3150,MAT-00000447,BATCH-65836,ABB,2026-01-12 08:50:00,SUCCESS
SCAN-00000448,SN-00000448,EXEC-000159,GIS-072-3150,MAT-00000448,BATCH-99207,Siemens Energy,2026-01-12 08:40:00,SUCCESS
SCAN-00000449,SN-00000449,EXEC-000159,GIS-072-3150,MAT-00000449,BATCH-65993,Siemens Energy,2026-01-12 08:54:00,SUCCESS
SCAN-00000450,SN-00000450,EXEC-000159,GIS-072-3150,MAT-00000450,BATCH-72643,Siemens Energy,2026-01-12 08:48:00,SUCCESS
SCAN-00000451,SN-00000451,EXEC-000159,GIS-072-3150,MAT-00000451,BATCH-31593,ABB,2026-01-12 08:42:00,SUCCESS
SCAN-00000452,SN-00000452,EXEC-000160,GIS-072-2500,MAT-00000452,BATCH-36266,Mitsubishi Electric,2026-01-12 09:40:00,SUCCESS
SCAN-00000453,SN-00000453,EXEC-000160,GIS-072-2500,MAT-00000453,BATCH-23519,ABB,2026-01-12 09:24:00,SUCCESS
SCAN-00000454,SN-00000454,EXEC-000160,GIS-072-2500,MAT-00000454,BATCH-84208,Schneider Electric,2026-01-12 09:08:00,SUCCESS
SCAN-00000455,SN-00000455,EXEC-000161,GIS-072-2500,MAT-00000455,BATCH-73789,Hitachi Energy,2026-01-12 09:21:00,SUCCESS
SCAN-00000456,SN-00000456,EXEC-000161,GIS-072-2500,MAT-00000456,BATCH-90591,ABB,2026-01-12 09:41:00,SUCCESS
SCAN-00000457,SN-00000457,EXEC-000161,GIS-072-2500,MAT-00000457,BATCH-11413,Hitachi Energy,2026-01-12 09:57:00,SUCCESS
SCAN-00000458,SN-00000458,EXEC-000162,GIS-245-3150,MAT-00000458,BATCH-27501,Hitachi Energy,2026-01-12 09:43:00,SUCCESS
SCAN-00000459,SN-00000459,EXEC-000162,GIS-245-3150,MAT-00000459,BATCH-47774,Schneider Electric,2026-01-12 09:52:00,SUCCESS
SCAN-00000460,SN-00000460,EXEC-000162,GIS-245-3150,MAT-00000460,BATCH-73869,Siemens Energy,2026-01-12 09:53:00,SUCCESS
SCAN-00000461,SN-00000461,EXEC-000163,GIS-420-5000,MAT-00000461,BATCH-69500,Hitachi Energy,2026-01-12 10:32:00,SUCCESS
SCAN-00000462,SN-00000462,EXEC-000163,GIS-420-5000,MAT-00000462,BATCH-12193,Siemens Energy,2026-01-12 10:39:00,SUCCESS
SCAN-00000463,SN-00000463,EXEC-000164,GIS-245-3150,MAT-00000463,BATCH-45461,Schneider Electric,2026-01-12 10:57:00,SUCCESS
SCAN-00000464,SN-00000464,EXEC-000164,GIS-245-3150,MAT-00000464,BATCH-77063,Siemens Energy,2026-01-12 10:33:00,SUCCESS
SCAN-00000465,SN-00000465,EXEC-000164,GIS-245-3150,MAT-00000465,BATCH-22876,Mitsubishi Electric,2026-01-12 10:22:00,SUCCESS
SCAN-00000466,SN-00000466,EXEC-000165,GIS-420-4000,MAT-00000466,BATCH-35044,Mitsubishi Electric,2026-01-12 11:06:00,SUCCESS
SCAN-00000467,SN-00000467,EXEC-000165,GIS-420-4000,MAT-00000467,BATCH-67672,Schneider Electric,2026-01-12 11:20:00,SUCCESS
SCAN-00000468,SN-00000468,EXEC-000166,GIS-245-4000,MAT-00000468,BATCH-51503,Hitachi Energy,2026-01-12 11:33:00,SUCCESS
SCAN-00000469,SN-00000469,EXEC-000166,GIS-245-4000,MAT-00000469,BATCH-69508,Hitachi Energy,2026-01-12 11:38:00,SUCCESS
SCAN-00000470,SN-00000470,EXEC-000167,GIS-245-4000,MAT-00000470,BATCH-86983,Schneider Electric,2026-01-12 11:38:00,SUCCESS
SCAN-00000471,SN-00000471,EXEC-000167,GIS-245-4000,MAT-00000471,BATCH-62322,Hitachi Energy,2026-01-12 11:28:00,SUCCESS
SCAN-00000472,SN-00000472,EXEC-000167,GIS-245-4000,MAT-00000472,BATCH-16493,ABB,2026-01-12 11:45:00,SUCCESS
SCAN-00000473,SN-00000473,EXEC-000168,GIS-245-4000,MAT-00000473,BATCH-24076,Mitsubishi Electric,2026-01-12 11:46:00,SUCCESS
SCAN-00000474,SN-00000474,EXEC-000168,GIS-245-4000,MAT-00000474,BATCH-50154,Mitsubishi Electric,2026-01-12 12:00:00,SUCCESS
SCAN-00000475,SN-00000475,EXEC-000169,GIS-072-3150,MAT-00000475,BATCH-71704,Mitsubishi Electric,2026-01-12 12:33:00,SUCCESS
SCAN-00000476,SN-00000476,EXEC-000169,GIS-072-3150,MAT-00000476,BATCH-98109,Schneider Electric,2026-01-12 12:38:00,SUCCESS
SCAN-00000477,SN-00000477,EXEC-000169,GIS-072-3150,MAT-00000477,BATCH-49014,Mitsubishi Electric,2026-01-12 12:26:00,SUCCESS
SCAN-00000478,SN-00000478,EXEC-000170,GIS-072-3150,MAT-00000478,BATCH-56161,Hitachi Energy,2026-01-12 12:41:00,SUCCESS
SCAN-00000479,SN-00000479,EXEC-000170,GIS-072-3150,MAT-00000479,BATCH-24127,Schneider Electric,2026-01-12 12:57:00,SUCCESS
SCAN-00000480,SN-00000480,EXEC-000170,GIS-072-3150,MAT-00000480,BATCH-54844,Mitsubishi Electric,2026-01-12 12:29:00,SUCCESS
SCAN-00000481,SN-00000481,EXEC-000170,GIS-072-3150,MAT-00000481,BATCH-27177,ABB,2026-01-12 12:28:00,SUCCESS
SCAN-00000482,SN-00000482,EXEC-000171,GIS-072-2500,MAT-00000482,BATCH-49840,Hitachi Energy,2026-01-13 06:40:00,SUCCESS
SCAN-00000483,SN-00000483,EXEC-000171,GIS-072-2500,MAT-00000483,BATCH-46480,Hitachi Energy,2026-01-13 06:20:00,SUCCESS
SCAN-00000484,SN-00000484,EXEC-000171,GIS-072-2500,MAT-00000484,BATCH-78594,Mitsubishi Electric,2026-01-13 06:29:00,SUCCESS
SCAN-00000485,SN-00000485,EXEC-000172,GIS-245-3150,MAT-00000485,BATCH-98681,Mitsubishi Electric,2026-01-13 06:31:00,SUCCESS
SCAN-00000486,SN-00000486,EXEC-000172,GIS-245-3150,MAT-00000486,BATCH-78442,ABB,2026-01-13 06:26:00,SUCCESS
SCAN-00000487,SN-00000487,EXEC-000172,GIS-245-3150,MAT-00000487,BATCH-16381,Siemens Energy,2026-01-13 06:53:00,SUCCESS
SCAN-00000488,SN-00000488,EXEC-000173,GIS-145-3150,MAT-00000488,BATCH-87597,Schneider Electric,2026-01-13 07:14:00,SUCCESS
SCAN-00000489,SN-00000489,EXEC-000173,GIS-145-3150,MAT-00000489,BATCH-14657,Mitsubishi Electric,2026-01-13 07:01:00,SUCCESS
SCAN-00000490,SN-00000490,EXEC-000173,GIS-145-3150,MAT-00000490,BATCH-40324,Schneider Electric,2026-01-13 07:18:00,SUCCESS
SCAN-00000491,SN-00000491,EXEC-000174,GIS-145-3150,MAT-00000491,BATCH-17147,Hitachi Energy,2026-01-13 07:19:00,SUCCESS
SCAN-00000492,SN-00000492,EXEC-000174,GIS-145-3150,MAT-00000492,BATCH-23693,ABB,2026-01-13 07:20:00,SUCCESS
SCAN-00000493,SN-00000493,EXEC-000175,GIS-145-3150,MAT-00000493,BATCH-42074,Siemens Energy,2026-01-13 07:30:00,SUCCESS
SCAN-00000494,SN-00000494,EXEC-000175,GIS-145-3150,MAT-00000494,BATCH-66853,Schneider Electric,2026-01-13 07:32:00,SUCCESS
SCAN-00000495,SN-00000495,EXEC-000175,GIS-145-3150,MAT-00000495,BATCH-40884,Siemens Energy,2026-01-13 07:36:00,SUCCESS
SCAN-00000496,SN-00000496,EXEC-000175,GIS-145-3150,MAT-00000496,BATCH-26758,Siemens Energy,2026-01-13 07:54:00,SUCCESS
SCAN-00000497,SN-00000497,EXEC-000176,GIS-072-2500,MAT-00000497,BATCH-12822,Mitsubishi Electric,2026-01-13 08:09:00,SUCCESS
SCAN-00000498,SN-00000498,EXEC-000176,GIS-072-2500,MAT-00000498,BATCH-83679,Schneider Electric,2026-01-13 07:49:00,SUCCESS
SCAN-00000499,SN-00000499,EXEC-000176,GIS-072-2500,MAT-00000499,BATCH-22931,ABB,2026-01-13 07:49:00,SUCCESS
SCAN-00000500,SN-00000500,EXEC-000176,GIS-072-2500,MAT-00000500,BATCH-66945,Schneider Electric,2026-01-13 07:43:00,SUCCESS
SCAN-00000501,SN-00000501,EXEC-000176,GIS-072-2500,MAT-00000501,BATCH-98205,Mitsubishi Electric,2026-01-13 07:56:00,SUCCESS
SCAN-00000502,SN-00000502,EXEC-000177,GIS-072-2500,MAT-00000502,BATCH-82484,ABB,2026-01-13 08:12:00,SUCCESS
SCAN-00000503,SN-00000503,EXEC-000177,GIS-072-2500,MAT-00000503,BATCH-72190,Siemens Energy,2026-01-13 08:26:00,SUCCESS
SCAN-00000504,SN-00000504,EXEC-000177,GIS-072-2500,MAT-00000504,BATCH-93799,Hitachi Energy,2026-01-13 08:05:00,SUCCESS
SCAN-00000505,SN-00000505,EXEC-000177,GIS-072-2500,MAT-00000505,BATCH-57846,ABB,2026-01-13 08:11:00,SUCCESS
SCAN-00000506,SN-00000506,EXEC-000178,GIS-145-3150,MAT-00000506,BATCH-92982,Schneider Electric,2026-01-13 08:29:00,SUCCESS
SCAN-00000507,SN-00000507,EXEC-000178,GIS-145-3150,MAT-00000507,BATCH-99727,Siemens Energy,2026-01-13 08:31:00,SUCCESS
SCAN-00000508,SN-00000508,EXEC-000178,GIS-145-3150,MAT-00000508,BATCH-97988,Mitsubishi Electric,2026-01-13 08:36:00,SUCCESS
SCAN-00000509,SN-00000509,EXEC-000179,GIS-245-4000,MAT-00000509,BATCH-98835,Siemens Energy,2026-01-13 08:47:00,SUCCESS
SCAN-00000510,SN-00000510,EXEC-000179,GIS-245-4000,MAT-00000510,BATCH-77223,Mitsubishi Electric,2026-01-13 08:50:00,SUCCESS
SCAN-00000511,SN-00000511,EXEC-000179,GIS-245-4000,MAT-00000511,BATCH-54983,Siemens Energy,2026-01-13 09:08:00,SUCCESS
SCAN-00000512,SN-00000512,EXEC-000180,GIS-145-4000,MAT-00000512,BATCH-76122,Mitsubishi Electric,2026-01-13 09:11:00,SUCCESS
SCAN-00000513,SN-00000513,EXEC-000180,GIS-145-4000,MAT-00000513,BATCH-15018,Mitsubishi Electric,2026-01-13 09:37:00,SUCCESS
SCAN-00000514,SN-00000514,EXEC-000180,GIS-145-4000,MAT-00000514,BATCH-49147,Siemens Energy,2026-01-13 09:15:00,SUCCESS
SCAN-00000515,SN-00000515,EXEC-000181,GIS-072-2500,MAT-00000515,BATCH-96843,Hitachi Energy,2026-01-13 09:24:00,SUCCESS
SCAN-00000516,SN-00000516,EXEC-000181,GIS-072-2500,MAT-00000516,BATCH-72127,Schneider Electric,2026-01-13 09:49:00,SUCCESS
SCAN-00000517,SN-00000517,EXEC-000181,GIS-072-2500,MAT-00000517,BATCH-26706,Hitachi Energy,2026-01-13 09:46:00,SUCCESS
SCAN-00000518,SN-00000518,EXEC-000181,GIS-072-2500,MAT-00000518,BATCH-75404,Siemens Energy,2026-01-13 09:28:00,SUCCESS
SCAN-00000519,SN-00000519,EXEC-000182,GIS-245-4000,MAT-00000519,BATCH-11339,Siemens Energy,2026-01-13 10:12:00,SUCCESS
SCAN-00000520,SN-00000520,EXEC-000182,GIS-245-4000,MAT-00000520,BATCH-43763,ABB,2026-01-13 09:51:00,SUCCESS
SCAN-00000521,SN-00000521,EXEC-000182,GIS-245-4000,MAT-00000521,BATCH-14885,Hitachi Energy,2026-01-13 09:56:00,SUCCESS
SCAN-00000522,SN-00000522,EXEC-000183,GIS-145-4000,MAT-00000522,BATCH-34939,Mitsubishi Electric,2026-01-13 10:20:00,SUCCESS
SCAN-00000523,SN-00000523,EXEC-000183,GIS-145-4000,MAT-00000523,BATCH-33015,Hitachi Energy,2026-01-13 10:27:00,SUCCESS
SCAN-00000524,SN-00000524,EXEC-000184,GIS-145-4000,MAT-00000524,BATCH-90637,ABB,2026-01-13 10:58:00,SUCCESS
SCAN-00000525,SN-00000525,EXEC-000184,GIS-145-4000,MAT-00000525,BATCH-13027,Schneider Electric,2026-01-13 10:58:00,SUCCESS
SCAN-00000526,SN-00000526,EXEC-000184,GIS-145-4000,MAT-00000526,BATCH-63652,Siemens Energy,2026-01-13 10:59:00,SUCCESS
SCAN-00000527,SN-00000527,EXEC-000185,GIS-245-3150,MAT-00000527,BATCH-92791,Siemens Energy,2026-01-13 10:56:00,SUCCESS
SCAN-00000528,SN-00000528,EXEC-000186,GIS-072-2500,MAT-00000528,BATCH-51274,Schneider Electric,2026-01-13 11:12:00,SUCCESS
SCAN-00000529,SN-00000529,EXEC-000186,GIS-072-2500,MAT-00000529,BATCH-30606,Siemens Energy,2026-01-13 11:05:00,SUCCESS
SCAN-00000530,SN-00000530,EXEC-000186,GIS-072-2500,MAT-00000530,BATCH-83233,Hitachi Energy,2026-01-13 11:06:00,SUCCESS
SCAN-00000531,SN-00000531,EXEC-000186,GIS-072-2500,MAT-00000531,BATCH-76676,Siemens Energy,2026-01-13 11:34:00,SUCCESS
SCAN-00000532,SN-00000532,EXEC-000187,GIS-072-3150,MAT-00000532,BATCH-17006,Hitachi Energy,2026-01-13 11:41:00,SUCCESS
SCAN-00000533,SN-00000533,EXEC-000187,GIS-072-3150,MAT-00000533,BATCH-12662,Schneider Electric,2026-01-13 11:41:00,SUCCESS
SCAN-00000534,SN-00000534,EXEC-000187,GIS-072-3150,MAT-00000534,BATCH-60198,Hitachi Energy,2026-01-13 11:31:00,SUCCESS
SCAN-00000535,SN-00000535,EXEC-000187,GIS-072-3150,MAT-00000535,BATCH-66158,Mitsubishi Electric,2026-01-13 11:58:00,SUCCESS
SCAN-00000536,SN-00000536,EXEC-000188,GIS-145-3150,MAT-00000536,BATCH-23696,Mitsubishi Electric,2026-01-13 11:40:00,SUCCESS
SCAN-00000537,SN-00000537,EXEC-000188,GIS-145-3150,MAT-00000537,BATCH-21321,ABB,2026-01-13 11:48:00,SUCCESS
SCAN-00000538,SN-00000538,EXEC-000188,GIS-145-3150,MAT-00000538,BATCH-48711,Hitachi Energy,2026-01-13 12:08:00,SUCCESS
SCAN-00000539,SN-00000539,EXEC-000189,GIS-420-5000,MAT-00000539,BATCH-24778,ABB,2026-01-13 12:02:00,SUCCESS
SCAN-00000540,SN-00000540,EXEC-000189,GIS-420-5000,MAT-00000540,BATCH-73176,ABB,2026-01-13 12:24:00,SUCCESS
SCAN-00000541,SN-00000541,EXEC-000190,GIS-072-2500,MAT-00000541,BATCH-38111,Schneider Electric,2026-01-13 12:51:00,SUCCESS
SCAN-00000542,SN-00000542,EXEC-000190,GIS-072-2500,MAT-00000542,BATCH-32445,Siemens Energy,2026-01-13 12:32:00,SUCCESS
SCAN-00000543,SN-00000543,EXEC-000190,GIS-072-2500,MAT-00000543,BATCH-52344,Hitachi Energy,2026-01-13 12:23:00,SUCCESS
SCAN-00000544,SN-00000544,EXEC-000191,GIS-072-2500,MAT-00000544,BATCH-54878,Siemens Energy,2026-01-13 13:20:00,SUCCESS
SCAN-00000545,SN-00000545,EXEC-000191,GIS-072-2500,MAT-00000545,BATCH-77728,ABB,2026-01-13 12:46:00,SUCCESS
SCAN-00000546,SN-00000546,EXEC-000191,GIS-072-2500,MAT-00000546,BATCH-82899,Schneider Electric,2026-01-13 12:42:00,SUCCESS
SCAN-00000547,SN-00000547,EXEC-000191,GIS-072-2500,MAT-00000547,BATCH-35473,ABB,2026-01-13 13:12:00,SUCCESS
SCAN-00000548,SN-00000548,EXEC-000192,GIS-072-2500,MAT-00000548,BATCH-95644,Siemens Energy,2026-01-13 13:07:00,SUCCESS
SCAN-00000549,SN-00000549,EXEC-000192,GIS-072-2500,MAT-00000549,BATCH-80596,Schneider Electric,2026-01-13 13:12:00,SUCCESS
SCAN-00000550,SN-00000550,EXEC-000192,GIS-072-2500,MAT-00000550,BATCH-29726,Mitsubishi Electric,2026-01-13 13:20:00,SUCCESS
SCAN-00000551,SN-00000551,EXEC-000192,GIS-072-2500,MAT-00000551,BATCH-70463,Schneider Electric,2026-01-13 13:06:00,SUCCESS
SCAN-00000552,SN-00000552,EXEC-000192,GIS-072-2500,MAT-00000552,BATCH-31505,Mitsubishi Electric,2026-01-13 13:29:00,SUCCESS
SCAN-00000553,SN-00000553,EXEC-000193,GIS-420-5000,MAT-00000553,BATCH-40880,Hitachi Energy,2026-01-14 06:21:00,SUCCESS
SCAN-00000554,SN-00000554,EXEC-000194,GIS-170-4000,MAT-00000554,BATCH-13635,ABB,2026-01-14 06:33:00,SUCCESS
SCAN-00000555,SN-00000555,EXEC-000194,GIS-170-4000,MAT-00000555,BATCH-41233,Schneider Electric,2026-01-14 06:27:00,SUCCESS
SCAN-00000556,SN-00000556,EXEC-000195,GIS-245-3150,MAT-00000556,BATCH-42305,Hitachi Energy,2026-01-14 07:05:00,SUCCESS
SCAN-00000557,SN-00000557,EXEC-000195,GIS-245-3150,MAT-00000557,BATCH-35991,Schneider Electric,2026-01-14 06:56:00,SUCCESS
SCAN-00000558,SN-00000558,EXEC-000195,GIS-245-3150,MAT-00000558,BATCH-80369,Hitachi Energy,2026-01-14 07:09:00,SUCCESS
SCAN-00000559,SN-00000559,EXEC-000196,GIS-145-4000,MAT-00000559,BATCH-13038,Schneider Electric,2026-01-14 07:11:00,SUCCESS
SCAN-00000560,SN-00000560,EXEC-000196,GIS-145-4000,MAT-00000560,BATCH-47122,Mitsubishi Electric,2026-01-14 07:06:00,SUCCESS
SCAN-00000561,SN-00000561,EXEC-000196,GIS-145-4000,MAT-00000561,BATCH-33759,Hitachi Energy,2026-01-14 07:36:00,SUCCESS
SCAN-00000562,SN-00000562,EXEC-000197,GIS-072-3150,MAT-00000562,BATCH-68901,Siemens Energy,2026-01-14 07:46:00,SUCCESS
SCAN-00000563,SN-00000563,EXEC-000197,GIS-072-3150,MAT-00000563,BATCH-38079,ABB,2026-01-14 07:25:00,SUCCESS
SCAN-00000564,SN-00000564,EXEC-000197,GIS-072-3150,MAT-00000564,BATCH-85149,ABB,2026-01-14 07:44:00,SUCCESS
SCAN-00000565,SN-00000565,EXEC-000197,GIS-072-3150,MAT-00000565,BATCH-68327,Schneider Electric,2026-01-14 07:28:00,SUCCESS
SCAN-00000566,SN-00000566,EXEC-000197,GIS-072-3150,MAT-00000566,BATCH-76100,Siemens Energy,2026-01-14 07:21:00,SUCCESS
SCAN-00000567,SN-00000567,EXEC-000198,GIS-245-3150,MAT-00000567,BATCH-88108,Mitsubishi Electric,2026-01-14 07:44:00,SUCCESS
SCAN-00000568,SN-00000568,EXEC-000199,GIS-072-2500,MAT-00000568,BATCH-79279,Schneider Electric,2026-01-14 08:10:00,SUCCESS
SCAN-00000569,SN-00000569,EXEC-000199,GIS-072-2500,MAT-00000569,BATCH-97544,ABB,2026-01-14 08:34:00,SUCCESS
SCAN-00000570,SN-00000570,EXEC-000199,GIS-072-2500,MAT-00000570,BATCH-10599,Siemens Energy,2026-01-14 08:19:00,SUCCESS
SCAN-00000571,SN-00000571,EXEC-000200,GIS-170-4000,MAT-00000571,BATCH-89742,Hitachi Energy,2026-01-14 08:45:00,SUCCESS
SCAN-00000572,SN-00000572,EXEC-000200,GIS-170-4000,MAT-00000572,BATCH-65857,Mitsubishi Electric,2026-01-14 08:44:00,SUCCESS
SCAN-00000573,SN-00000573,EXEC-000200,GIS-170-4000,MAT-00000573,BATCH-30460,Mitsubishi Electric,2026-01-14 08:41:00,SUCCESS
SCAN-00000574,SN-00000574,EXEC-000201,GIS-245-3150,MAT-00000574,BATCH-71645,Schneider Electric,2026-01-14 09:11:00,SUCCESS
SCAN-00000575,SN-00000575,EXEC-000202,GIS-300-4000,MAT-00000575,BATCH-88691,ABB,2026-01-14 09:28:00,SUCCESS
SCAN-00000576,SN-00000576,EXEC-000203,GIS-245-4000,MAT-00000576,BATCH-93903,Mitsubishi Electric,2026-01-14 09:22:00,SUCCESS
SCAN-00000577,SN-00000577,EXEC-000203,GIS-245-4000,MAT-00000577,BATCH-25193,Mitsubishi Electric,2026-01-14 09:32:00,SUCCESS
SCAN-00000578,SN-00000578,EXEC-000203,GIS-245-4000,MAT-00000578,BATCH-17839,Schneider Electric,2026-01-14 09:29:00,SUCCESS
SCAN-00000579,SN-00000579,EXEC-000204,GIS-072-2500,MAT-00000579,BATCH-31148,Schneider Electric,2026-01-14 09:43:00,SUCCESS
SCAN-00000580,SN-00000580,EXEC-000204,GIS-072-2500,MAT-00000580,BATCH-22673,Siemens Energy,2026-01-14 09:47:00,SUCCESS
SCAN-00000581,SN-00000581,EXEC-000204,GIS-072-2500,MAT-00000581,BATCH-81886,Schneider Electric,2026-01-14 10:13:00,SUCCESS
SCAN-00000582,SN-00000582,EXEC-000204,GIS-072-2500,MAT-00000582,BATCH-92369,Schneider Electric,2026-01-14 10:00:00,SUCCESS
SCAN-00000583,SN-00000583,EXEC-000204,GIS-072-2500,MAT-00000583,BATCH-67998,Hitachi Energy,2026-01-14 10:03:00,SUCCESS
SCAN-00000584,SN-00000584,EXEC-000205,GIS-145-3150,MAT-00000584,BATCH-48580,Siemens Energy,2026-01-14 10:12:00,SUCCESS
SCAN-00000585,SN-00000585,EXEC-000205,GIS-145-3150,MAT-00000585,BATCH-69163,Schneider Electric,2026-01-14 10:09:00,SUCCESS
SCAN-00000586,SN-00000586,EXEC-000205,GIS-145-3150,MAT-00000586,BATCH-46213,ABB,2026-01-14 10:05:00,SUCCESS
SCAN-00000587,SN-00000587,EXEC-000206,GIS-072-2500,MAT-00000587,BATCH-30553,Siemens Energy,2026-01-14 10:46:00,SUCCESS
SCAN-00000588,SN-00000588,EXEC-000206,GIS-072-2500,MAT-00000588,BATCH-43654,ABB,2026-01-14 10:28:00,SUCCESS
SCAN-00000589,SN-00000589,EXEC-000206,GIS-072-2500,MAT-00000589,BATCH-51670,Schneider Electric,2026-01-14 10:54:00,SUCCESS
SCAN-00000590,SN-00000590,EXEC-000206,GIS-072-2500,MAT-00000590,BATCH-67419,Mitsubishi Electric,2026-01-14 10:49:00,SUCCESS
SCAN-00000591,SN-00000591,EXEC-000206,GIS-072-2500,MAT-00000591,BATCH-28660,Mitsubishi Electric,2026-01-14 10:31:00,SUCCESS
SCAN-00000592,SN-00000592,EXEC-000207,GIS-300-4000,MAT-00000592,BATCH-47830,Hitachi Energy,2026-01-14 10:58:00,SUCCESS
SCAN-00000593,SN-00000593,EXEC-000207,GIS-300-4000,MAT-00000593,BATCH-61338,Mitsubishi Electric,2026-01-14 11:09:00,SUCCESS
SCAN-00000594,SN-00000594,EXEC-000208,GIS-550-5000,MAT-00000594,BATCH-35306,Schneider Electric,2026-01-14 11:35:00,SUCCESS
SCAN-00000595,SN-00000595,EXEC-000209,GIS-300-4000,MAT-00000595,BATCH-52151,Schneider Electric,2026-01-14 11:50:00,SUCCESS
SCAN-00000596,SN-00000596,EXEC-000210,GIS-245-4000,MAT-00000596,BATCH-36646,Mitsubishi Electric,2026-01-14 12:12:00,SUCCESS
SCAN-00000597,SN-00000597,EXEC-000210,GIS-245-4000,MAT-00000597,BATCH-43778,Hitachi Energy,2026-01-14 12:07:00,SUCCESS
SCAN-00000598,SN-00000598,EXEC-000210,GIS-245-4000,MAT-00000598,BATCH-61458,Siemens Energy,2026-01-14 11:52:00,SUCCESS
SCAN-00000599,SN-00000599,EXEC-000211,GIS-420-4000,MAT-00000599,BATCH-76398,Schneider Electric,2026-01-15 06:01:00,SUCCESS
SCAN-00000600,SN-00000600,EXEC-000211,GIS-420-4000,MAT-00000600,BATCH-56360,Mitsubishi Electric,2026-01-15 06:25:00,SUCCESS
SCAN-00000601,SN-00000601,EXEC-000212,GIS-300-4000,MAT-00000601,BATCH-95944,Siemens Energy,2026-01-15 06:54:00,SUCCESS
SCAN-00000602,SN-00000602,EXEC-000212,GIS-300-4000,MAT-00000602,BATCH-10739,Siemens Energy,2026-01-15 06:42:00,SUCCESS
SCAN-00000603,SN-00000603,EXEC-000213,GIS-072-3150,MAT-00000603,BATCH-75355,Schneider Electric,2026-01-15 07:15:00,SUCCESS
SCAN-00000604,SN-00000604,EXEC-000213,GIS-072-3150,MAT-00000604,BATCH-47722,Hitachi Energy,2026-01-15 06:56:00,SUCCESS
SCAN-00000605,SN-00000605,EXEC-000213,GIS-072-3150,MAT-00000605,BATCH-37862,ABB,2026-01-15 07:12:00,SUCCESS
SCAN-00000606,SN-00000606,EXEC-000214,GIS-145-4000,MAT-00000606,BATCH-17765,Siemens Energy,2026-01-15 07:37:00,SUCCESS
SCAN-00000607,SN-00000607,EXEC-000214,GIS-145-4000,MAT-00000607,BATCH-18626,ABB,2026-01-15 07:06:00,SUCCESS
SCAN-00000608,SN-00000608,EXEC-000214,GIS-145-4000,MAT-00000608,BATCH-13745,Siemens Energy,2026-01-15 07:40:00,SUCCESS
SCAN-00000609,SN-00000609,EXEC-000215,GIS-245-3150,MAT-00000609,BATCH-65148,Mitsubishi Electric,2026-01-15 07:21:00,SUCCESS
SCAN-00000610,SN-00000610,EXEC-000215,GIS-245-3150,MAT-00000610,BATCH-38009,Schneider Electric,2026-01-15 07:52:00,SUCCESS
SCAN-00000611,SN-00000611,EXEC-000216,GIS-300-4000,MAT-00000611,BATCH-28946,Schneider Electric,2026-01-15 08:09:00,SUCCESS
SCAN-00000612,SN-00000612,EXEC-000217,GIS-145-3150,MAT-00000612,BATCH-10856,Mitsubishi Electric,2026-01-15 08:20:00,SUCCESS
SCAN-00000613,SN-00000613,EXEC-000217,GIS-145-3150,MAT-00000613,BATCH-81760,ABB,2026-01-15 08:07:00,SUCCESS
SCAN-00000614,SN-00000614,EXEC-000217,GIS-145-3150,MAT-00000614,BATCH-64988,Siemens Energy,2026-01-15 08:19:00,SUCCESS
SCAN-00000615,SN-00000615,EXEC-000218,GIS-420-4000,MAT-00000615,BATCH-25388,Hitachi Energy,2026-01-15 08:30:00,SUCCESS
SCAN-00000616,SN-00000616,EXEC-000218,GIS-420-4000,MAT-00000616,BATCH-61528,Hitachi Energy,2026-01-15 08:37:00,SUCCESS
SCAN-00000617,SN-00000617,EXEC-000219,GIS-145-4000,MAT-00000617,BATCH-69984,ABB,2026-01-15 08:51:00,SUCCESS
SCAN-00000618,SN-00000618,EXEC-000219,GIS-145-4000,MAT-00000618,BATCH-57191,Hitachi Energy,2026-01-15 08:51:00,SUCCESS
SCAN-00000619,SN-00000619,EXEC-000220,GIS-245-3150,MAT-00000619,BATCH-42299,Siemens Energy,2026-01-15 09:16:00,SUCCESS
SCAN-00000620,SN-00000620,EXEC-000220,GIS-245-3150,MAT-00000620,BATCH-60797,Schneider Electric,2026-01-15 09:00:00,SUCCESS
SCAN-00000621,SN-00000621,EXEC-000221,GIS-072-3150,MAT-00000621,BATCH-40679,Mitsubishi Electric,2026-01-15 09:23:00,SUCCESS
SCAN-00000622,SN-00000622,EXEC-000221,GIS-072-3150,MAT-00000622,BATCH-74394,Hitachi Energy,2026-01-15 09:21:00,SUCCESS
SCAN-00000623,SN-00000623,EXEC-000221,GIS-072-3150,MAT-00000623,BATCH-27096,Schneider Electric,2026-01-15 09:23:00,SUCCESS
SCAN-00000624,SN-00000624,EXEC-000221,GIS-072-3150,MAT-00000624,BATCH-91751,Hitachi Energy,2026-01-15 09:33:00,SUCCESS
SCAN-00000625,SN-00000625,EXEC-000222,GIS-145-4000,MAT-00000625,BATCH-85229,Siemens Energy,2026-01-15 09:45:00,SUCCESS
SCAN-00000626,SN-00000626,EXEC-000222,GIS-145-4000,MAT-00000626,BATCH-73858,Mitsubishi Electric,2026-01-15 10:05:00,SUCCESS
SCAN-00000627,SN-00000627,EXEC-000223,GIS-072-3150,MAT-00000627,BATCH-24579,Siemens Energy,2026-01-15 10:24:00,SUCCESS
SCAN-00000628,SN-00000628,EXEC-000223,GIS-072-3150,MAT-00000628,BATCH-70030,ABB,2026-01-15 10:16:00,SUCCESS
SCAN-00000629,SN-00000629,EXEC-000223,GIS-072-3150,MAT-00000629,BATCH-11184,ABB,2026-01-15 10:17:00,SUCCESS
SCAN-00000630,SN-00000630,EXEC-000223,GIS-072-3150,MAT-00000630,BATCH-76448,Hitachi Energy,2026-01-15 10:09:00,SUCCESS
SCAN-00000631,SN-00000631,EXEC-000223,GIS-072-3150,MAT-00000631,BATCH-24822,ABB,2026-01-15 10:16:00,SUCCESS
SCAN-00000632,SN-00000632,EXEC-000224,GIS-245-3150,MAT-00000632,BATCH-53397,Siemens Energy,2026-01-15 10:45:00,SUCCESS
SCAN-00000633,SN-00000633,EXEC-000224,GIS-245-3150,MAT-00000633,BATCH-94110,ABB,2026-01-15 10:27:00,SUCCESS
SCAN-00000634,SN-00000634,EXEC-000225,GIS-145-4000,MAT-00000634,BATCH-45727,Schneider Electric,2026-01-15 11:03:00,SUCCESS
SCAN-00000635,SN-00000635,EXEC-000225,GIS-145-4000,MAT-00000635,BATCH-82579,Siemens Energy,2026-01-15 10:48:00,SUCCESS
SCAN-00000636,SN-00000636,EXEC-000225,GIS-145-4000,MAT-00000636,BATCH-81014,Schneider Electric,2026-01-15 10:41:00,SUCCESS
SCAN-00000637,SN-00000637,EXEC-000226,GIS-170-4000,MAT-00000637,BATCH-44482,Mitsubishi Electric,2026-01-15 11:39:00,SUCCESS
SCAN-00000638,SN-00000638,EXEC-000226,GIS-170-4000,MAT-00000638,BATCH-54772,Siemens Energy,2026-01-15 11:20:00,SUCCESS
SCAN-00000639,SN-00000639,EXEC-000226,GIS-170-4000,MAT-00000639,BATCH-78803,Schneider Electric,2026-01-15 11:12:00,SUCCESS
SCAN-00000640,SN-00000640,EXEC-000227,GIS-072-3150,MAT-00000640,BATCH-31895,Schneider Electric,2026-01-15 11:36:00,SUCCESS
SCAN-00000641,SN-00000641,EXEC-000227,GIS-072-3150,MAT-00000641,BATCH-47765,Siemens Energy,2026-01-15 11:33:00,SUCCESS
SCAN-00000642,SN-00000642,EXEC-000227,GIS-072-3150,MAT-00000642,BATCH-20263,Siemens Energy,2026-01-15 11:21:00,SUCCESS
SCAN-00000643,SN-00000643,EXEC-000227,GIS-072-3150,MAT-00000643,BATCH-99587,Siemens Energy,2026-01-15 11:59:00,SUCCESS
SCAN-00000644,SN-00000644,EXEC-000228,GIS-245-3150,MAT-00000644,BATCH-76207,Hitachi Energy,2026-01-15 12:00:00,SUCCESS
SCAN-00000645,SN-00000645,EXEC-000228,GIS-245-3150,MAT-00000645,BATCH-51444,Hitachi Energy,2026-01-15 12:00:00,SUCCESS
SCAN-00000646,SN-00000646,EXEC-000229,GIS-145-4000,MAT-00000646,BATCH-77176,Mitsubishi Electric,2026-01-15 12:07:00,SUCCESS
SCAN-00000647,SN-00000647,EXEC-000229,GIS-145-4000,MAT-00000647,BATCH-84626,Schneider Electric,2026-01-15 12:05:00,SUCCESS
SCAN-00000648,SN-00000648,EXEC-000229,GIS-145-4000,MAT-00000648,BATCH-58966,Schneider Electric,2026-01-15 12:33:00,SUCCESS
SCAN-00000649,SN-00000649,EXEC-000229,GIS-145-4000,MAT-00000649,BATCH-26307,Schneider Electric,2026-01-15 12:02:00,SUCCESS
SCAN-00000650,SN-00000650,EXEC-000230,GIS-072-3150,MAT-00000650,BATCH-49922,Siemens Energy,2026-01-15 12:40:00,SUCCESS
SCAN-00000651,SN-00000651,EXEC-000230,GIS-072-3150,MAT-00000651,BATCH-13552,Schneider Electric,2026-01-15 12:39:00,SUCCESS
SCAN-00000652,SN-00000652,EXEC-000230,GIS-072-3150,MAT-00000652,BATCH-79870,ABB,2026-01-15 12:49:00,SUCCESS
SCAN-00000653,SN-00000653,EXEC-000230,GIS-072-3150,MAT-00000653,BATCH-27366,Mitsubishi Electric,2026-01-15 12:46:00,SUCCESS
SCAN-00000654,SN-00000654,EXEC-000231,GIS-170-4000,MAT-00000654,BATCH-46292,Schneider Electric,2026-01-15 12:43:00,SUCCESS
SCAN-00000655,SN-00000655,EXEC-000231,GIS-170-4000,MAT-00000655,BATCH-78832,Siemens Energy,2026-01-15 13:06:00,SUCCESS
SCAN-00000656,SN-00000656,EXEC-000231,GIS-170-4000,MAT-00000656,BATCH-77833,Mitsubishi Electric,2026-01-15 13:09:00,SUCCESS
SCAN-00000657,SN-00000657,EXEC-000232,GIS-300-4000,MAT-00000657,BATCH-61217,ABB,2026-01-15 13:09:00,SUCCESS
SCAN-00000658,SN-00000658,EXEC-000232,GIS-300-4000,MAT-00000658,BATCH-53844,Hitachi Energy,2026-01-15 13:19:00,SUCCESS
SCAN-00000659,SN-00000659,EXEC-000233,GIS-072-3150,MAT-00000659,BATCH-25908,Mitsubishi Electric,2026-01-15 13:39:00,SUCCESS
SCAN-00000660,SN-00000660,EXEC-000233,GIS-072-3150,MAT-00000660,BATCH-10487,Mitsubishi Electric,2026-01-15 13:37:00,SUCCESS
SCAN-00000661,SN-00000661,EXEC-000233,GIS-072-3150,MAT-00000661,BATCH-61433,Siemens Energy,2026-01-15 13:45:00,SUCCESS
SCAN-00000662,SN-00000662,EXEC-000234,GIS-072-2500,MAT-00000662,BATCH-21524,ABB,2026-01-15 14:12:00,SUCCESS
SCAN-00000663,SN-00000663,EXEC-000234,GIS-072-2500,MAT-00000663,BATCH-49608,Siemens Energy,2026-01-15 13:42:00,SUCCESS
SCAN-00000664,SN-00000664,EXEC-000234,GIS-072-2500,MAT-00000664,BATCH-40318,Mitsubishi Electric,2026-01-15 14:19:00,SUCCESS
SCAN-00000665,SN-00000665,EXEC-000235,GIS-072-3150,MAT-00000665,BATCH-84409,Mitsubishi Electric,2026-01-16 06:00:00,SUCCESS
SCAN-00000666,SN-00000666,EXEC-000235,GIS-072-3150,MAT-00000666,BATCH-52353,Hitachi Energy,2026-01-16 06:07:00,SUCCESS
SCAN-00000667,SN-00000667,EXEC-000235,GIS-072-3150,MAT-00000667,BATCH-53696,ABB,2026-01-16 06:26:00,SUCCESS
SCAN-00000668,SN-00000668,EXEC-000236,GIS-245-4000,MAT-00000668,BATCH-94215,Schneider Electric,2026-01-16 06:44:00,SUCCESS
SCAN-00000669,SN-00000669,EXEC-000237,GIS-170-4000,MAT-00000669,BATCH-71435,Mitsubishi Electric,2026-01-16 07:05:00,SUCCESS
SCAN-00000670,SN-00000670,EXEC-000237,GIS-170-4000,MAT-00000670,BATCH-52437,Schneider Electric,2026-01-16 06:47:00,SUCCESS
SCAN-00000671,SN-00000671,EXEC-000237,GIS-170-4000,MAT-00000671,BATCH-61870,ABB,2026-01-16 07:16:00,SUCCESS
SCAN-00000672,SN-00000672,EXEC-000238,GIS-145-3150,MAT-00000672,BATCH-96125,Siemens Energy,2026-01-16 07:01:00,SUCCESS
SCAN-00000673,SN-00000673,EXEC-000238,GIS-145-3150,MAT-00000673,BATCH-45514,Siemens Energy,2026-01-16 07:30:00,SUCCESS
SCAN-00000674,SN-00000674,EXEC-000239,GIS-300-4000,MAT-00000674,BATCH-84980,Siemens Energy,2026-01-16 07:44:00,SUCCESS
SCAN-00000675,SN-00000675,EXEC-000240,GIS-145-3150,MAT-00000675,BATCH-75754,Mitsubishi Electric,2026-01-16 08:15:00,SUCCESS
SCAN-00000676,SN-00000676,EXEC-000240,GIS-145-3150,MAT-00000676,BATCH-78050,Schneider Electric,2026-01-16 08:01:00,SUCCESS
SCAN-00000677,SN-00000677,EXEC-000241,GIS-245-3150,MAT-00000677,BATCH-39906,Siemens Energy,2026-01-16 08:39:00,SUCCESS
SCAN-00000678,SN-00000678,EXEC-000242,GIS-170-4000,MAT-00000678,BATCH-91947,ABB,2026-01-16 08:39:00,SUCCESS
SCAN-00000679,SN-00000679,EXEC-000242,GIS-170-4000,MAT-00000679,BATCH-17899,Hitachi Energy,2026-01-16 08:58:00,SUCCESS
SCAN-00000680,SN-00000680,EXEC-000242,GIS-170-4000,MAT-00000680,BATCH-90006,Siemens Energy,2026-01-16 08:52:00,SUCCESS
SCAN-00000681,SN-00000681,EXEC-000243,GIS-072-3150,MAT-00000681,BATCH-24064,Siemens Energy,2026-01-16 09:07:00,SUCCESS
SCAN-00000682,SN-00000682,EXEC-000243,GIS-072-3150,MAT-00000682,BATCH-16201,Hitachi Energy,2026-01-16 08:54:00,SUCCESS
SCAN-00000683,SN-00000683,EXEC-000243,GIS-072-3150,MAT-00000683,BATCH-35615,Mitsubishi Electric,2026-01-16 08:40:00,SUCCESS
SCAN-00000684,SN-00000684,EXEC-000243,GIS-072-3150,MAT-00000684,BATCH-99862,Schneider Electric,2026-01-16 09:13:00,SUCCESS
SCAN-00000685,SN-00000685,EXEC-000243,GIS-072-3150,MAT-00000685,BATCH-99658,Schneider Electric,2026-01-16 08:57:00,SUCCESS
SCAN-00000686,SN-00000686,EXEC-000244,GIS-170-4000,MAT-00000686,BATCH-16660,Hitachi Energy,2026-01-16 09:02:00,SUCCESS
SCAN-00000687,SN-00000687,EXEC-000244,GIS-170-4000,MAT-00000687,BATCH-61955,Siemens Energy,2026-01-16 09:15:00,SUCCESS
SCAN-00000688,SN-00000688,EXEC-000245,GIS-145-3150,MAT-00000688,BATCH-85636,Hitachi Energy,2026-01-16 09:26:00,SUCCESS
SCAN-00000689,SN-00000689,EXEC-000245,GIS-145-3150,MAT-00000689,BATCH-59960,Mitsubishi Electric,2026-01-16 09:30:00,SUCCESS
SCAN-00000690,SN-00000690,EXEC-000245,GIS-145-3150,MAT-00000690,BATCH-81258,Siemens Energy,2026-01-16 09:27:00,SUCCESS
SCAN-00000691,SN-00000691,EXEC-000246,GIS-170-4000,MAT-00000691,BATCH-64226,Hitachi Energy,2026-01-16 10:19:00,SUCCESS
SCAN-00000692,SN-00000692,EXEC-000246,GIS-170-4000,MAT-00000692,BATCH-15566,ABB,2026-01-16 09:54:00,SUCCESS
SCAN-00000693,SN-00000693,EXEC-000246,GIS-170-4000,MAT-00000693,BATCH-65722,Schneider Electric,2026-01-16 09:45:00,SUCCESS
SCAN-00000694,SN-00000694,EXEC-000247,GIS-170-4000,MAT-00000694,BATCH-27559,Siemens Energy,2026-01-16 10:07:00,SUCCESS
SCAN-00000695,SN-00000695,EXEC-000247,GIS-170-4000,MAT-00000695,BATCH-54483,Mitsubishi Electric,2026-01-16 10:19:00,SUCCESS
SCAN-00000696,SN-00000696,EXEC-000248,GIS-072-3150,MAT-00000696,BATCH-16244,Hitachi Energy,2026-01-16 10:52:00,SUCCESS
SCAN-00000697,SN-00000697,EXEC-000248,GIS-072-3150,MAT-00000697,BATCH-62767,Hitachi Energy,2026-01-16 10:25:00,SUCCESS
SCAN-00000698,SN-00000698,EXEC-000248,GIS-072-3150,MAT-00000698,BATCH-33309,Mitsubishi Electric,2026-01-16 11:00:00,SUCCESS
SCAN-00000699,SN-00000699,EXEC-000249,GIS-072-2500,MAT-00000699,BATCH-87176,Mitsubishi Electric,2026-01-16 10:42:00,SUCCESS
SCAN-00000700,SN-00000700,EXEC-000249,GIS-072-2500,MAT-00000700,BATCH-98742,Mitsubishi Electric,2026-01-16 11:12:00,SUCCESS
SCAN-00000701,SN-00000701,EXEC-000249,GIS-072-2500,MAT-00000701,BATCH-48484,Mitsubishi Electric,2026-01-16 10:45:00,SUCCESS
SCAN-00000702,SN-00000702,EXEC-000250,GIS-072-2500,MAT-00000702,BATCH-10381,Mitsubishi Electric,2026-01-16 11:04:00,SUCCESS
SCAN-00000703,SN-00000703,EXEC-000250,GIS-072-2500,MAT-00000703,BATCH-36769,Schneider Electric,2026-01-16 11:07:00,SUCCESS
SCAN-00000704,SN-00000704,EXEC-000250,GIS-072-2500,MAT-00000704,BATCH-52411,Hitachi Energy,2026-01-16 11:20:00,SUCCESS
SCAN-00000705,SN-00000705,EXEC-000251,GIS-245-3150,MAT-00000705,BATCH-85446,ABB,2026-01-16 11:57:00,SUCCESS
SCAN-00000706,SN-00000706,EXEC-000251,GIS-245-3150,MAT-00000706,BATCH-89008,Schneider Electric,2026-01-16 11:26:00,SUCCESS
SCAN-00000707,SN-00000707,EXEC-000252,GIS-072-3150,MAT-00000707,BATCH-98360,Hitachi Energy,2026-01-16 12:16:00,SUCCESS
SCAN-00000708,SN-00000708,EXEC-000252,GIS-072-3150,MAT-00000708,BATCH-39261,Hitachi Energy,2026-01-16 12:03:00,SUCCESS
SCAN-00000709,SN-00000709,EXEC-000252,GIS-072-3150,MAT-00000709,BATCH-14399,Siemens Energy,2026-01-16 11:42:00,SUCCESS
SCAN-00000710,SN-00000710,EXEC-000252,GIS-072-3150,MAT-00000710,BATCH-19277,ABB,2026-01-16 12:18:00,SUCCESS
SCAN-00000711,SN-00000711,EXEC-000252,GIS-072-3150,MAT-00000711,BATCH-36997,Siemens Energy,2026-01-16 11:59:00,SUCCESS
SCAN-00000712,SN-00000712,EXEC-000253,GIS-300-4000,MAT-00000712,BATCH-74904,Schneider Electric,2026-01-16 12:27:00,SUCCESS
SCAN-00000713,SN-00000713,EXEC-000254,GIS-420-5000,MAT-00000713,BATCH-80800,Schneider Electric,2026-01-16 12:32:00,SUCCESS
SCAN-00000714,SN-00000714,EXEC-000255,GIS-145-4000,MAT-00000714,BATCH-26278,Mitsubishi Electric,2026-01-16 13:02:00,SUCCESS
SCAN-00000715,SN-00000715,EXEC-000255,GIS-145-4000,MAT-00000715,BATCH-65738,Hitachi Energy,2026-01-16 13:13:00,SUCCESS
SCAN-00000716,SN-00000716,EXEC-000255,GIS-145-4000,MAT-00000716,BATCH-87246,Siemens Energy,2026-01-16 12:54:00,SUCCESS
SCAN-00000717,SN-00000717,EXEC-000255,GIS-145-4000,MAT-00000717,BATCH-63227,Siemens Energy,2026-01-16 12:59:00,SUCCESS
SCAN-00000718,SN-00000718,EXEC-000256,GIS-072-3150,MAT-00000718,BATCH-19149,Siemens Energy,2026-01-16 13:34:00,SUCCESS
SCAN-00000719,SN-00000719,EXEC-000256,GIS-072-3150,MAT-00000719,BATCH-71714,Schneider Electric,2026-01-16 13:06:00,SUCCESS
SCAN-00000720,SN-00000720,EXEC-000256,GIS-072-3150,MAT-00000720,BATCH-48042,Schneider Electric,2026-01-16 13:08:00,SUCCESS
SCAN-00000721,SN-00000721,EXEC-000257,GIS-245-4000,MAT-00000721,BATCH-98449,Schneider Electric,2026-01-17 06:24:00,SUCCESS
SCAN-00000722,SN-00000722,EXEC-000257,GIS-245-4000,MAT-00000722,BATCH-48103,Mitsubishi Electric,2026-01-17 06:34:00,SUCCESS
SCAN-00000723,SN-00000723,EXEC-000257,GIS-245-4000,MAT-00000723,BATCH-90562,Hitachi Energy,2026-01-17 06:19:00,SUCCESS
SCAN-00000724,SN-00000724,EXEC-000258,GIS-170-4000,MAT-00000724,BATCH-69428,ABB,2026-01-17 06:57:00,SUCCESS
SCAN-00000725,SN-00000725,EXEC-000258,GIS-170-4000,MAT-00000725,BATCH-93980,Mitsubishi Electric,2026-01-17 06:30:00,SUCCESS
SCAN-00000726,SN-00000726,EXEC-000258,GIS-170-4000,MAT-00000726,BATCH-86806,Mitsubishi Electric,2026-01-17 06:48:00,SUCCESS
SCAN-00000727,SN-00000727,EXEC-000259,GIS-145-4000,MAT-00000727,BATCH-74914,Hitachi Energy,2026-01-17 06:56:00,SUCCESS
SCAN-00000728,SN-00000728,EXEC-000259,GIS-145-4000,MAT-00000728,BATCH-23603,Mitsubishi Electric,2026-01-17 06:46:00,SUCCESS
SCAN-00000729,SN-00000729,EXEC-000259,GIS-145-4000,MAT-00000729,BATCH-85282,Schneider Electric,2026-01-17 07:20:00,SUCCESS
SCAN-00000730,SN-00000730,EXEC-000260,GIS-420-5000,MAT-00000730,BATCH-43417,Hitachi Energy,2026-01-17 07:24:00,SUCCESS
SCAN-00000731,SN-00000731,EXEC-000260,GIS-420-5000,MAT-00000731,BATCH-91872,Hitachi Energy,2026-01-17 07:02:00,SUCCESS
SCAN-00000732,SN-00000732,EXEC-000261,GIS-170-4000,MAT-00000732,BATCH-11900,Mitsubishi Electric,2026-01-17 07:45:00,SUCCESS
SCAN-00000733,SN-00000733,EXEC-000261,GIS-170-4000,MAT-00000733,BATCH-91080,Siemens Energy,2026-01-17 07:30:00,SUCCESS
SCAN-00000734,SN-00000734,EXEC-000261,GIS-170-4000,MAT-00000734,BATCH-47043,ABB,2026-01-17 07:59:00,SUCCESS
SCAN-00000735,SN-00000735,EXEC-000262,GIS-170-4000,MAT-00000735,BATCH-99578,Schneider Electric,2026-01-17 07:45:00,SUCCESS
SCAN-00000736,SN-00000736,EXEC-000262,GIS-170-4000,MAT-00000736,BATCH-25198,Hitachi Energy,2026-01-17 07:42:00,SUCCESS
SCAN-00000737,SN-00000737,EXEC-000263,GIS-550-5000,MAT-00000737,BATCH-18849,ABB,2026-01-17 08:17:00,SUCCESS
SCAN-00000738,SN-00000738,EXEC-000264,GIS-170-4000,MAT-00000738,BATCH-28929,ABB,2026-01-17 08:57:00,SUCCESS
SCAN-00000739,SN-00000739,EXEC-000264,GIS-170-4000,MAT-00000739,BATCH-49065,Mitsubishi Electric,2026-01-17 08:24:00,SUCCESS
SCAN-00000740,SN-00000740,EXEC-000265,GIS-245-3150,MAT-00000740,BATCH-35374,Hitachi Energy,2026-01-17 09:15:00,SUCCESS
SCAN-00000741,SN-00000741,EXEC-000265,GIS-245-3150,MAT-00000741,BATCH-45888,Siemens Energy,2026-01-17 08:42:00,SUCCESS
SCAN-00000742,SN-00000742,EXEC-000266,GIS-245-4000,MAT-00000742,BATCH-24849,Mitsubishi Electric,2026-01-17 09:10:00,SUCCESS
SCAN-00000743,SN-00000743,EXEC-000267,GIS-245-3150,MAT-00000743,BATCH-77399,Schneider Electric,2026-01-17 09:21:00,SUCCESS
SCAN-00000744,SN-00000744,EXEC-000267,GIS-245-3150,MAT-00000744,BATCH-46434,Schneider Electric,2026-01-17 09:37:00,SUCCESS
SCAN-00000745,SN-00000745,EXEC-000268,GIS-170-4000,MAT-00000745,BATCH-25689,Schneider Electric,2026-01-17 10:18:00,SUCCESS
SCAN-00000746,SN-00000746,EXEC-000268,GIS-170-4000,MAT-00000746,BATCH-75211,Mitsubishi Electric,2026-01-17 10:01:00,SUCCESS
SCAN-00000747,SN-00000747,EXEC-000268,GIS-170-4000,MAT-00000747,BATCH-60395,Mitsubishi Electric,2026-01-17 10:00:00,SUCCESS
SCAN-00000748,SN-00000748,EXEC-000269,GIS-145-4000,MAT-00000748,BATCH-78258,ABB,2026-01-17 10:27:00,SUCCESS
SCAN-00000749,SN-00000749,EXEC-000269,GIS-145-4000,MAT-00000749,BATCH-40425,Siemens Energy,2026-01-17 10:31:00,SUCCESS
SCAN-00000750,SN-00000750,EXEC-000269,GIS-145-4000,MAT-00000750,BATCH-67509,Mitsubishi Electric,2026-01-17 10:36:00,SUCCESS
SCAN-00000751,SN-00000751,EXEC-000270,GIS-245-3150,MAT-00000751,BATCH-73235,ABB,2026-01-17 10:30:00,SUCCESS
SCAN-00000752,SN-00000752,EXEC-000271,GIS-245-3150,MAT-00000752,BATCH-97440,Mitsubishi Electric,2026-01-17 10:59:00,SUCCESS
SCAN-00000753,SN-00000753,EXEC-000271,GIS-245-3150,MAT-00000753,BATCH-14720,Mitsubishi Electric,2026-01-17 11:19:00,SUCCESS
SCAN-00000754,SN-00000754,EXEC-000272,GIS-145-3150,MAT-00000754,BATCH-47208,Schneider Electric,2026-01-17 11:13:00,SUCCESS
SCAN-00000755,SN-00000755,EXEC-000272,GIS-145-3150,MAT-00000755,BATCH-55050,ABB,2026-01-17 11:26:00,SUCCESS
SCAN-00000756,SN-00000756,EXEC-000272,GIS-145-3150,MAT-00000756,BATCH-72664,Hitachi Energy,2026-01-17 11:09:00,SUCCESS
SCAN-00000757,SN-00000757,EXEC-000272,GIS-145-3150,MAT-00000757,BATCH-66237,Siemens Energy,2026-01-17 11:31:00,SUCCESS
SCAN-00000758,SN-00000758,EXEC-000273,GIS-072-2500,MAT-00000758,BATCH-12774,Siemens Energy,2026-01-17 11:20:00,SUCCESS
SCAN-00000759,SN-00000759,EXEC-000273,GIS-072-2500,MAT-00000759,BATCH-35522,Mitsubishi Electric,2026-01-17 11:52:00,SUCCESS
SCAN-00000760,SN-00000760,EXEC-000273,GIS-072-2500,MAT-00000760,BATCH-11236,Hitachi Energy,2026-01-17 11:44:00,SUCCESS
SCAN-00000761,SN-00000761,EXEC-000273,GIS-072-2500,MAT-00000761,BATCH-37314,Hitachi Energy,2026-01-17 11:24:00,SUCCESS
SCAN-00000762,SN-00000762,EXEC-000274,GIS-550-5000,MAT-00000762,BATCH-23802,ABB,2026-01-17 12:08:00,SUCCESS
SCAN-00000763,SN-00000763,EXEC-000275,GIS-145-4000,MAT-00000763,BATCH-41278,Hitachi Energy,2026-01-17 12:02:00,SUCCESS
SCAN-00000764,SN-00000764,EXEC-000275,GIS-145-4000,MAT-00000764,BATCH-56289,Hitachi Energy,2026-01-17 12:25:00,SUCCESS
SCAN-00000765,SN-00000765,EXEC-000276,GIS-145-4000,MAT-00000765,BATCH-99459,ABB,2026-01-18 06:20:00,SUCCESS
SCAN-00000766,SN-00000766,EXEC-000276,GIS-145-4000,MAT-00000766,BATCH-46090,Mitsubishi Electric,2026-01-18 06:20:00,SUCCESS
SCAN-00000767,SN-00000767,EXEC-000277,GIS-145-3150,MAT-00000767,BATCH-61078,ABB,2026-01-18 06:59:00,SUCCESS
SCAN-00000768,SN-00000768,EXEC-000277,GIS-145-3150,MAT-00000768,BATCH-44905,ABB,2026-01-18 06:57:00,SUCCESS
SCAN-00000769,SN-00000769,EXEC-000277,GIS-145-3150,MAT-00000769,BATCH-42452,Hitachi Energy,2026-01-18 06:48:00,SUCCESS
SCAN-00000770,SN-00000770,EXEC-000278,GIS-245-4000,MAT-00000770,BATCH-82755,Siemens Energy,2026-01-18 07:18:00,SUCCESS
SCAN-00000771,SN-00000771,EXEC-000279,GIS-072-2500,MAT-00000771,BATCH-73210,Schneider Electric,2026-01-18 07:07:00,SUCCESS
SCAN-00000772,SN-00000772,EXEC-000279,GIS-072-2500,MAT-00000772,BATCH-45214,Siemens Energy,2026-01-18 07:24:00,SUCCESS
SCAN-00000773,SN-00000773,EXEC-000279,GIS-072-2500,MAT-00000773,BATCH-13063,Siemens Energy,2026-01-18 07:05:00,SUCCESS
SCAN-00000774,SN-00000774,EXEC-000279,GIS-072-2500,MAT-00000774,BATCH-64412,Hitachi Energy,2026-01-18 07:37:00,SUCCESS
SCAN-00000775,SN-00000775,EXEC-000280,GIS-245-3150,MAT-00000775,BATCH-12932,Siemens Energy,2026-01-18 07:21:00,SUCCESS
SCAN-00000776,SN-00000776,EXEC-000281,GIS-245-3150,MAT-00000776,BATCH-27059,Hitachi Energy,2026-01-18 08:12:00,SUCCESS
SCAN-00000777,SN-00000777,EXEC-000282,GIS-145-3150,MAT-00000777,BATCH-67339,Schneider Electric,2026-01-18 08:09:00,SUCCESS
SCAN-00000778,SN-00000778,EXEC-000282,GIS-145-3150,MAT-00000778,BATCH-73987,Mitsubishi Electric,2026-01-18 08:04:00,SUCCESS
SCAN-00000779,SN-00000779,EXEC-000283,GIS-072-2500,MAT-00000779,BATCH-41136,Siemens Energy,2026-01-18 08:45:00,SUCCESS
SCAN-00000780,SN-00000780,EXEC-000283,GIS-072-2500,MAT-00000780,BATCH-97642,Siemens Energy,2026-01-18 08:46:00,SUCCESS
SCAN-00000781,SN-00000781,EXEC-000283,GIS-072-2500,MAT-00000781,BATCH-93776,ABB,2026-01-18 08:51:00,SUCCESS
SCAN-00000782,SN-00000782,EXEC-000284,GIS-072-2500,MAT-00000782,BATCH-95485,Schneider Electric,2026-01-18 09:04:00,SUCCESS
SCAN-00000783,SN-00000783,EXEC-000284,GIS-072-2500,MAT-00000783,BATCH-70929,Siemens Energy,2026-01-18 08:58:00,SUCCESS
SCAN-00000784,SN-00000784,EXEC-000284,GIS-072-2500,MAT-00000784,BATCH-36724,Hitachi Energy,2026-01-18 09:00:00,SUCCESS
SCAN-00000785,SN-00000785,EXEC-000285,GIS-245-3150,MAT-00000785,BATCH-80021,Mitsubishi Electric,2026-01-18 09:13:00,SUCCESS
SCAN-00000786,SN-00000786,EXEC-000285,GIS-245-3150,MAT-00000786,BATCH-45257,ABB,2026-01-18 09:37:00,SUCCESS
SCAN-00000787,SN-00000787,EXEC-000285,GIS-245-3150,MAT-00000787,BATCH-72676,Mitsubishi Electric,2026-01-18 09:22:00,SUCCESS
SCAN-00000788,SN-00000788,EXEC-000286,GIS-145-3150,MAT-00000788,BATCH-15115,Mitsubishi Electric,2026-01-18 09:21:00,SUCCESS
SCAN-00000789,SN-00000789,EXEC-000286,GIS-145-3150,MAT-00000789,BATCH-60628,Hitachi Energy,2026-01-18 09:31:00,SUCCESS
SCAN-00000790,SN-00000790,EXEC-000286,GIS-145-3150,MAT-00000790,BATCH-47967,ABB,2026-01-18 09:22:00,SUCCESS
SCAN-00000791,SN-00000791,EXEC-000287,GIS-072-3150,MAT-00000791,BATCH-40467,Schneider Electric,2026-01-18 10:17:00,SUCCESS
SCAN-00000792,SN-00000792,EXEC-000287,GIS-072-3150,MAT-00000792,BATCH-84654,ABB,2026-01-18 09:52:00,SUCCESS
SCAN-00000793,SN-00000793,EXEC-000287,GIS-072-3150,MAT-00000793,BATCH-43164,Siemens Energy,2026-01-18 10:08:00,SUCCESS
SCAN-00000794,SN-00000794,EXEC-000287,GIS-072-3150,MAT-00000794,BATCH-56831,Schneider Electric,2026-01-18 10:19:00,SUCCESS
SCAN-00000795,SN-00000795,EXEC-000287,GIS-072-3150,MAT-00000795,BATCH-65143,Hitachi Energy,2026-01-18 10:20:00,SUCCESS
SCAN-00000796,SN-00000796,EXEC-000288,GIS-072-3150,MAT-00000796,BATCH-88785,ABB,2026-01-18 10:21:00,SUCCESS
SCAN-00000797,SN-00000797,EXEC-000288,GIS-072-3150,MAT-00000797,BATCH-47277,Mitsubishi Electric,2026-01-18 10:29:00,SUCCESS
SCAN-00000798,SN-00000798,EXEC-000288,GIS-072-3150,MAT-00000798,BATCH-48316,Hitachi Energy,2026-01-18 10:07:00,SUCCESS
SCAN-00000799,SN-00000799,EXEC-000288,GIS-072-3150,MAT-00000799,BATCH-40461,Hitachi Energy,2026-01-18 10:25:00,SUCCESS
SCAN-00000800,SN-00000800,EXEC-000288,GIS-072-3150,MAT-00000800,BATCH-85487,ABB,2026-01-18 10:09:00,SUCCESS
SCAN-00000801,SN-00000801,EXEC-000289,GIS-420-4000,MAT-00000801,BATCH-31219,Hitachi Energy,2026-01-18 10:42:00,SUCCESS
SCAN-00000802,SN-00000802,EXEC-000290,GIS-245-4000,MAT-00000802,BATCH-37027,Mitsubishi Electric,2026-01-18 10:59:00,SUCCESS
SCAN-00000803,SN-00000803,EXEC-000290,GIS-245-4000,MAT-00000803,BATCH-51571,Siemens Energy,2026-01-18 10:48:00,SUCCESS
SCAN-00000804,SN-00000804,EXEC-000291,GIS-245-4000,MAT-00000804,BATCH-17270,Mitsubishi Electric,2026-01-18 11:17:00,SUCCESS
SCAN-00000805,SN-00000805,EXEC-000291,GIS-245-4000,MAT-00000805,BATCH-54561,Mitsubishi Electric,2026-01-18 11:34:00,SUCCESS
SCAN-00000806,SN-00000806,EXEC-000292,GIS-072-3150,MAT-00000806,BATCH-55927,Siemens Energy,2026-01-18 11:28:00,SUCCESS
SCAN-00000807,SN-00000807,EXEC-000292,GIS-072-3150,MAT-00000807,BATCH-30327,Siemens Energy,2026-01-18 11:47:00,SUCCESS
SCAN-00000808,SN-00000808,EXEC-000292,GIS-072-3150,MAT-00000808,BATCH-85630,Hitachi Energy,2026-01-18 11:51:00,SUCCESS
SCAN-00000809,SN-00000809,EXEC-000292,GIS-072-3150,MAT-00000809,BATCH-58445,Siemens Energy,2026-01-18 11:40:00,SUCCESS
SCAN-00000810,SN-00000810,EXEC-000293,GIS-170-4000,MAT-00000810,BATCH-65778,Hitachi Energy,2026-01-18 11:50:00,SUCCESS
SCAN-00000811,SN-00000811,EXEC-000293,GIS-170-4000,MAT-00000811,BATCH-36886,Siemens Energy,2026-01-18 12:06:00,SUCCESS
SCAN-00000812,SN-00000812,EXEC-000293,GIS-170-4000,MAT-00000812,BATCH-39046,Mitsubishi Electric,2026-01-18 12:16:00,SUCCESS
SCAN-00000813,SN-00000813,EXEC-000294,GIS-145-3150,MAT-00000813,BATCH-66767,Mitsubishi Electric,2026-01-18 12:01:00,SUCCESS
SCAN-00000814,SN-00000814,EXEC-000294,GIS-145-3150,MAT-00000814,BATCH-15036,ABB,2026-01-18 12:33:00,SUCCESS
SCAN-00000815,SN-00000815,EXEC-000294,GIS-145-3150,MAT-00000815,BATCH-83226,ABB,2026-01-18 12:03:00,SUCCESS
SCAN-00000816,SN-00000816,EXEC-000295,GIS-170-4000,MAT-00000816,BATCH-23954,Hitachi Energy,2026-01-18 12:31:00,SUCCESS
SCAN-00000817,SN-00000817,EXEC-000295,GIS-170-4000,MAT-00000817,BATCH-98938,ABB,2026-01-18 12:23:00,SUCCESS
SCAN-00000818,SN-00000818,EXEC-000295,GIS-170-4000,MAT-00000818,BATCH-93164,Mitsubishi Electric,2026-01-18 12:26:00,SUCCESS
SCAN-00000819,SN-00000819,EXEC-000296,GIS-145-3150,MAT-00000819,BATCH-36506,Hitachi Energy,2026-01-18 13:15:00,SUCCESS
SCAN-00000820,SN-00000820,EXEC-000296,GIS-145-3150,MAT-00000820,BATCH-98018,Schneider Electric,2026-01-18 12:48:00,SUCCESS
SCAN-00000821,SN-00000821,EXEC-000297,GIS-072-3150,MAT-00000821,BATCH-31094,Siemens Energy,2026-01-18 13:30:00,SUCCESS
SCAN-00000822,SN-00000822,EXEC-000297,GIS-072-3150,MAT-00000822,BATCH-42370,ABB,2026-01-18 13:35:00,SUCCESS
SCAN-00000823,SN-00000823,EXEC-000297,GIS-072-3150,MAT-00000823,BATCH-81079,Schneider Electric,2026-01-18 13:13:00,SUCCESS
SCAN-00000824,SN-00000824,EXEC-000297,GIS-072-3150,MAT-00000824,BATCH-97782,ABB,2026-01-18 13:03:00,SUCCESS
SCAN-00000825,SN-00000825,EXEC-000298,GIS-145-3150,MAT-00000825,BATCH-63644,Schneider Electric,2026-01-19 06:38:00,SUCCESS
SCAN-00000826,SN-00000826,EXEC-000298,GIS-145-3150,MAT-00000826,BATCH-58479,Hitachi Energy,2026-01-19 06:03:00,SUCCESS
SCAN-00000827,SN-00000827,EXEC-000298,GIS-145-3150,MAT-00000827,BATCH-66265,Mitsubishi Electric,2026-01-19 06:05:00,SUCCESS
SCAN-00000828,SN-00000828,EXEC-000299,GIS-245-3150,MAT-00000828,BATCH-58655,Mitsubishi Electric,2026-01-19 06:55:00,SUCCESS
SCAN-00000829,SN-00000829,EXEC-000299,GIS-245-3150,MAT-00000829,BATCH-65770,Hitachi Energy,2026-01-19 06:46:00,SUCCESS
SCAN-00000830,SN-00000830,EXEC-000300,GIS-245-3150,MAT-00000830,BATCH-48377,Siemens Energy,2026-01-19 07:01:00,SUCCESS
SCAN-00000831,SN-00000831,EXEC-000300,GIS-245-3150,MAT-00000831,BATCH-15769,Schneider Electric,2026-01-19 07:07:00,SUCCESS
SCAN-00000832,SN-00000832,EXEC-000300,GIS-245-3150,MAT-00000832,BATCH-97407,Mitsubishi Electric,2026-01-19 07:00:00,SUCCESS
SCAN-00000833,SN-00000833,EXEC-000301,GIS-145-4000,MAT-00000833,BATCH-13324,Hitachi Energy,2026-01-19 07:19:00,SUCCESS
SCAN-00000834,SN-00000834,EXEC-000301,GIS-145-4000,MAT-00000834,BATCH-76548,ABB,2026-01-19 07:13:00,SUCCESS
SCAN-00000835,SN-00000835,EXEC-000302,GIS-550-5000,MAT-00000835,BATCH-76981,Schneider Electric,2026-01-19 07:48:00,SUCCESS
SCAN-00000836,SN-00000836,EXEC-000303,GIS-072-2500,MAT-00000836,BATCH-47319,Schneider Electric,2026-01-19 08:09:00,SUCCESS
SCAN-00000837,SN-00000837,EXEC-000303,GIS-072-2500,MAT-00000837,BATCH-29801,Schneider Electric,2026-01-19 07:56:00,SUCCESS
SCAN-00000838,SN-00000838,EXEC-000303,GIS-072-2500,MAT-00000838,BATCH-93479,Siemens Energy,2026-01-19 07:50:00,SUCCESS
SCAN-00000839,SN-00000839,EXEC-000303,GIS-072-2500,MAT-00000839,BATCH-20458,Siemens Energy,2026-01-19 08:18:00,SUCCESS
SCAN-00000840,SN-00000840,EXEC-000304,GIS-420-4000,MAT-00000840,BATCH-26105,Hitachi Energy,2026-01-19 08:16:00,SUCCESS
SCAN-00000841,SN-00000841,EXEC-000305,GIS-145-3150,MAT-00000841,BATCH-62436,Hitachi Energy,2026-01-19 08:41:00,SUCCESS
SCAN-00000842,SN-00000842,EXEC-000305,GIS-145-3150,MAT-00000842,BATCH-91082,Mitsubishi Electric,2026-01-19 08:36:00,SUCCESS
SCAN-00000843,SN-00000843,EXEC-000305,GIS-145-3150,MAT-00000843,BATCH-36364,Siemens Energy,2026-01-19 08:55:00,SUCCESS
SCAN-00000844,SN-00000844,EXEC-000305,GIS-145-3150,MAT-00000844,BATCH-56205,Schneider Electric,2026-01-19 08:35:00,SUCCESS
SCAN-00000845,SN-00000845,EXEC-000306,GIS-072-2500,MAT-00000845,BATCH-28032,ABB,2026-01-19 09:10:00,SUCCESS
SCAN-00000846,SN-00000846,EXEC-000306,GIS-072-2500,MAT-00000846,BATCH-74839,Hitachi Energy,2026-01-19 08:45:00,SUCCESS
SCAN-00000847,SN-00000847,EXEC-000306,GIS-072-2500,MAT-00000847,BATCH-75203,Mitsubishi Electric,2026-01-19 09:07:00,SUCCESS
SCAN-00000848,SN-00000848,EXEC-000306,GIS-072-2500,MAT-00000848,BATCH-45148,Schneider Electric,2026-01-19 08:51:00,SUCCESS
SCAN-00000849,SN-00000849,EXEC-000307,GIS-245-3150,MAT-00000849,BATCH-86004,Mitsubishi Electric,2026-01-19 09:16:00,SUCCESS
SCAN-00000850,SN-00000850,EXEC-000307,GIS-245-3150,MAT-00000850,BATCH-44321,Siemens Energy,2026-01-19 09:21:00,SUCCESS
SCAN-00000851,SN-00000851,EXEC-000307,GIS-245-3150,MAT-00000851,BATCH-43708,Mitsubishi Electric,2026-01-19 09:40:00,SUCCESS
SCAN-00000852,SN-00000852,EXEC-000308,GIS-145-3150,MAT-00000852,BATCH-43374,Schneider Electric,2026-01-19 09:58:00,SUCCESS
SCAN-00000853,SN-00000853,EXEC-000308,GIS-145-3150,MAT-00000853,BATCH-25449,Schneider Electric,2026-01-19 09:20:00,SUCCESS
SCAN-00000854,SN-00000854,EXEC-000308,GIS-145-3150,MAT-00000854,BATCH-63838,ABB,2026-01-19 09:25:00,SUCCESS
SCAN-00000855,SN-00000855,EXEC-000308,GIS-145-3150,MAT-00000855,BATCH-44367,Schneider Electric,2026-01-19 10:00:00,SUCCESS
SCAN-00000856,SN-00000856,EXEC-000309,GIS-145-3150,MAT-00000856,BATCH-91192,ABB,2026-01-19 10:01:00,SUCCESS
SCAN-00000857,SN-00000857,EXEC-000309,GIS-145-3150,MAT-00000857,BATCH-38437,Hitachi Energy,2026-01-19 10:01:00,SUCCESS
SCAN-00000858,SN-00000858,EXEC-000309,GIS-145-3150,MAT-00000858,BATCH-74298,ABB,2026-01-19 09:44:00,SUCCESS
SCAN-00000859,SN-00000859,EXEC-000310,GIS-420-4000,MAT-00000859,BATCH-87408,Mitsubishi Electric,2026-01-19 10:29:00,SUCCESS
SCAN-00000860,SN-00000860,EXEC-000310,GIS-420-4000,MAT-00000860,BATCH-41467,ABB,2026-01-19 10:33:00,SUCCESS
SCAN-00000861,SN-00000861,EXEC-000311,GIS-072-2500,MAT-00000861,BATCH-73330,Schneider Electric,2026-01-19 10:58:00,SUCCESS
SCAN-00000862,SN-00000862,EXEC-000311,GIS-072-2500,MAT-00000862,BATCH-38579,Siemens Energy,2026-01-19 10:57:00,SUCCESS
SCAN-00000863,SN-00000863,EXEC-000311,GIS-072-2500,MAT-00000863,BATCH-12592,Hitachi Energy,2026-01-19 10:44:00,SUCCESS
SCAN-00000864,SN-00000864,EXEC-000312,GIS-245-3150,MAT-00000864,BATCH-73488,Mitsubishi Electric,2026-01-19 10:51:00,SUCCESS
SCAN-00000865,SN-00000865,EXEC-000312,GIS-245-3150,MAT-00000865,BATCH-55081,Siemens Energy,2026-01-19 11:17:00,SUCCESS
SCAN-00000866,SN-00000866,EXEC-000313,GIS-245-4000,MAT-00000866,BATCH-67226,Siemens Energy,2026-01-19 11:22:00,SUCCESS
SCAN-00000867,SN-00000867,EXEC-000313,GIS-245-4000,MAT-00000867,BATCH-89916,Schneider Electric,2026-01-19 11:24:00,SUCCESS
SCAN-00000868,SN-00000868,EXEC-000314,GIS-245-4000,MAT-00000868,BATCH-98328,Siemens Energy,2026-01-19 11:26:00,SUCCESS
SCAN-00000869,SN-00000869,EXEC-000314,GIS-245-4000,MAT-00000869,BATCH-22231,Siemens Energy,2026-01-19 11:43:00,SUCCESS
SCAN-00000870,SN-00000870,EXEC-000314,GIS-245-4000,MAT-00000870,BATCH-99289,Siemens Energy,2026-01-19 11:24:00,SUCCESS
SCAN-00000871,SN-00000871,EXEC-000315,GIS-145-3150,MAT-00000871,BATCH-60924,Hitachi Energy,2026-01-19 12:20:00,SUCCESS
SCAN-00000872,SN-00000872,EXEC-000315,GIS-145-3150,MAT-00000872,BATCH-98060,Siemens Energy,2026-01-19 12:11:00,SUCCESS
SCAN-00000873,SN-00000873,EXEC-000315,GIS-145-3150,MAT-00000873,BATCH-71310,Siemens Energy,2026-01-19 12:07:00,SUCCESS
SCAN-00000874,SN-00000874,EXEC-000315,GIS-145-3150,MAT-00000874,BATCH-77385,ABB,2026-01-19 12:07:00,SUCCESS
SCAN-00000875,SN-00000875,EXEC-000316,GIS-072-2500,MAT-00000875,BATCH-90703,Hitachi Energy,2026-01-19 12:04:00,SUCCESS
SCAN-00000876,SN-00000876,EXEC-000316,GIS-072-2500,MAT-00000876,BATCH-28050,Mitsubishi Electric,2026-01-19 12:08:00,SUCCESS
SCAN-00000877,SN-00000877,EXEC-000316,GIS-072-2500,MAT-00000877,BATCH-60246,ABB,2026-01-19 12:16:00,SUCCESS
SCAN-00000878,SN-00000878,EXEC-000316,GIS-072-2500,MAT-00000878,BATCH-17839,Schneider Electric,2026-01-19 12:11:00,SUCCESS
SCAN-00000879,SN-00000879,EXEC-000317,GIS-072-3150,MAT-00000879,BATCH-86488,Hitachi Energy,2026-01-19 12:20:00,SUCCESS
SCAN-00000880,SN-00000880,EXEC-000317,GIS-072-3150,MAT-00000880,BATCH-51346,Hitachi Energy,2026-01-19 12:28:00,SUCCESS
SCAN-00000881,SN-00000881,EXEC-000317,GIS-072-3150,MAT-00000881,BATCH-41143,Schneider Electric,2026-01-19 12:30:00,SUCCESS
SCAN-00000882,SN-00000882,EXEC-000317,GIS-072-3150,MAT-00000882,BATCH-55778,ABB,2026-01-19 12:47:00,SUCCESS
SCAN-00000883,SN-00000883,EXEC-000318,GIS-072-3150,MAT-00000883,BATCH-67082,Schneider Electric,2026-01-19 12:48:00,SUCCESS
SCAN-00000884,SN-00000884,EXEC-000318,GIS-072-3150,MAT-00000884,BATCH-83031,Siemens Energy,2026-01-19 12:40:00,SUCCESS
SCAN-00000885,SN-00000885,EXEC-000318,GIS-072-3150,MAT-00000885,BATCH-53656,Schneider Electric,2026-01-19 13:20:00,SUCCESS
SCAN-00000886,SN-00000886,EXEC-000318,GIS-072-3150,MAT-00000886,BATCH-84773,Siemens Energy,2026-01-19 12:43:00,SUCCESS
SCAN-00000887,SN-00000887,EXEC-000319,GIS-245-4000,MAT-00000887,BATCH-89800,Hitachi Energy,2026-01-19 13:29:00,SUCCESS
SCAN-00000888,SN-00000888,EXEC-000320,GIS-170-4000,MAT-00000888,BATCH-40082,Mitsubishi Electric,2026-01-19 14:00:00,SUCCESS
SCAN-00000889,SN-00000889,EXEC-000320,GIS-170-4000,MAT-00000889,BATCH-36480,Mitsubishi Electric,2026-01-19 13:41:00,SUCCESS
SCAN-00000890,SN-00000890,EXEC-000320,GIS-170-4000,MAT-00000890,BATCH-18652,Hitachi Energy,2026-01-19 13:37:00,SUCCESS
SCAN-00000891,SN-00000891,EXEC-000321,GIS-072-3150,MAT-00000891,BATCH-99531,Schneider Electric,2026-01-19 14:13:00,SUCCESS
SCAN-00000892,SN-00000892,EXEC-000321,GIS-072-3150,MAT-00000892,BATCH-40303,Mitsubishi Electric,2026-01-19 14:10:00,SUCCESS
SCAN-00000893,SN-00000893,EXEC-000321,GIS-072-3150,MAT-00000893,BATCH-18092,Schneider Electric,2026-01-19 14:15:00,SUCCESS
SCAN-00000894,SN-00000894,EXEC-000321,GIS-072-3150,MAT-00000894,BATCH-48598,Schneider Electric,2026-01-19 14:07:00,SUCCESS
SCAN-00000895,SN-00000895,EXEC-000321,GIS-072-3150,MAT-00000895,BATCH-79230,ABB,2026-01-19 13:45:00,SUCCESS
SCAN-00000896,SN-00000896,EXEC-000322,GIS-245-3150,MAT-00000896,BATCH-70513,ABB,2026-01-20 06:35:00,SUCCESS
SCAN-00000897,SN-00000897,EXEC-000322,GIS-245-3150,MAT-00000897,BATCH-48090,Schneider Electric,2026-01-20 06:17:00,SUCCESS
SCAN-00000898,SN-00000898,EXEC-000323,GIS-072-2500,MAT-00000898,BATCH-23902,Hitachi Energy,2026-01-20 06:38:00,SUCCESS
SCAN-00000899,SN-00000899,EXEC-000323,GIS-072-2500,MAT-00000899,BATCH-63177,Schneider Electric,2026-01-20 06:59:00,SUCCESS
SCAN-00000900,SN-00000900,EXEC-000323,GIS-072-2500,MAT-00000900,BATCH-74540,Siemens Energy,2026-01-20 06:50:00,SUCCESS
SCAN-00000901,SN-00000901,EXEC-000323,GIS-072-2500,MAT-00000901,BATCH-88201,Mitsubishi Electric,2026-01-20 06:22:00,SUCCESS
SCAN-00000902,SN-00000902,EXEC-000324,GIS-245-3150,MAT-00000902,BATCH-22969,Siemens Energy,2026-01-20 07:13:00,SUCCESS
SCAN-00000903,SN-00000903,EXEC-000325,GIS-420-5000,MAT-00000903,BATCH-23537,ABB,2026-01-20 07:28:00,SUCCESS
SCAN-00000904,SN-00000904,EXEC-000325,GIS-420-5000,MAT-00000904,BATCH-88984,Mitsubishi Electric,2026-01-20 07:30:00,SUCCESS
SCAN-00000905,SN-00000905,EXEC-000326,GIS-145-3150,MAT-00000905,BATCH-36463,Mitsubishi Electric,2026-01-20 07:31:00,SUCCESS
SCAN-00000906,SN-00000906,EXEC-000326,GIS-145-3150,MAT-00000906,BATCH-37431,ABB,2026-01-20 07:23:00,SUCCESS
SCAN-00000907,SN-00000907,EXEC-000326,GIS-145-3150,MAT-00000907,BATCH-50858,ABB,2026-01-20 07:36:00,SUCCESS
SCAN-00000908,SN-00000908,EXEC-000327,GIS-145-3150,MAT-00000908,BATCH-24044,Hitachi Energy,2026-01-20 08:02:00,SUCCESS
SCAN-00000909,SN-00000909,EXEC-000327,GIS-145-3150,MAT-00000909,BATCH-40605,Schneider Electric,2026-01-20 08:11:00,SUCCESS
SCAN-00000910,SN-00000910,EXEC-000327,GIS-145-3150,MAT-00000910,BATCH-36246,Schneider Electric,2026-01-20 08:10:00,SUCCESS
SCAN-00000911,SN-00000911,EXEC-000328,GIS-072-2500,MAT-00000911,BATCH-27501,Mitsubishi Electric,2026-01-20 08:32:00,SUCCESS
SCAN-00000912,SN-00000912,EXEC-000328,GIS-072-2500,MAT-00000912,BATCH-78546,Hitachi Energy,2026-01-20 08:34:00,SUCCESS
SCAN-00000913,SN-00000913,EXEC-000328,GIS-072-2500,MAT-00000913,BATCH-23083,ABB,2026-01-20 08:18:00,SUCCESS
SCAN-00000914,SN-00000914,EXEC-000328,GIS-072-2500,MAT-00000914,BATCH-18380,Schneider Electric,2026-01-20 08:29:00,SUCCESS
SCAN-00000915,SN-00000915,EXEC-000329,GIS-170-4000,MAT-00000915,BATCH-46828,ABB,2026-01-20 08:49:00,SUCCESS
SCAN-00000916,SN-00000916,EXEC-000329,GIS-170-4000,MAT-00000916,BATCH-40165,ABB,2026-01-20 08:36:00,SUCCESS
SCAN-00000917,SN-00000917,EXEC-000329,GIS-170-4000,MAT-00000917,BATCH-12374,Mitsubishi Electric,2026-01-20 08:57:00,SUCCESS
SCAN-00000918,SN-00000918,EXEC-000330,GIS-300-4000,MAT-00000918,BATCH-33168,Mitsubishi Electric,2026-01-20 08:58:00,SUCCESS
SCAN-00000919,SN-00000919,EXEC-000330,GIS-300-4000,MAT-00000919,BATCH-84397,ABB,2026-01-20 09:07:00,SUCCESS
SCAN-00000920,SN-00000920,EXEC-000331,GIS-170-4000,MAT-00000920,BATCH-66815,Mitsubishi Electric,2026-01-20 09:01:00,SUCCESS
SCAN-00000921,SN-00000921,EXEC-000331,GIS-170-4000,MAT-00000921,BATCH-15649,Schneider Electric,2026-01-20 09:07:00,SUCCESS
SCAN-00000922,SN-00000922,EXEC-000332,GIS-245-4000,MAT-00000922,BATCH-52285,Hitachi Energy,2026-01-20 09:28:00,SUCCESS
SCAN-00000923,SN-00000923,EXEC-000332,GIS-245-4000,MAT-00000923,BATCH-42081,Schneider Electric,2026-01-20 09:38:00,SUCCESS
SCAN-00000924,SN-00000924,EXEC-000333,GIS-072-3150,MAT-00000924,BATCH-55468,Siemens Energy,2026-01-20 10:00:00,SUCCESS
SCAN-00000925,SN-00000925,EXEC-000333,GIS-072-3150,MAT-00000925,BATCH-41221,Schneider Electric,2026-01-20 09:42:00,SUCCESS
SCAN-00000926,SN-00000926,EXEC-000333,GIS-072-3150,MAT-00000926,BATCH-59724,Hitachi Energy,2026-01-20 10:02:00,SUCCESS
SCAN-00000927,SN-00000927,EXEC-000333,GIS-072-3150,MAT-00000927,BATCH-77408,Siemens Energy,2026-01-20 09:55:00,SUCCESS
SCAN-00000928,SN-00000928,EXEC-000334,GIS-072-3150,MAT-00000928,BATCH-35466,ABB,2026-01-20 10:22:00,SUCCESS
SCAN-00000929,SN-00000929,EXEC-000334,GIS-072-3150,MAT-00000929,BATCH-38212,ABB,2026-01-20 10:26:00,SUCCESS
SCAN-00000930,SN-00000930,EXEC-000334,GIS-072-3150,MAT-00000930,BATCH-16745,ABB,2026-01-20 10:29:00,SUCCESS
SCAN-00000931,SN-00000931,EXEC-000334,GIS-072-3150,MAT-00000931,BATCH-16844,Hitachi Energy,2026-01-20 10:09:00,SUCCESS
SCAN-00000932,SN-00000932,EXEC-000335,GIS-245-3150,MAT-00000932,BATCH-33635,Schneider Electric,2026-01-20 10:47:00,SUCCESS
SCAN-00000933,SN-00000933,EXEC-000335,GIS-245-3150,MAT-00000933,BATCH-20749,Schneider Electric,2026-01-20 10:55:00,SUCCESS
SCAN-00000934,SN-00000934,EXEC-000335,GIS-245-3150,MAT-00000934,BATCH-45980,Schneider Electric,2026-01-20 10:33:00,SUCCESS
SCAN-00000935,SN-00000935,EXEC-000336,GIS-072-2500,MAT-00000935,BATCH-20829,Siemens Energy,2026-01-20 11:01:00,SUCCESS
SCAN-00000936,SN-00000936,EXEC-000336,GIS-072-2500,MAT-00000936,BATCH-53934,Schneider Electric,2026-01-20 10:56:00,SUCCESS
SCAN-00000937,SN-00000937,EXEC-000336,GIS-072-2500,MAT-00000937,BATCH-15827,Hitachi Energy,2026-01-20 10:41:00,SUCCESS
SCAN-00000938,SN-00000938,EXEC-000337,GIS-245-3150,MAT-00000938,BATCH-80063,Hitachi Energy,2026-01-20 11:02:00,SUCCESS
SCAN-00000939,SN-00000939,EXEC-000337,GIS-245-3150,MAT-00000939,BATCH-35887,Hitachi Energy,2026-01-20 11:38:00,SUCCESS
SCAN-00000940,SN-00000940,EXEC-000338,GIS-072-2500,MAT-00000940,BATCH-48022,Hitachi Energy,2026-01-20 11:52:00,SUCCESS
SCAN-00000941,SN-00000941,EXEC-000338,GIS-072-2500,MAT-00000941,BATCH-33364,Hitachi Energy,2026-01-20 11:23:00,SUCCESS
SCAN-00000942,SN-00000942,EXEC-000338,GIS-072-2500,MAT-00000942,BATCH-52381,Schneider Electric,2026-01-20 11:46:00,SUCCESS
SCAN-00000943,SN-00000943,EXEC-000338,GIS-072-2500,MAT-00000943,BATCH-58510,Siemens Energy,2026-01-20 11:34:00,SUCCESS
SCAN-00000944,SN-00000944,EXEC-000339,GIS-072-2500,MAT-00000944,BATCH-52904,Hitachi Energy,2026-01-20 12:07:00,SUCCESS
SCAN-00000945,SN-00000945,EXEC-000339,GIS-072-2500,MAT-00000945,BATCH-67496,Siemens Energy,2026-01-20 12:04:00,SUCCESS
SCAN-00000946,SN-00000946,EXEC-000339,GIS-072-2500,MAT-00000946,BATCH-20617,ABB,2026-01-20 12:19:00,SUCCESS
SCAN-00000947,SN-00000947,EXEC-000339,GIS-072-2500,MAT-00000947,BATCH-34010,Siemens Energy,2026-01-20 11:51:00,SUCCESS
SCAN-00000948,SN-00000948,EXEC-000340,GIS-145-3150,MAT-00000948,BATCH-88808,Mitsubishi Electric,2026-01-20 12:16:00,SUCCESS
SCAN-00000949,SN-00000949,EXEC-000340,GIS-145-3150,MAT-00000949,BATCH-68824,Mitsubishi Electric,2026-01-20 12:06:00,SUCCESS
SCAN-00000950,SN-00000950,EXEC-000341,GIS-145-4000,MAT-00000950,BATCH-86242,Schneider Electric,2026-01-20 12:43:00,SUCCESS
SCAN-00000951,SN-00000951,EXEC-000341,GIS-145-4000,MAT-00000951,BATCH-88124,Mitsubishi Electric,2026-01-20 12:44:00,SUCCESS
SCAN-00000952,SN-00000952,EXEC-000341,GIS-145-4000,MAT-00000952,BATCH-55238,Siemens Energy,2026-01-20 12:37:00,SUCCESS
SCAN-00000953,SN-00000953,EXEC-000342,GIS-420-4000,MAT-00000953,BATCH-77703,Schneider Electric,2026-01-20 13:00:00,SUCCESS
SCAN-00000954,SN-00000954,EXEC-000343,GIS-420-5000,MAT-00000954,BATCH-99668,Siemens Energy,2026-01-21 06:09:00,SUCCESS
SCAN-00000955,SN-00000955,EXEC-000343,GIS-420-5000,MAT-00000955,BATCH-35570,Schneider Electric,2026-01-21 06:02:00,SUCCESS
SCAN-00000956,SN-00000956,EXEC-000344,GIS-145-3150,MAT-00000956,BATCH-14473,ABB,2026-01-21 07:00:00,SUCCESS
SCAN-00000957,SN-00000957,EXEC-000344,GIS-145-3150,MAT-00000957,BATCH-29933,Mitsubishi Electric,2026-01-21 07:00:00,SUCCESS
SCAN-00000958,SN-00000958,EXEC-000345,GIS-072-2500,MAT-00000958,BATCH-12527,ABB,2026-01-21 06:46:00,SUCCESS
SCAN-00000959,SN-00000959,EXEC-000345,GIS-072-2500,MAT-00000959,BATCH-22437,Schneider Electric,2026-01-21 06:44:00,SUCCESS
SCAN-00000960,SN-00000960,EXEC-000345,GIS-072-2500,MAT-00000960,BATCH-92545,Hitachi Energy,2026-01-21 07:10:00,SUCCESS
SCAN-00000961,SN-00000961,EXEC-000346,GIS-245-3150,MAT-00000961,BATCH-80757,ABB,2026-01-21 07:11:00,SUCCESS
SCAN-00000962,SN-00000962,EXEC-000346,GIS-245-3150,MAT-00000962,BATCH-28034,Hitachi Energy,2026-01-21 07:02:00,SUCCESS
SCAN-00000963,SN-00000963,EXEC-000347,GIS-245-4000,MAT-00000963,BATCH-18507,Hitachi Energy,2026-01-21 07:43:00,SUCCESS
SCAN-00000964,SN-00000964,EXEC-000347,GIS-245-4000,MAT-00000964,BATCH-63571,Schneider Electric,2026-01-21 07:22:00,SUCCESS
SCAN-00000965,SN-00000965,EXEC-000348,GIS-145-3150,MAT-00000965,BATCH-83603,Hitachi Energy,2026-01-21 07:44:00,SUCCESS
SCAN-00000966,SN-00000966,EXEC-000348,GIS-145-3150,MAT-00000966,BATCH-67109,Mitsubishi Electric,2026-01-21 07:47:00,SUCCESS
SCAN-00000967,SN-00000967,EXEC-000348,GIS-145-3150,MAT-00000967,BATCH-45880,Mitsubishi Electric,2026-01-21 08:09:00,SUCCESS
SCAN-00000968,SN-00000968,EXEC-000349,GIS-145-4000,MAT-00000968,BATCH-17767,Hitachi Energy,2026-01-21 08:14:00,SUCCESS
SCAN-00000969,SN-00000969,EXEC-000349,GIS-145-4000,MAT-00000969,BATCH-16963,Hitachi Energy,2026-01-21 08:31:00,SUCCESS
SCAN-00000970,SN-00000970,EXEC-000349,GIS-145-4000,MAT-00000970,BATCH-90729,ABB,2026-01-21 08:15:00,SUCCESS
SCAN-00000971,SN-00000971,EXEC-000349,GIS-145-4000,MAT-00000971,BATCH-24280,Mitsubishi Electric,2026-01-21 08:13:00,SUCCESS
SCAN-00000972,SN-00000972,EXEC-000350,GIS-072-3150,MAT-00000972,BATCH-17128,Hitachi Energy,2026-01-21 08:26:00,SUCCESS
SCAN-00000973,SN-00000973,EXEC-000350,GIS-072-3150,MAT-00000973,BATCH-88151,Siemens Energy,2026-01-21 08:33:00,SUCCESS
SCAN-00000974,SN-00000974,EXEC-000350,GIS-072-3150,MAT-00000974,BATCH-92264,Schneider Electric,2026-01-21 08:33:00,SUCCESS
SCAN-00000975,SN-00000975,EXEC-000350,GIS-072-3150,MAT-00000975,BATCH-84537,Siemens Energy,2026-01-21 08:53:00,SUCCESS
SCAN-00000976,SN-00000976,EXEC-000351,GIS-420-5000,MAT-00000976,BATCH-90921,Hitachi Energy,2026-01-21 09:05:00,SUCCESS
SCAN-00000977,SN-00000977,EXEC-000352,GIS-145-4000,MAT-00000977,BATCH-12240,Mitsubishi Electric,2026-01-21 09:24:00,SUCCESS
SCAN-00000978,SN-00000978,EXEC-000352,GIS-145-4000,MAT-00000978,BATCH-67452,Siemens Energy,2026-01-21 09:01:00,SUCCESS
SCAN-00000979,SN-00000979,EXEC-000352,GIS-145-4000,MAT-00000979,BATCH-24823,Hitachi Energy,2026-01-21 09:29:00,SUCCESS
SCAN-00000980,SN-00000980,EXEC-000352,GIS-145-4000,MAT-00000980,BATCH-55280,Mitsubishi Electric,2026-01-21 09:33:00,SUCCESS
SCAN-00000981,SN-00000981,EXEC-000353,GIS-170-4000,MAT-00000981,BATCH-81024,Mitsubishi Electric,2026-01-21 09:55:00,SUCCESS
SCAN-00000982,SN-00000982,EXEC-000353,GIS-170-4000,MAT-00000982,BATCH-45739,Mitsubishi Electric,2026-01-21 09:55:00,SUCCESS
SCAN-00000983,SN-00000983,EXEC-000354,GIS-245-3150,MAT-00000983,BATCH-25159,Hitachi Energy,2026-01-21 10:19:00,SUCCESS
SCAN-00000984,SN-00000984,EXEC-000354,GIS-245-3150,MAT-00000984,BATCH-26649,Mitsubishi Electric,2026-01-21 10:19:00,SUCCESS
SCAN-00000985,SN-00000985,EXEC-000355,GIS-145-3150,MAT-00000985,BATCH-61877,Mitsubishi Electric,2026-01-21 10:05:00,SUCCESS
SCAN-00000986,SN-00000986,EXEC-000355,GIS-145-3150,MAT-00000986,BATCH-44625,Siemens Energy,2026-01-21 10:36:00,SUCCESS
SCAN-00000987,SN-00000987,EXEC-000355,GIS-145-3150,MAT-00000987,BATCH-32457,Mitsubishi Electric,2026-01-21 10:16:00,SUCCESS
SCAN-00000988,SN-00000988,EXEC-000356,GIS-072-2500,MAT-00000988,BATCH-96530,Schneider Electric,2026-01-21 10:55:00,SUCCESS
SCAN-00000989,SN-00000989,EXEC-000356,GIS-072-2500,MAT-00000989,BATCH-63647,ABB,2026-01-21 10:47:00,SUCCESS
SCAN-00000990,SN-00000990,EXEC-000356,GIS-072-2500,MAT-00000990,BATCH-96412,Hitachi Energy,2026-01-21 10:56:00,SUCCESS
SCAN-00000991,SN-00000991,EXEC-000357,GIS-145-4000,MAT-00000991,BATCH-38815,Mitsubishi Electric,2026-01-21 10:55:00,SUCCESS
SCAN-00000992,SN-00000992,EXEC-000357,GIS-145-4000,MAT-00000992,BATCH-46717,Hitachi Energy,2026-01-21 11:12:00,SUCCESS
SCAN-00000993,SN-00000993,EXEC-000358,GIS-145-4000,MAT-00000993,BATCH-26681,Mitsubishi Electric,2026-01-21 11:14:00,SUCCESS
SCAN-00000994,SN-00000994,EXEC-000358,GIS-145-4000,MAT-00000994,BATCH-93174,Siemens Energy,2026-01-21 11:23:00,SUCCESS
SCAN-00000995,SN-00000995,EXEC-000358,GIS-145-4000,MAT-00000995,BATCH-43861,ABB,2026-01-21 11:20:00,SUCCESS
SCAN-00000996,SN-00000996,EXEC-000359,GIS-245-3150,MAT-00000996,BATCH-32039,Hitachi Energy,2026-01-21 11:30:00,SUCCESS
SCAN-00000997,SN-00000997,EXEC-000359,GIS-245-3150,MAT-00000997,BATCH-70116,Siemens Energy,2026-01-21 11:46:00,SUCCESS
SCAN-00000998,SN-00000998,EXEC-000359,GIS-245-3150,MAT-00000998,BATCH-86123,Siemens Energy,2026-01-21 11:56:00,SUCCESS
SCAN-00000999,SN-00000999,EXEC-000360,GIS-145-4000,MAT-00000999,BATCH-43165,Hitachi Energy,2026-01-21 11:52:00,SUCCESS
SCAN-00001000,SN-00001000,EXEC-000360,GIS-145-4000,MAT-00001000,BATCH-19802,Schneider Electric,2026-01-21 11:42:00,SUCCESS
SCAN-00001001,SN-00001001,EXEC-000360,GIS-145-4000,MAT-00001001,BATCH-62989,Hitachi Energy,2026-01-21 12:05:00,SUCCESS
SCAN-00001002,SN-00001002,EXEC-000360,GIS-145-4000,MAT-00001002,BATCH-53482,Hitachi Energy,2026-01-21 12:00:00,SUCCESS
SCAN-00001003,SN-00001003,EXEC-000361,GIS-072-3150,MAT-00001003,BATCH-18059,Schneider Electric,2026-01-21 12:28:00,SUCCESS
SCAN-00001004,SN-00001004,EXEC-000361,GIS-072-3150,MAT-00001004,BATCH-17529,Schneider Electric,2026-01-21 12:21:00,SUCCESS
SCAN-00001005,SN-00001005,EXEC-000361,GIS-072-3150,MAT-00001005,BATCH-36154,Mitsubishi Electric,2026-01-21 12:21:00,SUCCESS
SCAN-00001006,SN-00001006,EXEC-000361,GIS-072-3150,MAT-00001006,BATCH-97329,Hitachi Energy,2026-01-21 12:23:00,SUCCESS
SCAN-00001007,SN-00001007,EXEC-000362,GIS-300-4000,MAT-00001007,BATCH-56756,Siemens Energy,2026-01-21 12:45:00,SUCCESS
SCAN-00001008,SN-00001008,EXEC-000362,GIS-300-4000,MAT-00001008,BATCH-89193,Mitsubishi Electric,2026-01-21 12:42:00,SUCCESS
SCAN-00001009,SN-00001009,EXEC-000363,GIS-072-3150,MAT-00001009,BATCH-18374,Schneider Electric,2026-01-21 12:55:00,SUCCESS
SCAN-00001010,SN-00001010,EXEC-000363,GIS-072-3150,MAT-00001010,BATCH-46988,Mitsubishi Electric,2026-01-21 12:50:00,SUCCESS
SCAN-00001011,SN-00001011,EXEC-000363,GIS-072-3150,MAT-00001011,BATCH-20356,Hitachi Energy,2026-01-21 12:40:00,SUCCESS
SCAN-00001012,SN-00001012,EXEC-000363,GIS-072-3150,MAT-00001012,BATCH-16058,Mitsubishi Electric,2026-01-21 12:42:00,SUCCESS
SCAN-00001013,SN-00001013,EXEC-000363,GIS-072-3150,MAT-00001013,BATCH-80381,Mitsubishi Electric,2026-01-21 12:53:00,SUCCESS
SCAN-00001014,SN-00001014,EXEC-000364,GIS-145-3150,MAT-00001014,BATCH-78701,Mitsubishi Electric,2026-01-21 13:32:00,SUCCESS
SCAN-00001015,SN-00001015,EXEC-000364,GIS-145-3150,MAT-00001015,BATCH-44050,Mitsubishi Electric,2026-01-21 13:21:00,SUCCESS
SCAN-00001016,SN-00001016,EXEC-000365,GIS-072-2500,MAT-00001016,BATCH-32657,ABB,2026-01-21 13:21:00,SUCCESS
SCAN-00001017,SN-00001017,EXEC-000365,GIS-072-2500,MAT-00001017,BATCH-75072,Mitsubishi Electric,2026-01-21 13:44:00,SUCCESS
SCAN-00001018,SN-00001018,EXEC-000365,GIS-072-2500,MAT-00001018,BATCH-43836,Schneider Electric,2026-01-21 13:43:00,SUCCESS
SCAN-00001019,SN-00001019,EXEC-000365,GIS-072-2500,MAT-00001019,BATCH-81167,ABB,2026-01-21 13:51:00,SUCCESS
SCAN-00001020,SN-00001020,EXEC-000365,GIS-072-2500,MAT-00001020,BATCH-61439,Hitachi Energy,2026-01-21 13:55:00,SUCCESS
SCAN-00001021,SN-00001021,EXEC-000366,GIS-420-4000,MAT-00001021,BATCH-23858,Siemens Energy,2026-01-21 13:50:00,SUCCESS
SCAN-00001022,SN-00001022,EXEC-000366,GIS-420-4000,MAT-00001022,BATCH-71599,Mitsubishi Electric,2026-01-21 13:55:00,SUCCESS
SCAN-00001023,SN-00001023,EXEC-000367,GIS-072-3150,MAT-00001023,BATCH-53425,Hitachi Energy,2026-01-22 06:37:00,SUCCESS
SCAN-00001024,SN-00001024,EXEC-000367,GIS-072-3150,MAT-00001024,BATCH-82421,Mitsubishi Electric,2026-01-22 06:09:00,SUCCESS
SCAN-00001025,SN-00001025,EXEC-000367,GIS-072-3150,MAT-00001025,BATCH-64551,Schneider Electric,2026-01-22 06:19:00,SUCCESS
SCAN-00001026,SN-00001026,EXEC-000368,GIS-300-4000,MAT-00001026,BATCH-34095,Siemens Energy,2026-01-22 06:25:00,SUCCESS
SCAN-00001027,SN-00001027,EXEC-000369,GIS-245-3150,MAT-00001027,BATCH-66921,Mitsubishi Electric,2026-01-22 06:44:00,SUCCESS
SCAN-00001028,SN-00001028,EXEC-000369,GIS-245-3150,MAT-00001028,BATCH-18495,Mitsubishi Electric,2026-01-22 07:01:00,SUCCESS
SCAN-00001029,SN-00001029,EXEC-000369,GIS-245-3150,MAT-00001029,BATCH-75531,ABB,2026-01-22 06:50:00,SUCCESS
SCAN-00001030,SN-00001030,EXEC-000370,GIS-072-2500,MAT-00001030,BATCH-22548,ABB,2026-01-22 07:19:00,SUCCESS
SCAN-00001031,SN-00001031,EXEC-000370,GIS-072-2500,MAT-00001031,BATCH-99140,Siemens Energy,2026-01-22 07:26:00,SUCCESS
SCAN-00001032,SN-00001032,EXEC-000370,GIS-072-2500,MAT-00001032,BATCH-83973,Siemens Energy,2026-01-22 07:36:00,SUCCESS
SCAN-00001033,SN-00001033,EXEC-000370,GIS-072-2500,MAT-00001033,BATCH-33426,Hitachi Energy,2026-01-22 07:08:00,SUCCESS
SCAN-00001034,SN-00001034,EXEC-000371,GIS-072-2500,MAT-00001034,BATCH-72493,Schneider Electric,2026-01-22 07:22:00,SUCCESS
SCAN-00001035,SN-00001035,EXEC-000371,GIS-072-2500,MAT-00001035,BATCH-49935,Hitachi Energy,2026-01-22 07:55:00,SUCCESS
SCAN-00001036,SN-00001036,EXEC-000371,GIS-072-2500,MAT-00001036,BATCH-32452,Siemens Energy,2026-01-22 07:43:00,SUCCESS
SCAN-00001037,SN-00001037,EXEC-000371,GIS-072-2500,MAT-00001037,BATCH-79916,Hitachi Energy,2026-01-22 07:55:00,SUCCESS
SCAN-00001038,SN-00001038,EXEC-000371,GIS-072-2500,MAT-00001038,BATCH-93613,Hitachi Energy,2026-01-22 07:33:00,SUCCESS
SCAN-00001039,SN-00001039,EXEC-000372,GIS-300-4000,MAT-00001039,BATCH-31265,ABB,2026-01-22 07:45:00,SUCCESS
SCAN-00001040,SN-00001040,EXEC-000373,GIS-300-4000,MAT-00001040,BATCH-67765,Siemens Energy,2026-01-22 08:31:00,SUCCESS
SCAN-00001041,SN-00001041,EXEC-000374,GIS-072-2500,MAT-00001041,BATCH-39050,Schneider Electric,2026-01-22 08:32:00,SUCCESS
SCAN-00001042,SN-00001042,EXEC-000374,GIS-072-2500,MAT-00001042,BATCH-86173,Mitsubishi Electric,2026-01-22 08:56:00,SUCCESS
SCAN-00001043,SN-00001043,EXEC-000374,GIS-072-2500,MAT-00001043,BATCH-24529,Siemens Energy,2026-01-22 08:20:00,SUCCESS
SCAN-00001044,SN-00001044,EXEC-000374,GIS-072-2500,MAT-00001044,BATCH-18141,Mitsubishi Electric,2026-01-22 08:26:00,SUCCESS
SCAN-00001045,SN-00001045,EXEC-000374,GIS-072-2500,MAT-00001045,BATCH-29911,Mitsubishi Electric,2026-01-22 08:29:00,SUCCESS
SCAN-00001046,SN-00001046,EXEC-000375,GIS-300-4000,MAT-00001046,BATCH-83375,Schneider Electric,2026-01-22 09:18:00,SUCCESS
SCAN-00001047,SN-00001047,EXEC-000376,GIS-145-4000,MAT-00001047,BATCH-80201,ABB,2026-01-22 09:12:00,SUCCESS
SCAN-00001048,SN-00001048,EXEC-000376,GIS-145-4000,MAT-00001048,BATCH-44860,Mitsubishi Electric,2026-01-22 09:25:00,SUCCESS
SCAN-00001049,SN-00001049,EXEC-000377,GIS-300-4000,MAT-00001049,BATCH-16467,Hitachi Energy,2026-01-22 09:31:00,SUCCESS
SCAN-00001050,SN-00001050,EXEC-000378,GIS-245-4000,MAT-00001050,BATCH-65393,Siemens Energy,2026-01-22 09:45:00,SUCCESS
SCAN-00001051,SN-00001051,EXEC-000379,GIS-072-2500,MAT-00001051,BATCH-89087,Hitachi Energy,2026-01-22 10:06:00,SUCCESS
SCAN-00001052,SN-00001052,EXEC-000379,GIS-072-2500,MAT-00001052,BATCH-87188,ABB,2026-01-22 10:30:00,SUCCESS
SCAN-00001053,SN-00001053,EXEC-000379,GIS-072-2500,MAT-00001053,BATCH-23493,Mitsubishi Electric,2026-01-22 10:31:00,SUCCESS
SCAN-00001054,SN-00001054,EXEC-000379,GIS-072-2500,MAT-00001054,BATCH-47257,ABB,2026-01-22 10:08:00,SUCCESS
SCAN-00001055,SN-00001055,EXEC-000380,GIS-245-4000,MAT-00001055,BATCH-39741,Mitsubishi Electric,2026-01-22 10:48:00,SUCCESS
SCAN-00001056,SN-00001056,EXEC-000380,GIS-245-4000,MAT-00001056,BATCH-87981,Schneider Electric,2026-01-22 10:45:00,SUCCESS
SCAN-00001057,SN-00001057,EXEC-000380,GIS-245-4000,MAT-00001057,BATCH-89407,Siemens Energy,2026-01-22 10:56:00,SUCCESS
SCAN-00001058,SN-00001058,EXEC-000381,GIS-072-2500,MAT-00001058,BATCH-19103,Schneider Electric,2026-01-22 11:06:00,SUCCESS
SCAN-00001059,SN-00001059,EXEC-000381,GIS-072-2500,MAT-00001059,BATCH-62673,Siemens Energy,2026-01-22 11:14:00,SUCCESS
SCAN-00001060,SN-00001060,EXEC-000381,GIS-072-2500,MAT-00001060,BATCH-45611,Mitsubishi Electric,2026-01-22 10:41:00,SUCCESS
SCAN-00001061,SN-00001061,EXEC-000381,GIS-072-2500,MAT-00001061,BATCH-62207,Siemens Energy,2026-01-22 10:43:00,SUCCESS
SCAN-00001062,SN-00001062,EXEC-000382,GIS-145-4000,MAT-00001062,BATCH-26663,Schneider Electric,2026-01-22 11:16:00,SUCCESS
SCAN-00001063,SN-00001063,EXEC-000382,GIS-145-4000,MAT-00001063,BATCH-83494,Siemens Energy,2026-01-22 11:31:00,SUCCESS
SCAN-00001064,SN-00001064,EXEC-000383,GIS-072-3150,MAT-00001064,BATCH-27137,ABB,2026-01-22 11:45:00,SUCCESS
SCAN-00001065,SN-00001065,EXEC-000383,GIS-072-3150,MAT-00001065,BATCH-92461,ABB,2026-01-22 11:32:00,SUCCESS
SCAN-00001066,SN-00001066,EXEC-000383,GIS-072-3150,MAT-00001066,BATCH-39528,Hitachi Energy,2026-01-22 11:26:00,SUCCESS
SCAN-00001067,SN-00001067,EXEC-000383,GIS-072-3150,MAT-00001067,BATCH-83298,ABB,2026-01-22 11:34:00,SUCCESS
SCAN-00001068,SN-00001068,EXEC-000383,GIS-072-3150,MAT-00001068,BATCH-27067,ABB,2026-01-22 11:29:00,SUCCESS
SCAN-00001069,SN-00001069,EXEC-000384,GIS-245-4000,MAT-00001069,BATCH-88810,Mitsubishi Electric,2026-01-22 12:15:00,SUCCESS
SCAN-00001070,SN-00001070,EXEC-000384,GIS-245-4000,MAT-00001070,BATCH-37443,Mitsubishi Electric,2026-01-22 11:57:00,SUCCESS
SCAN-00001071,SN-00001071,EXEC-000384,GIS-245-4000,MAT-00001071,BATCH-24262,Siemens Energy,2026-01-22 11:51:00,SUCCESS
SCAN-00001072,SN-00001072,EXEC-000385,GIS-145-4000,MAT-00001072,BATCH-42273,ABB,2026-01-22 12:21:00,SUCCESS
SCAN-00001073,SN-00001073,EXEC-000385,GIS-145-4000,MAT-00001073,BATCH-78869,Siemens Energy,2026-01-22 12:10:00,SUCCESS
SCAN-00001074,SN-00001074,EXEC-000386,GIS-145-4000,MAT-00001074,BATCH-85537,Mitsubishi Electric,2026-01-22 12:58:00,SUCCESS
SCAN-00001075,SN-00001075,EXEC-000386,GIS-145-4000,MAT-00001075,BATCH-63707,Siemens Energy,2026-01-22 12:57:00,SUCCESS
SCAN-00001076,SN-00001076,EXEC-000386,GIS-145-4000,MAT-00001076,BATCH-15007,Siemens Energy,2026-01-22 12:37:00,SUCCESS
SCAN-00001077,SN-00001077,EXEC-000387,GIS-145-4000,MAT-00001077,BATCH-32066,Hitachi Energy,2026-01-23 06:26:00,SUCCESS
SCAN-00001078,SN-00001078,EXEC-000387,GIS-145-4000,MAT-00001078,BATCH-41137,Mitsubishi Electric,2026-01-23 06:12:00,SUCCESS
SCAN-00001079,SN-00001079,EXEC-000387,GIS-145-4000,MAT-00001079,BATCH-88012,Siemens Energy,2026-01-23 06:01:00,SUCCESS
SCAN-00001080,SN-00001080,EXEC-000388,GIS-072-2500,MAT-00001080,BATCH-30333,Schneider Electric,2026-01-23 06:38:00,SUCCESS
SCAN-00001081,SN-00001081,EXEC-000388,GIS-072-2500,MAT-00001081,BATCH-40252,Siemens Energy,2026-01-23 06:55:00,SUCCESS
SCAN-00001082,SN-00001082,EXEC-000388,GIS-072-2500,MAT-00001082,BATCH-37235,ABB,2026-01-23 06:50:00,SUCCESS
SCAN-00001083,SN-00001083,EXEC-000388,GIS-072-2500,MAT-00001083,BATCH-14379,Schneider Electric,2026-01-23 06:45:00,SUCCESS
SCAN-00001084,SN-00001084,EXEC-000388,GIS-072-2500,MAT-00001084,BATCH-33244,Siemens Energy,2026-01-23 06:53:00,SUCCESS
SCAN-00001085,SN-00001085,EXEC-000389,GIS-072-2500,MAT-00001085,BATCH-24413,Siemens Energy,2026-01-23 06:44:00,SUCCESS
SCAN-00001086,SN-00001086,EXEC-000389,GIS-072-2500,MAT-00001086,BATCH-28167,Mitsubishi Electric,2026-01-23 06:47:00,SUCCESS
SCAN-00001087,SN-00001087,EXEC-000389,GIS-072-2500,MAT-00001087,BATCH-14957,Hitachi Energy,2026-01-23 07:10:00,SUCCESS
SCAN-00001088,SN-00001088,EXEC-000389,GIS-072-2500,MAT-00001088,BATCH-80244,Siemens Energy,2026-01-23 06:58:00,SUCCESS
SCAN-00001089,SN-00001089,EXEC-000389,GIS-072-2500,MAT-00001089,BATCH-28841,Hitachi Energy,2026-01-23 06:50:00,SUCCESS
SCAN-00001090,SN-00001090,EXEC-000390,GIS-145-4000,MAT-00001090,BATCH-85728,Mitsubishi Electric,2026-01-23 07:36:00,SUCCESS
SCAN-00001091,SN-00001091,EXEC-000390,GIS-145-4000,MAT-00001091,BATCH-33006,Hitachi Energy,2026-01-23 07:26:00,SUCCESS
SCAN-00001092,SN-00001092,EXEC-000390,GIS-145-4000,MAT-00001092,BATCH-84708,ABB,2026-01-23 07:13:00,SUCCESS
SCAN-00001093,SN-00001093,EXEC-000391,GIS-170-4000,MAT-00001093,BATCH-90263,ABB,2026-01-23 07:50:00,SUCCESS
SCAN-00001094,SN-00001094,EXEC-000391,GIS-170-4000,MAT-00001094,BATCH-36112,Mitsubishi Electric,2026-01-23 07:42:00,SUCCESS
SCAN-00001095,SN-00001095,EXEC-000391,GIS-170-4000,MAT-00001095,BATCH-44164,Hitachi Energy,2026-01-23 07:26:00,SUCCESS
SCAN-00001096,SN-00001096,EXEC-000392,GIS-170-4000,MAT-00001096,BATCH-55548,Schneider Electric,2026-01-23 07:53:00,SUCCESS
SCAN-00001097,SN-00001097,EXEC-000392,GIS-170-4000,MAT-00001097,BATCH-55391,Mitsubishi Electric,2026-01-23 08:08:00,SUCCESS
SCAN-00001098,SN-00001098,EXEC-000393,GIS-072-2500,MAT-00001098,BATCH-76096,Mitsubishi Electric,2026-01-23 08:20:00,SUCCESS
SCAN-00001099,SN-00001099,EXEC-000393,GIS-072-2500,MAT-00001099,BATCH-95712,ABB,2026-01-23 08:13:00,SUCCESS
SCAN-00001100,SN-00001100,EXEC-000393,GIS-072-2500,MAT-00001100,BATCH-25884,Siemens Energy,2026-01-23 08:39:00,SUCCESS
SCAN-00001101,SN-00001101,EXEC-000393,GIS-072-2500,MAT-00001101,BATCH-45709,Schneider Electric,2026-01-23 08:10:00,SUCCESS
SCAN-00001102,SN-00001102,EXEC-000393,GIS-072-2500,MAT-00001102,BATCH-54892,Schneider Electric,2026-01-23 08:23:00,SUCCESS
SCAN-00001103,SN-00001103,EXEC-000394,GIS-245-4000,MAT-00001103,BATCH-19958,Hitachi Energy,2026-01-23 08:22:00,SUCCESS
SCAN-00001104,SN-00001104,EXEC-000394,GIS-245-4000,MAT-00001104,BATCH-11457,ABB,2026-01-23 08:28:00,SUCCESS
SCAN-00001105,SN-00001105,EXEC-000394,GIS-245-4000,MAT-00001105,BATCH-99742,ABB,2026-01-23 08:41:00,SUCCESS
SCAN-00001106,SN-00001106,EXEC-000395,GIS-145-3150,MAT-00001106,BATCH-27414,Schneider Electric,2026-01-23 08:46:00,SUCCESS
SCAN-00001107,SN-00001107,EXEC-000395,GIS-145-3150,MAT-00001107,BATCH-82452,Hitachi Energy,2026-01-23 08:55:00,SUCCESS
SCAN-00001108,SN-00001108,EXEC-000396,GIS-300-4000,MAT-00001108,BATCH-88600,ABB,2026-01-23 09:20:00,SUCCESS
SCAN-00001109,SN-00001109,EXEC-000396,GIS-300-4000,MAT-00001109,BATCH-78330,Mitsubishi Electric,2026-01-23 09:02:00,SUCCESS
SCAN-00001110,SN-00001110,EXEC-000397,GIS-072-2500,MAT-00001110,BATCH-23603,Schneider Electric,2026-01-23 09:54:00,SUCCESS
SCAN-00001111,SN-00001111,EXEC-000397,GIS-072-2500,MAT-00001111,BATCH-68758,Mitsubishi Electric,2026-01-23 09:29:00,SUCCESS
SCAN-00001112,SN-00001112,EXEC-000397,GIS-072-2500,MAT-00001112,BATCH-82363,ABB,2026-01-23 09:56:00,SUCCESS
SCAN-00001113,SN-00001113,EXEC-000397,GIS-072-2500,MAT-00001113,BATCH-95177,Schneider Electric,2026-01-23 09:30:00,SUCCESS
SCAN-00001114,SN-00001114,EXEC-000398,GIS-072-3150,MAT-00001114,BATCH-66137,Mitsubishi Electric,2026-01-23 10:09:00,SUCCESS
SCAN-00001115,SN-00001115,EXEC-000398,GIS-072-3150,MAT-00001115,BATCH-70107,Schneider Electric,2026-01-23 09:53:00,SUCCESS
SCAN-00001116,SN-00001116,EXEC-000398,GIS-072-3150,MAT-00001116,BATCH-83705,ABB,2026-01-23 10:07:00,SUCCESS
SCAN-00001117,SN-00001117,EXEC-000399,GIS-145-4000,MAT-00001117,BATCH-49722,Schneider Electric,2026-01-23 10:05:00,SUCCESS
SCAN-00001118,SN-00001118,EXEC-000399,GIS-145-4000,MAT-00001118,BATCH-87079,ABB,2026-01-23 10:37:00,SUCCESS
SCAN-00001119,SN-00001119,EXEC-000400,GIS-072-2500,MAT-00001119,BATCH-38276,Mitsubishi Electric,2026-01-23 10:20:00,SUCCESS
SCAN-00001120,SN-00001120,EXEC-000400,GIS-072-2500,MAT-00001120,BATCH-23285,Mitsubishi Electric,2026-01-23 10:43:00,SUCCESS
SCAN-00001121,SN-00001121,EXEC-000400,GIS-072-2500,MAT-00001121,BATCH-52851,Siemens Energy,2026-01-23 10:39:00,SUCCESS
SCAN-00001122,SN-00001122,EXEC-000401,GIS-145-3150,MAT-00001122,BATCH-52836,ABB,2026-01-23 10:58:00,SUCCESS
SCAN-00001123,SN-00001123,EXEC-000401,GIS-145-3150,MAT-00001123,BATCH-53694,Siemens Energy,2026-01-23 10:44:00,SUCCESS
SCAN-00001124,SN-00001124,EXEC-000402,GIS-170-4000,MAT-00001124,BATCH-42212,Hitachi Energy,2026-01-23 11:33:00,SUCCESS
SCAN-00001125,SN-00001125,EXEC-000402,GIS-170-4000,MAT-00001125,BATCH-83042,Siemens Energy,2026-01-23 11:09:00,SUCCESS
SCAN-00001126,SN-00001126,EXEC-000402,GIS-170-4000,MAT-00001126,BATCH-96271,ABB,2026-01-23 11:33:00,SUCCESS
SCAN-00001127,SN-00001127,EXEC-000403,GIS-145-3150,MAT-00001127,BATCH-37265,Mitsubishi Electric,2026-01-23 11:22:00,SUCCESS
SCAN-00001128,SN-00001128,EXEC-000403,GIS-145-3150,MAT-00001128,BATCH-43250,ABB,2026-01-23 11:34:00,SUCCESS
SCAN-00001129,SN-00001129,EXEC-000403,GIS-145-3150,MAT-00001129,BATCH-43627,Hitachi Energy,2026-01-23 11:30:00,SUCCESS
SCAN-00001130,SN-00001130,EXEC-000403,GIS-145-3150,MAT-00001130,BATCH-77111,ABB,2026-01-23 11:53:00,SUCCESS
SCAN-00001131,SN-00001131,EXEC-000404,GIS-145-3150,MAT-00001131,BATCH-47995,Mitsubishi Electric,2026-01-23 11:46:00,SUCCESS
SCAN-00001132,SN-00001132,EXEC-000404,GIS-145-3150,MAT-00001132,BATCH-32879,ABB,2026-01-23 11:44:00,SUCCESS
SCAN-00001133,SN-00001133,EXEC-000404,GIS-145-3150,MAT-00001133,BATCH-77778,Siemens Energy,2026-01-23 12:01:00,SUCCESS
SCAN-00001134,SN-00001134,EXEC-000404,GIS-145-3150,MAT-00001134,BATCH-28116,Mitsubishi Electric,2026-01-23 12:00:00,SUCCESS
SCAN-00001135,SN-00001135,EXEC-000405,GIS-170-4000,MAT-00001135,BATCH-56200,ABB,2026-01-24 06:13:00,SUCCESS
SCAN-00001136,SN-00001136,EXEC-000405,GIS-170-4000,MAT-00001136,BATCH-69479,ABB,2026-01-24 06:24:00,SUCCESS
SCAN-00001137,SN-00001137,EXEC-000405,GIS-170-4000,MAT-00001137,BATCH-31186,Siemens Energy,2026-01-24 06:13:00,SUCCESS
SCAN-00001138,SN-00001138,EXEC-000406,GIS-145-4000,MAT-00001138,BATCH-82952,Siemens Energy,2026-01-24 06:56:00,SUCCESS
SCAN-00001139,SN-00001139,EXEC-000406,GIS-145-4000,MAT-00001139,BATCH-60115,Siemens Energy,2026-01-24 07:00:00,SUCCESS
SCAN-00001140,SN-00001140,EXEC-000407,GIS-072-3150,MAT-00001140,BATCH-82891,Mitsubishi Electric,2026-01-24 06:58:00,SUCCESS
SCAN-00001141,SN-00001141,EXEC-000407,GIS-072-3150,MAT-00001141,BATCH-82187,ABB,2026-01-24 06:53:00,SUCCESS
SCAN-00001142,SN-00001142,EXEC-000407,GIS-072-3150,MAT-00001142,BATCH-56942,Schneider Electric,2026-01-24 06:47:00,SUCCESS
SCAN-00001143,SN-00001143,EXEC-000408,GIS-170-4000,MAT-00001143,BATCH-83752,ABB,2026-01-24 07:05:00,SUCCESS
SCAN-00001144,SN-00001144,EXEC-000408,GIS-170-4000,MAT-00001144,BATCH-88266,Siemens Energy,2026-01-24 07:35:00,SUCCESS
SCAN-00001145,SN-00001145,EXEC-000409,GIS-170-4000,MAT-00001145,BATCH-64584,Siemens Energy,2026-01-24 07:38:00,SUCCESS
SCAN-00001146,SN-00001146,EXEC-000409,GIS-170-4000,MAT-00001146,BATCH-65847,ABB,2026-01-24 07:25:00,SUCCESS
SCAN-00001147,SN-00001147,EXEC-000409,GIS-170-4000,MAT-00001147,BATCH-36399,Schneider Electric,2026-01-24 07:47:00,SUCCESS
SCAN-00001148,SN-00001148,EXEC-000410,GIS-550-5000,MAT-00001148,BATCH-21396,ABB,2026-01-24 08:07:00,SUCCESS
SCAN-00001149,SN-00001149,EXEC-000411,GIS-170-4000,MAT-00001149,BATCH-79027,Mitsubishi Electric,2026-01-24 08:40:00,SUCCESS
SCAN-00001150,SN-00001150,EXEC-000411,GIS-170-4000,MAT-00001150,BATCH-54843,Siemens Energy,2026-01-24 08:36:00,SUCCESS
SCAN-00001151,SN-00001151,EXEC-000412,GIS-245-3150,MAT-00001151,BATCH-72307,Schneider Electric,2026-01-24 08:25:00,SUCCESS
SCAN-00001152,SN-00001152,EXEC-000412,GIS-245-3150,MAT-00001152,BATCH-35928,Hitachi Energy,2026-01-24 08:53:00,SUCCESS
SCAN-00001153,SN-00001153,EXEC-000412,GIS-245-3150,MAT-00001153,BATCH-38232,Schneider Electric,2026-01-24 08:41:00,SUCCESS
SCAN-00001154,SN-00001154,EXEC-000413,GIS-072-3150,MAT-00001154,BATCH-14557,Siemens Energy,2026-01-24 09:01:00,SUCCESS
SCAN-00001155,SN-00001155,EXEC-000413,GIS-072-3150,MAT-00001155,BATCH-69339,Schneider Electric,2026-01-24 09:01:00,SUCCESS
SCAN-00001156,SN-00001156,EXEC-000413,GIS-072-3150,MAT-00001156,BATCH-93515,Siemens Energy,2026-01-24 09:09:00,SUCCESS
SCAN-00001157,SN-00001157,EXEC-000413,GIS-072-3150,MAT-00001157,BATCH-33220,ABB,2026-01-24 09:02:00,SUCCESS
SCAN-00001158,SN-00001158,EXEC-000413,GIS-072-3150,MAT-00001158,BATCH-24356,Siemens Energy,2026-01-24 09:10:00,SUCCESS
SCAN-00001159,SN-00001159,EXEC-000414,GIS-420-5000,MAT-00001159,BATCH-59445,Mitsubishi Electric,2026-01-24 09:00:00,SUCCESS
SCAN-00001160,SN-00001160,EXEC-000414,GIS-420-5000,MAT-00001160,BATCH-34220,ABB,2026-01-24 09:27:00,SUCCESS
SCAN-00001161,SN-00001161,EXEC-000415,GIS-300-4000,MAT-00001161,BATCH-92535,Siemens Energy,2026-01-24 09:35:00,SUCCESS
SCAN-00001162,SN-00001162,EXEC-000415,GIS-300-4000,MAT-00001162,BATCH-73875,Siemens Energy,2026-01-24 09:22:00,SUCCESS
SCAN-00001163,SN-00001163,EXEC-000416,GIS-245-4000,MAT-00001163,BATCH-46958,Hitachi Energy,2026-01-24 10:17:00,SUCCESS
SCAN-00001164,SN-00001164,EXEC-000417,GIS-145-4000,MAT-00001164,BATCH-71466,Mitsubishi Electric,2026-01-24 10:17:00,SUCCESS
SCAN-00001165,SN-00001165,EXEC-000417,GIS-145-4000,MAT-00001165,BATCH-82170,Hitachi Energy,2026-01-24 10:00:00,SUCCESS
SCAN-00001166,SN-00001166,EXEC-000417,GIS-145-4000,MAT-00001166,BATCH-51126,Siemens Energy,2026-01-24 10:04:00,SUCCESS
SCAN-00001167,SN-00001167,EXEC-000418,GIS-145-3150,MAT-00001167,BATCH-46950,Mitsubishi Electric,2026-01-24 10:29:00,SUCCESS
SCAN-00001168,SN-00001168,EXEC-000418,GIS-145-3150,MAT-00001168,BATCH-41492,ABB,2026-01-24 10:25:00,SUCCESS
SCAN-00001169,SN-00001169,EXEC-000418,GIS-145-3150,MAT-00001169,BATCH-58383,Mitsubishi Electric,2026-01-24 10:41:00,SUCCESS
SCAN-00001170,SN-00001170,EXEC-000419,GIS-145-3150,MAT-00001170,BATCH-48340,ABB,2026-01-24 10:49:00,SUCCESS
SCAN-00001171,SN-00001171,EXEC-000419,GIS-145-3150,MAT-00001171,BATCH-96900,ABB,2026-01-24 11:02:00,SUCCESS
SCAN-00001172,SN-00001172,EXEC-000419,GIS-145-3150,MAT-00001172,BATCH-58799,Schneider Electric,2026-01-24 11:12:00,SUCCESS
SCAN-00001173,SN-00001173,EXEC-000419,GIS-145-3150,MAT-00001173,BATCH-32478,Schneider Electric,2026-01-24 10:53:00,SUCCESS
SCAN-00001174,SN-00001174,EXEC-000420,GIS-420-4000,MAT-00001174,BATCH-93758,ABB,2026-01-24 11:10:00,SUCCESS
SCAN-00001175,SN-00001175,EXEC-000421,GIS-170-4000,MAT-00001175,BATCH-20376,Schneider Electric,2026-01-24 11:42:00,SUCCESS
SCAN-00001176,SN-00001176,EXEC-000421,GIS-170-4000,MAT-00001176,BATCH-45111,Schneider Electric,2026-01-24 12:00:00,SUCCESS
SCAN-00001177,SN-00001177,EXEC-000422,GIS-245-3150,MAT-00001177,BATCH-14876,Schneider Electric,2026-01-24 11:46:00,SUCCESS
SCAN-00001178,SN-00001178,EXEC-000422,GIS-245-3150,MAT-00001178,BATCH-72485,ABB,2026-01-24 12:08:00,SUCCESS
SCAN-00001179,SN-00001179,EXEC-000423,GIS-145-3150,MAT-00001179,BATCH-46928,Siemens Energy,2026-01-24 12:32:00,SUCCESS
SCAN-00001180,SN-00001180,EXEC-000423,GIS-145-3150,MAT-00001180,BATCH-46756,ABB,2026-01-24 12:23:00,SUCCESS
SCAN-00001181,SN-00001181,EXEC-000424,GIS-072-2500,MAT-00001181,BATCH-94533,Hitachi Energy,2026-01-24 12:49:00,SUCCESS
SCAN-00001182,SN-00001182,EXEC-000424,GIS-072-2500,MAT-00001182,BATCH-15241,Hitachi Energy,2026-01-24 12:38:00,SUCCESS
SCAN-00001183,SN-00001183,EXEC-000424,GIS-072-2500,MAT-00001183,BATCH-32389,Mitsubishi Electric,2026-01-24 12:43:00,SUCCESS
SCAN-00001184,SN-00001184,EXEC-000424,GIS-072-2500,MAT-00001184,BATCH-44154,Hitachi Energy,2026-01-24 12:37:00,SUCCESS
SCAN-00001185,SN-00001185,EXEC-000425,GIS-245-3150,MAT-00001185,BATCH-16518,Siemens Energy,2026-01-25 06:20:00,SUCCESS
SCAN-00001186,SN-00001186,EXEC-000425,GIS-245-3150,MAT-00001186,BATCH-21871,Hitachi Energy,2026-01-25 06:26:00,SUCCESS
SCAN-00001187,SN-00001187,EXEC-000426,GIS-145-3150,MAT-00001187,BATCH-78246,Mitsubishi Electric,2026-01-25 06:42:00,SUCCESS
SCAN-00001188,SN-00001188,EXEC-000426,GIS-145-3150,MAT-00001188,BATCH-23886,ABB,2026-01-25 06:59:00,SUCCESS
SCAN-00001189,SN-00001189,EXEC-000427,GIS-170-4000,MAT-00001189,BATCH-71084,Siemens Energy,2026-01-25 07:17:00,SUCCESS
SCAN-00001190,SN-00001190,EXEC-000427,GIS-170-4000,MAT-00001190,BATCH-58211,Schneider Electric,2026-01-25 06:54:00,SUCCESS
SCAN-00001191,SN-00001191,EXEC-000428,GIS-420-5000,MAT-00001191,BATCH-17607,Siemens Energy,2026-01-25 07:36:00,SUCCESS
SCAN-00001192,SN-00001192,EXEC-000429,GIS-072-3150,MAT-00001192,BATCH-46736,Schneider Electric,2026-01-25 07:39:00,SUCCESS
SCAN-00001193,SN-00001193,EXEC-000429,GIS-072-3150,MAT-00001193,BATCH-88942,Hitachi Energy,2026-01-25 07:32:00,SUCCESS
SCAN-00001194,SN-00001194,EXEC-000429,GIS-072-3150,MAT-00001194,BATCH-62407,Mitsubishi Electric,2026-01-25 07:22:00,SUCCESS
SCAN-00001195,SN-00001195,EXEC-000430,GIS-245-4000,MAT-00001195,BATCH-75966,Siemens Energy,2026-01-25 08:19:00,SUCCESS
SCAN-00001196,SN-00001196,EXEC-000431,GIS-145-4000,MAT-00001196,BATCH-65618,ABB,2026-01-25 08:21:00,SUCCESS
SCAN-00001197,SN-00001197,EXEC-000431,GIS-145-4000,MAT-00001197,BATCH-25352,ABB,2026-01-25 08:02:00,SUCCESS
SCAN-00001198,SN-00001198,EXEC-000432,GIS-300-4000,MAT-00001198,BATCH-42884,Hitachi Energy,2026-01-25 08:30:00,SUCCESS
SCAN-00001199,SN-00001199,EXEC-000432,GIS-300-4000,MAT-00001199,BATCH-92705,Siemens Energy,2026-01-25 08:32:00,SUCCESS
SCAN-00001200,SN-00001200,EXEC-000433,GIS-300-4000,MAT-00001200,BATCH-84543,ABB,2026-01-25 08:48:00,SUCCESS
SCAN-00001201,SN-00001201,EXEC-000434,GIS-145-4000,MAT-00001201,BATCH-50070,ABB,2026-01-25 09:39:00,SUCCESS
SCAN-00001202,SN-00001202,EXEC-000434,GIS-145-4000,MAT-00001202,BATCH-25479,Mitsubishi Electric,2026-01-25 09:29:00,SUCCESS
SCAN-00001203,SN-00001203,EXEC-000435,GIS-170-4000,MAT-00001203,BATCH-52332,Siemens Energy,2026-01-25 09:32:00,SUCCESS
SCAN-00001204,SN-00001204,EXEC-000435,GIS-170-4000,MAT-00001204,BATCH-36873,Mitsubishi Electric,2026-01-25 09:48:00,SUCCESS
SCAN-00001205,SN-00001205,EXEC-000435,GIS-170-4000,MAT-00001205,BATCH-64648,Schneider Electric,2026-01-25 09:58:00,SUCCESS
SCAN-00001206,SN-00001206,EXEC-000436,GIS-145-3150,MAT-00001206,BATCH-79887,Mitsubishi Electric,2026-01-25 09:53:00,SUCCESS
SCAN-00001207,SN-00001207,EXEC-000436,GIS-145-3150,MAT-00001207,BATCH-28311,Schneider Electric,2026-01-25 10:08:00,SUCCESS
SCAN-00001208,SN-00001208,EXEC-000437,GIS-550-5000,MAT-00001208,BATCH-17555,Siemens Energy,2026-01-25 10:01:00,SUCCESS
SCAN-00001209,SN-00001209,EXEC-000438,GIS-420-5000,MAT-00001209,BATCH-92231,Mitsubishi Electric,2026-01-25 10:50:00,SUCCESS
SCAN-00001210,SN-00001210,EXEC-000438,GIS-420-5000,MAT-00001210,BATCH-60453,ABB,2026-01-25 10:24:00,SUCCESS
SCAN-00001211,SN-00001211,EXEC-000439,GIS-420-4000,MAT-00001211,BATCH-97848,ABB,2026-01-25 10:55:00,SUCCESS
SCAN-00001212,SN-00001212,EXEC-000440,GIS-072-2500,MAT-00001212,BATCH-95769,Siemens Energy,2026-01-25 11:23:00,SUCCESS
SCAN-00001213,SN-00001213,EXEC-000440,GIS-072-2500,MAT-00001213,BATCH-61720,Hitachi Energy,2026-01-25 11:06:00,SUCCESS
SCAN-00001214,SN-00001214,EXEC-000440,GIS-072-2500,MAT-00001214,BATCH-11159,Schneider Electric,2026-01-25 11:12:00,SUCCESS
SCAN-00001215,SN-00001215,EXEC-000440,GIS-072-2500,MAT-00001215,BATCH-85374,Hitachi Energy,2026-01-25 11:07:00,SUCCESS
SCAN-00001216,SN-00001216,EXEC-000441,GIS-145-4000,MAT-00001216,BATCH-52787,Siemens Energy,2026-01-25 11:47:00,SUCCESS
SCAN-00001217,SN-00001217,EXEC-000441,GIS-145-4000,MAT-00001217,BATCH-95128,Schneider Electric,2026-01-25 11:40:00,SUCCESS
SCAN-00001218,SN-00001218,EXEC-000441,GIS-145-4000,MAT-00001218,BATCH-28550,Mitsubishi Electric,2026-01-25 11:21:00,SUCCESS
SCAN-00001219,SN-00001219,EXEC-000442,GIS-245-4000,MAT-00001219,BATCH-91934,ABB,2026-01-25 12:18:00,SUCCESS
SCAN-00001220,SN-00001220,EXEC-000443,GIS-072-3150,MAT-00001220,BATCH-99275,Mitsubishi Electric,2026-01-25 12:26:00,SUCCESS
SCAN-00001221,SN-00001221,EXEC-000443,GIS-072-3150,MAT-00001221,BATCH-31588,ABB,2026-01-25 12:18:00,SUCCESS
SCAN-00001222,SN-00001222,EXEC-000443,GIS-072-3150,MAT-00001222,BATCH-23895,Hitachi Energy,2026-01-25 12:33:00,SUCCESS
SCAN-00001223,SN-00001223,EXEC-000443,GIS-072-3150,MAT-00001223,BATCH-73317,Siemens Energy,2026-01-25 12:12:00,SUCCESS
SCAN-00001224,SN-00001224,EXEC-000443,GIS-072-3150,MAT-00001224,BATCH-52766,Schneider Electric,2026-01-25 12:30:00,SUCCESS
SCAN-00001225,SN-00001225,EXEC-000444,GIS-145-4000,MAT-00001225,BATCH-50856,Siemens Energy,2026-01-25 12:48:00,SUCCESS
SCAN-00001226,SN-00001226,EXEC-000444,GIS-145-4000,MAT-00001226,BATCH-82655,Mitsubishi Electric,2026-01-25 12:53:00,SUCCESS
SCAN-00001227,SN-00001227,EXEC-000445,GIS-145-3150,MAT-00001227,BATCH-82065,Mitsubishi Electric,2026-01-25 13:08:00,SUCCESS
SCAN-00001228,SN-00001228,EXEC-000445,GIS-145-3150,MAT-00001228,BATCH-60224,ABB,2026-01-25 12:49:00,SUCCESS
SCAN-00001229,SN-00001229,EXEC-000445,GIS-145-3150,MAT-00001229,BATCH-87008,Mitsubishi Electric,2026-01-25 12:51:00,SUCCESS
SCAN-00001230,SN-00001230,EXEC-000445,GIS-145-3150,MAT-00001230,BATCH-59218,Hitachi Energy,2026-01-25 13:13:00,SUCCESS
SCAN-00001231,SN-00001231,EXEC-000446,GIS-245-3150,MAT-00001231,BATCH-58020,Siemens Energy,2026-01-25 13:05:00,SUCCESS
SCAN-00001232,SN-00001232,EXEC-000447,GIS-072-2500,MAT-00001232,BATCH-43074,Hitachi Energy,2026-01-25 13:24:00,SUCCESS
SCAN-00001233,SN-00001233,EXEC-000447,GIS-072-2500,MAT-00001233,BATCH-55556,Siemens Energy,2026-01-25 13:43:00,SUCCESS
SCAN-00001234,SN-00001234,EXEC-000447,GIS-072-2500,MAT-00001234,BATCH-11306,ABB,2026-01-25 13:36:00,SUCCESS
SCAN-00001235,SN-00001235,EXEC-000448,GIS-245-4000,MAT-00001235,BATCH-63189,Schneider Electric,2026-01-26 06:13:00,SUCCESS
SCAN-00001236,SN-00001236,EXEC-000448,GIS-245-4000,MAT-00001236,BATCH-47252,Schneider Electric,2026-01-26 06:13:00,SUCCESS
SCAN-00001237,SN-00001237,EXEC-000448,GIS-245-4000,MAT-00001237,BATCH-61000,Mitsubishi Electric,2026-01-26 06:09:00,SUCCESS
SCAN-00001238,SN-00001238,EXEC-000449,GIS-420-5000,MAT-00001238,BATCH-17389,Hitachi Energy,2026-01-26 06:21:00,SUCCESS
SCAN-00001239,SN-00001239,EXEC-000449,GIS-420-5000,MAT-00001239,BATCH-94629,Mitsubishi Electric,2026-01-26 06:44:00,SUCCESS
SCAN-00001240,SN-00001240,EXEC-000450,GIS-170-4000,MAT-00001240,BATCH-27488,Mitsubishi Electric,2026-01-26 07:03:00,SUCCESS
SCAN-00001241,SN-00001241,EXEC-000450,GIS-170-4000,MAT-00001241,BATCH-10945,Siemens Energy,2026-01-26 06:53:00,SUCCESS
SCAN-00001242,SN-00001242,EXEC-000450,GIS-170-4000,MAT-00001242,BATCH-99593,ABB,2026-01-26 07:17:00,SUCCESS
SCAN-00001243,SN-00001243,EXEC-000451,GIS-420-4000,MAT-00001243,BATCH-81732,Siemens Energy,2026-01-26 07:00:00,SUCCESS
SCAN-00001244,SN-00001244,EXEC-000451,GIS-420-4000,MAT-00001244,BATCH-17291,Schneider Electric,2026-01-26 07:28:00,SUCCESS
SCAN-00001245,SN-00001245,EXEC-000452,GIS-170-4000,MAT-00001245,BATCH-68402,Mitsubishi Electric,2026-01-26 07:49:00,SUCCESS
SCAN-00001246,SN-00001246,EXEC-000452,GIS-170-4000,MAT-00001246,BATCH-18716,Mitsubishi Electric,2026-01-26 07:36:00,SUCCESS
SCAN-00001247,SN-00001247,EXEC-000453,GIS-145-4000,MAT-00001247,BATCH-23297,Hitachi Energy,2026-01-26 07:51:00,SUCCESS
SCAN-00001248,SN-00001248,EXEC-000453,GIS-145-4000,MAT-00001248,BATCH-32139,Hitachi Energy,2026-01-26 08:01:00,SUCCESS
SCAN-00001249,SN-00001249,EXEC-000453,GIS-145-4000,MAT-00001249,BATCH-25220,Hitachi Energy,2026-01-26 08:17:00,SUCCESS
SCAN-00001250,SN-00001250,EXEC-000453,GIS-145-4000,MAT-00001250,BATCH-19119,Schneider Electric,2026-01-26 08:01:00,SUCCESS
SCAN-00001251,SN-00001251,EXEC-000454,GIS-072-3150,MAT-00001251,BATCH-30418,ABB,2026-01-26 08:00:00,SUCCESS
SCAN-00001252,SN-00001252,EXEC-000454,GIS-072-3150,MAT-00001252,BATCH-29287,Schneider Electric,2026-01-26 08:00:00,SUCCESS
SCAN-00001253,SN-00001253,EXEC-000454,GIS-072-3150,MAT-00001253,BATCH-47473,Siemens Energy,2026-01-26 08:20:00,SUCCESS
SCAN-00001254,SN-00001254,EXEC-000455,GIS-072-2500,MAT-00001254,BATCH-21355,ABB,2026-01-26 08:56:00,SUCCESS
SCAN-00001255,SN-00001255,EXEC-000455,GIS-072-2500,MAT-00001255,BATCH-19906,Hitachi Energy,2026-01-26 08:48:00,SUCCESS
SCAN-00001256,SN-00001256,EXEC-000455,GIS-072-2500,MAT-00001256,BATCH-47449,Schneider Electric,2026-01-26 08:36:00,SUCCESS
SCAN-00001257,SN-00001257,EXEC-000455,GIS-072-2500,MAT-00001257,BATCH-16905,Mitsubishi Electric,2026-01-26 08:59:00,SUCCESS
SCAN-00001258,SN-00001258,EXEC-000456,GIS-072-2500,MAT-00001258,BATCH-70968,Siemens Energy,2026-01-26 08:43:00,SUCCESS
SCAN-00001259,SN-00001259,EXEC-000456,GIS-072-2500,MAT-00001259,BATCH-59651,Hitachi Energy,2026-01-26 09:18:00,SUCCESS
SCAN-00001260,SN-00001260,EXEC-000456,GIS-072-2500,MAT-00001260,BATCH-75324,Schneider Electric,2026-01-26 09:16:00,SUCCESS
SCAN-00001261,SN-00001261,EXEC-000456,GIS-072-2500,MAT-00001261,BATCH-30250,Mitsubishi Electric,2026-01-26 08:42:00,SUCCESS
SCAN-00001262,SN-00001262,EXEC-000457,GIS-300-4000,MAT-00001262,BATCH-91071,ABB,2026-01-26 09:38:00,SUCCESS
SCAN-00001263,SN-00001263,EXEC-000458,GIS-145-4000,MAT-00001263,BATCH-37603,ABB,2026-01-26 09:41:00,SUCCESS
SCAN-00001264,SN-00001264,EXEC-000458,GIS-145-4000,MAT-00001264,BATCH-81620,Siemens Energy,2026-01-26 09:24:00,SUCCESS
SCAN-00001265,SN-00001265,EXEC-000458,GIS-145-4000,MAT-00001265,BATCH-65469,Mitsubishi Electric,2026-01-26 09:34:00,SUCCESS
SCAN-00001266,SN-00001266,EXEC-000459,GIS-420-5000,MAT-00001266,BATCH-46628,Schneider Electric,2026-01-26 09:57:00,SUCCESS
SCAN-00001267,SN-00001267,EXEC-000460,GIS-245-4000,MAT-00001267,BATCH-30722,Schneider Electric,2026-01-26 10:37:00,SUCCESS
SCAN-00001268,SN-00001268,EXEC-000460,GIS-245-4000,MAT-00001268,BATCH-57180,ABB,2026-01-26 10:21:00,SUCCESS
SCAN-00001269,SN-00001269,EXEC-000460,GIS-245-4000,MAT-00001269,BATCH-89814,Schneider Electric,2026-01-26 10:06:00,SUCCESS
SCAN-00001270,SN-00001270,EXEC-000461,GIS-170-4000,MAT-00001270,BATCH-16315,ABB,2026-01-26 10:40:00,SUCCESS
SCAN-00001271,SN-00001271,EXEC-000461,GIS-170-4000,MAT-00001271,BATCH-38441,ABB,2026-01-26 10:21:00,SUCCESS
SCAN-00001272,SN-00001272,EXEC-000462,GIS-145-4000,MAT-00001272,BATCH-49695,Schneider Electric,2026-01-26 11:16:00,SUCCESS
SCAN-00001273,SN-00001273,EXEC-000462,GIS-145-4000,MAT-00001273,BATCH-21118,Siemens Energy,2026-01-26 10:44:00,SUCCESS
SCAN-00001274,SN-00001274,EXEC-000462,GIS-145-4000,MAT-00001274,BATCH-68774,Schneider Electric,2026-01-26 10:55:00,SUCCESS
SCAN-00001275,SN-00001275,EXEC-000463,GIS-072-2500,MAT-00001275,BATCH-32139,Schneider Electric,2026-01-26 11:27:00,SUCCESS
SCAN-00001276,SN-00001276,EXEC-000463,GIS-072-2500,MAT-00001276,BATCH-69570,Hitachi Energy,2026-01-26 11:14:00,SUCCESS
SCAN-00001277,SN-00001277,EXEC-000463,GIS-072-2500,MAT-00001277,BATCH-86681,Mitsubishi Electric,2026-01-26 11:32:00,SUCCESS
SCAN-00001278,SN-00001278,EXEC-000463,GIS-072-2500,MAT-00001278,BATCH-84745,Hitachi Energy,2026-01-26 11:26:00,SUCCESS
SCAN-00001279,SN-00001279,EXEC-000463,GIS-072-2500,MAT-00001279,BATCH-72521,Schneider Electric,2026-01-26 11:40:00,SUCCESS
SCAN-00001280,SN-00001280,EXEC-000464,GIS-072-3150,MAT-00001280,BATCH-47881,Mitsubishi Electric,2026-01-26 11:28:00,SUCCESS
SCAN-00001281,SN-00001281,EXEC-000464,GIS-072-3150,MAT-00001281,BATCH-15389,Hitachi Energy,2026-01-26 11:27:00,SUCCESS
SCAN-00001282,SN-00001282,EXEC-000464,GIS-072-3150,MAT-00001282,BATCH-53265,ABB,2026-01-26 11:37:00,SUCCESS
SCAN-00001283,SN-00001283,EXEC-000464,GIS-072-3150,MAT-00001283,BATCH-14575,ABB,2026-01-26 12:00:00,SUCCESS
SCAN-00001284,SN-00001284,EXEC-000465,GIS-145-4000,MAT-00001284,BATCH-20372,Hitachi Energy,2026-01-26 12:18:00,SUCCESS
SCAN-00001285,SN-00001285,EXEC-000465,GIS-145-4000,MAT-00001285,BATCH-65486,Schneider Electric,2026-01-26 12:19:00,SUCCESS
SCAN-00001286,SN-00001286,EXEC-000465,GIS-145-4000,MAT-00001286,BATCH-63318,ABB,2026-01-26 11:54:00,SUCCESS
SCAN-00001287,SN-00001287,EXEC-000465,GIS-145-4000,MAT-00001287,BATCH-22368,Schneider Electric,2026-01-26 11:40:00,SUCCESS
SCAN-00001288,SN-00001288,EXEC-000466,GIS-145-3150,MAT-00001288,BATCH-87552,Mitsubishi Electric,2026-01-26 12:39:00,SUCCESS
SCAN-00001289,SN-00001289,EXEC-000466,GIS-145-3150,MAT-00001289,BATCH-21105,ABB,2026-01-26 12:10:00,SUCCESS
SCAN-00001290,SN-00001290,EXEC-000466,GIS-145-3150,MAT-00001290,BATCH-15386,Hitachi Energy,2026-01-26 12:26:00,SUCCESS
SCAN-00001291,SN-00001291,EXEC-000467,GIS-145-3150,MAT-00001291,BATCH-63818,Mitsubishi Electric,2026-01-27 06:26:00,SUCCESS
SCAN-00001292,SN-00001292,EXEC-000467,GIS-145-3150,MAT-00001292,BATCH-75203,Siemens Energy,2026-01-27 06:01:00,SUCCESS
SCAN-00001293,SN-00001293,EXEC-000467,GIS-145-3150,MAT-00001293,BATCH-91921,Siemens Energy,2026-01-27 06:02:00,SUCCESS
SCAN-00001294,SN-00001294,EXEC-000467,GIS-145-3150,MAT-00001294,BATCH-44244,Mitsubishi Electric,2026-01-27 06:23:00,SUCCESS
SCAN-00001295,SN-00001295,EXEC-000468,GIS-245-3150,MAT-00001295,BATCH-37346,Schneider Electric,2026-01-27 06:41:00,SUCCESS
SCAN-00001296,SN-00001296,EXEC-000468,GIS-245-3150,MAT-00001296,BATCH-29868,Hitachi Energy,2026-01-27 06:54:00,SUCCESS
SCAN-00001297,SN-00001297,EXEC-000469,GIS-072-2500,MAT-00001297,BATCH-87389,Mitsubishi Electric,2026-01-27 07:04:00,SUCCESS
SCAN-00001298,SN-00001298,EXEC-000469,GIS-072-2500,MAT-00001298,BATCH-17385,ABB,2026-01-27 07:06:00,SUCCESS
SCAN-00001299,SN-00001299,EXEC-000469,GIS-072-2500,MAT-00001299,BATCH-96345,Schneider Electric,2026-01-27 06:45:00,SUCCESS
SCAN-00001300,SN-00001300,EXEC-000469,GIS-072-2500,MAT-00001300,BATCH-92529,Schneider Electric,2026-01-27 06:46:00,SUCCESS
SCAN-00001301,SN-00001301,EXEC-000469,GIS-072-2500,MAT-00001301,BATCH-10466,ABB,2026-01-27 06:44:00,SUCCESS
SCAN-00001302,SN-00001302,EXEC-000470,GIS-072-3150,MAT-00001302,BATCH-64888,Siemens Energy,2026-01-27 07:15:00,SUCCESS
SCAN-00001303,SN-00001303,EXEC-000470,GIS-072-3150,MAT-00001303,BATCH-89876,Siemens Energy,2026-01-27 07:28:00,SUCCESS
SCAN-00001304,SN-00001304,EXEC-000470,GIS-072-3150,MAT-00001304,BATCH-60605,Schneider Electric,2026-01-27 07:40:00,SUCCESS
SCAN-00001305,SN-00001305,EXEC-000470,GIS-072-3150,MAT-00001305,BATCH-34111,Siemens Energy,2026-01-27 07:23:00,SUCCESS
SCAN-00001306,SN-00001306,EXEC-000470,GIS-072-3150,MAT-00001306,BATCH-84060,Hitachi Energy,2026-01-27 07:11:00,SUCCESS
SCAN-00001307,SN-00001307,EXEC-000471,GIS-170-4000,MAT-00001307,BATCH-61862,Siemens Energy,2026-01-27 07:48:00,SUCCESS
SCAN-00001308,SN-00001308,EXEC-000471,GIS-170-4000,MAT-00001308,BATCH-23200,Schneider Electric,2026-01-27 07:48:00,SUCCESS
SCAN-00001309,SN-00001309,EXEC-000472,GIS-170-4000,MAT-00001309,BATCH-94929,Siemens Energy,2026-01-27 07:54:00,SUCCESS
SCAN-00001310,SN-00001310,EXEC-000472,GIS-170-4000,MAT-00001310,BATCH-67420,Schneider Electric,2026-01-27 08:04:00,SUCCESS
SCAN-00001311,SN-00001311,EXEC-000473,GIS-145-3150,MAT-00001311,BATCH-45026,Schneider Electric,2026-01-27 08:09:00,SUCCESS
SCAN-00001312,SN-00001312,EXEC-000473,GIS-145-3150,MAT-00001312,BATCH-19243,Siemens Energy,2026-01-27 08:15:00,SUCCESS
SCAN-00001313,SN-00001313,EXEC-000473,GIS-145-3150,MAT-00001313,BATCH-51676,Schneider Electric,2026-01-27 08:09:00,SUCCESS
SCAN-00001314,SN-00001314,EXEC-000473,GIS-145-3150,MAT-00001314,BATCH-28014,Mitsubishi Electric,2026-01-27 08:32:00,SUCCESS
SCAN-00001315,SN-00001315,EXEC-000474,GIS-145-3150,MAT-00001315,BATCH-93362,Mitsubishi Electric,2026-01-27 08:33:00,SUCCESS
SCAN-00001316,SN-00001316,EXEC-000474,GIS-145-3150,MAT-00001316,BATCH-44936,Schneider Electric,2026-01-27 08:49:00,SUCCESS
SCAN-00001317,SN-00001317,EXEC-000474,GIS-145-3150,MAT-00001317,BATCH-54436,ABB,2026-01-27 08:24:00,SUCCESS
SCAN-00001318,SN-00001318,EXEC-000474,GIS-145-3150,MAT-00001318,BATCH-18558,Siemens Energy,2026-01-27 09:00:00,SUCCESS
SCAN-00001319,SN-00001319,EXEC-000475,GIS-072-2500,MAT-00001319,BATCH-56429,Hitachi Energy,2026-01-27 09:14:00,SUCCESS
SCAN-00001320,SN-00001320,EXEC-000475,GIS-072-2500,MAT-00001320,BATCH-41851,Schneider Electric,2026-01-27 08:57:00,SUCCESS
SCAN-00001321,SN-00001321,EXEC-000475,GIS-072-2500,MAT-00001321,BATCH-45701,Schneider Electric,2026-01-27 09:13:00,SUCCESS
SCAN-00001322,SN-00001322,EXEC-000475,GIS-072-2500,MAT-00001322,BATCH-24899,Schneider Electric,2026-01-27 08:46:00,SUCCESS
SCAN-00001323,SN-00001323,EXEC-000475,GIS-072-2500,MAT-00001323,BATCH-85145,Hitachi Energy,2026-01-27 08:54:00,SUCCESS
SCAN-00001324,SN-00001324,EXEC-000476,GIS-245-4000,MAT-00001324,BATCH-89775,Schneider Electric,2026-01-27 09:22:00,SUCCESS
SCAN-00001325,SN-00001325,EXEC-000477,GIS-300-4000,MAT-00001325,BATCH-33515,Schneider Electric,2026-01-27 09:45:00,SUCCESS
SCAN-00001326,SN-00001326,EXEC-000478,GIS-145-3150,MAT-00001326,BATCH-92551,Schneider Electric,2026-01-27 10:09:00,SUCCESS
SCAN-00001327,SN-00001327,EXEC-000478,GIS-145-3150,MAT-00001327,BATCH-49407,Siemens Energy,2026-01-27 09:54:00,SUCCESS
SCAN-00001328,SN-00001328,EXEC-000478,GIS-145-3150,MAT-00001328,BATCH-94231,Hitachi Energy,2026-01-27 09:58:00,SUCCESS
SCAN-00001329,SN-00001329,EXEC-000479,GIS-145-3150,MAT-00001329,BATCH-66753,Hitachi Energy,2026-01-27 10:38:00,SUCCESS
SCAN-00001330,SN-00001330,EXEC-000479,GIS-145-3150,MAT-00001330,BATCH-50749,Siemens Energy,2026-01-27 10:10:00,SUCCESS
SCAN-00001331,SN-00001331,EXEC-000480,GIS-245-4000,MAT-00001331,BATCH-94358,ABB,2026-01-27 10:41:00,SUCCESS
SCAN-00001332,SN-00001332,EXEC-000481,GIS-072-2500,MAT-00001332,BATCH-72483,Schneider Electric,2026-01-27 10:46:00,SUCCESS
SCAN-00001333,SN-00001333,EXEC-000481,GIS-072-2500,MAT-00001333,BATCH-64989,Mitsubishi Electric,2026-01-27 11:17:00,SUCCESS
SCAN-00001334,SN-00001334,EXEC-000481,GIS-072-2500,MAT-00001334,BATCH-29418,Siemens Energy,2026-01-27 11:16:00,SUCCESS
SCAN-00001335,SN-00001335,EXEC-000482,GIS-245-4000,MAT-00001335,BATCH-50845,ABB,2026-01-27 11:08:00,SUCCESS
SCAN-00001336,SN-00001336,EXEC-000482,GIS-245-4000,MAT-00001336,BATCH-24660,Siemens Energy,2026-01-27 11:27:00,SUCCESS
SCAN-00001337,SN-00001337,EXEC-000482,GIS-245-4000,MAT-00001337,BATCH-40690,ABB,2026-01-27 11:06:00,SUCCESS
SCAN-00001338,SN-00001338,EXEC-000483,GIS-300-4000,MAT-00001338,BATCH-17981,Schneider Electric,2026-01-27 11:45:00,SUCCESS
SCAN-00001339,SN-00001339,EXEC-000484,GIS-420-4000,MAT-00001339,BATCH-22468,Schneider Electric,2026-01-27 11:52:00,SUCCESS
SCAN-00001340,SN-00001340,EXEC-000485,GIS-072-3150,MAT-00001340,BATCH-13026,Schneider Electric,2026-01-27 12:06:00,SUCCESS
SCAN-00001341,SN-00001341,EXEC-000485,GIS-072-3150,MAT-00001341,BATCH-98296,Hitachi Energy,2026-01-27 12:37:00,SUCCESS
SCAN-00001342,SN-00001342,EXEC-000485,GIS-072-3150,MAT-00001342,BATCH-13512,Siemens Energy,2026-01-27 12:16:00,SUCCESS
SCAN-00001343,SN-00001343,EXEC-000486,GIS-245-4000,MAT-00001343,BATCH-79242,ABB,2026-01-27 13:00:00,SUCCESS
SCAN-00001344,SN-00001344,EXEC-000487,GIS-072-2500,MAT-00001344,BATCH-90246,ABB,2026-01-27 13:09:00,SUCCESS
SCAN-00001345,SN-00001345,EXEC-000487,GIS-072-2500,MAT-00001345,BATCH-85753,Mitsubishi Electric,2026-01-27 12:50:00,SUCCESS
SCAN-00001346,SN-00001346,EXEC-000487,GIS-072-2500,MAT-00001346,BATCH-99365,Schneider Electric,2026-01-27 12:40:00,SUCCESS
SCAN-00001347,SN-00001347,EXEC-000487,GIS-072-2500,MAT-00001347,BATCH-30939,Hitachi Energy,2026-01-27 12:58:00,SUCCESS
SCAN-00001348,SN-00001348,EXEC-000488,GIS-072-3150,MAT-00001348,BATCH-16239,Hitachi Energy,2026-01-27 13:29:00,SUCCESS
SCAN-00001349,SN-00001349,EXEC-000488,GIS-072-3150,MAT-00001349,BATCH-26306,Mitsubishi Electric,2026-01-27 13:13:00,SUCCESS
SCAN-00001350,SN-00001350,EXEC-000488,GIS-072-3150,MAT-00001350,BATCH-49589,Mitsubishi Electric,2026-01-27 13:11:00,SUCCESS
SCAN-00001351,SN-00001351,EXEC-000488,GIS-072-3150,MAT-00001351,BATCH-60725,Schneider Electric,2026-01-27 13:30:00,SUCCESS
SCAN-00001352,SN-00001352,EXEC-000489,GIS-245-4000,MAT-00001352,BATCH-53340,ABB,2026-01-27 13:37:00,SUCCESS
SCAN-00001353,SN-00001353,EXEC-000489,GIS-245-4000,MAT-00001353,BATCH-10650,ABB,2026-01-27 13:20:00,SUCCESS
SCAN-00001354,SN-00001354,EXEC-000490,GIS-072-3150,MAT-00001354,BATCH-82381,ABB,2026-01-27 14:06:00,SUCCESS
SCAN-00001355,SN-00001355,EXEC-000490,GIS-072-3150,MAT-00001355,BATCH-57803,Mitsubishi Electric,2026-01-27 14:20:00,SUCCESS
SCAN-00001356,SN-00001356,EXEC-000490,GIS-072-3150,MAT-00001356,BATCH-76639,Mitsubishi Electric,2026-01-27 13:40:00,SUCCESS
SCAN-00001357,SN-00001357,EXEC-000490,GIS-072-3150,MAT-00001357,BATCH-82806,Mitsubishi Electric,2026-01-27 13:45:00,SUCCESS
SCAN-00001358,SN-00001358,EXEC-000491,GIS-145-3150,MAT-00001358,BATCH-76326,Siemens Energy,2026-01-28 06:18:00,SUCCESS
SCAN-00001359,SN-00001359,EXEC-000491,GIS-145-3150,MAT-00001359,BATCH-25631,Schneider Electric,2026-01-28 06:04:00,SUCCESS
SCAN-00001360,SN-00001360,EXEC-000491,GIS-145-3150,MAT-00001360,BATCH-48482,Schneider Electric,2026-01-28 06:01:00,SUCCESS
SCAN-00001361,SN-00001361,EXEC-000491,GIS-145-3150,MAT-00001361,BATCH-61512,Siemens Energy,2026-01-28 06:25:00,SUCCESS
SCAN-00001362,SN-00001362,EXEC-000492,GIS-145-4000,MAT-00001362,BATCH-10933,Schneider Electric,2026-01-28 06:22:00,SUCCESS
SCAN-00001363,SN-00001363,EXEC-000492,GIS-145-4000,MAT-00001363,BATCH-56447,Siemens Energy,2026-01-28 06:51:00,SUCCESS
SCAN-00001364,SN-00001364,EXEC-000492,GIS-145-4000,MAT-00001364,BATCH-20073,Mitsubishi Electric,2026-01-28 06:34:00,SUCCESS
SCAN-00001365,SN-00001365,EXEC-000493,GIS-145-4000,MAT-00001365,BATCH-67237,ABB,2026-01-28 07:14:00,SUCCESS
SCAN-00001366,SN-00001366,EXEC-000493,GIS-145-4000,MAT-00001366,BATCH-50148,ABB,2026-01-28 07:14:00,SUCCESS
SCAN-00001367,SN-00001367,EXEC-000493,GIS-145-4000,MAT-00001367,BATCH-97721,ABB,2026-01-28 06:52:00,SUCCESS
SCAN-00001368,SN-00001368,EXEC-000494,GIS-300-4000,MAT-00001368,BATCH-23471,Siemens Energy,2026-01-28 07:09:00,SUCCESS
SCAN-00001369,SN-00001369,EXEC-000495,GIS-072-2500,MAT-00001369,BATCH-52685,Hitachi Energy,2026-01-28 07:58:00,SUCCESS
SCAN-00001370,SN-00001370,EXEC-000495,GIS-072-2500,MAT-00001370,BATCH-72448,ABB,2026-01-28 07:20:00,SUCCESS
SCAN-00001371,SN-00001371,EXEC-000495,GIS-072-2500,MAT-00001371,BATCH-21540,Hitachi Energy,2026-01-28 07:54:00,SUCCESS
SCAN-00001372,SN-00001372,EXEC-000495,GIS-072-2500,MAT-00001372,BATCH-23184,Schneider Electric,2026-01-28 07:47:00,SUCCESS
SCAN-00001373,SN-00001373,EXEC-000496,GIS-170-4000,MAT-00001373,BATCH-70312,Siemens Energy,2026-01-28 07:41:00,SUCCESS
SCAN-00001374,SN-00001374,EXEC-000496,GIS-170-4000,MAT-00001374,BATCH-11557,Mitsubishi Electric,2026-01-28 07:51:00,SUCCESS
SCAN-00001375,SN-00001375,EXEC-000497,GIS-145-4000,MAT-00001375,BATCH-94358,ABB,2026-01-28 08:13:00,SUCCESS
SCAN-00001376,SN-00001376,EXEC-000497,GIS-145-4000,MAT-00001376,BATCH-97606,ABB,2026-01-28 08:10:00,SUCCESS
SCAN-00001377,SN-00001377,EXEC-000498,GIS-245-4000,MAT-00001377,BATCH-85954,Mitsubishi Electric,2026-01-28 08:59:00,SUCCESS
SCAN-00001378,SN-00001378,EXEC-000498,GIS-245-4000,MAT-00001378,BATCH-36447,Siemens Energy,2026-01-28 08:50:00,SUCCESS
SCAN-00001379,SN-00001379,EXEC-000499,GIS-145-4000,MAT-00001379,BATCH-91555,Schneider Electric,2026-01-28 08:46:00,SUCCESS
SCAN-00001380,SN-00001380,EXEC-000499,GIS-145-4000,MAT-00001380,BATCH-28799,Siemens Energy,2026-01-28 09:14:00,SUCCESS
SCAN-00001381,SN-00001381,EXEC-000499,GIS-145-4000,MAT-00001381,BATCH-69807,Hitachi Energy,2026-01-28 08:53:00,SUCCESS
SCAN-00001382,SN-00001382,EXEC-000500,GIS-420-4000,MAT-00001382,BATCH-66317,Siemens Energy,2026-01-28 09:29:00,SUCCESS
SCAN-00001383,SN-00001383,EXEC-000500,GIS-420-4000,MAT-00001383,BATCH-88049,Hitachi Energy,2026-01-28 09:36:00,SUCCESS
SCAN-00001384,SN-00001384,EXEC-000501,GIS-420-5000,MAT-00001384,BATCH-87447,ABB,2026-01-28 09:35:00,SUCCESS
SCAN-00001385,SN-00001385,EXEC-000501,GIS-420-5000,MAT-00001385,BATCH-70780,Hitachi Energy,2026-01-28 09:20:00,SUCCESS
SCAN-00001386,SN-00001386,EXEC-000502,GIS-145-4000,MAT-00001386,BATCH-78315,Siemens Energy,2026-01-28 09:40:00,SUCCESS
SCAN-00001387,SN-00001387,EXEC-000502,GIS-145-4000,MAT-00001387,BATCH-32874,Schneider Electric,2026-01-28 09:56:00,SUCCESS
SCAN-00001388,SN-00001388,EXEC-000503,GIS-072-2500,MAT-00001388,BATCH-99433,Siemens Energy,2026-01-28 10:30:00,SUCCESS
SCAN-00001389,SN-00001389,EXEC-000503,GIS-072-2500,MAT-00001389,BATCH-28558,Schneider Electric,2026-01-28 10:38:00,SUCCESS
SCAN-00001390,SN-00001390,EXEC-000503,GIS-072-2500,MAT-00001390,BATCH-29242,Hitachi Energy,2026-01-28 10:09:00,SUCCESS
SCAN-00001391,SN-00001391,EXEC-000504,GIS-420-5000,MAT-00001391,BATCH-49616,Hitachi Energy,2026-01-28 10:21:00,SUCCESS
SCAN-00001392,SN-00001392,EXEC-000504,GIS-420-5000,MAT-00001392,BATCH-82909,Siemens Energy,2026-01-28 10:32:00,SUCCESS
SCAN-00001393,SN-00001393,EXEC-000505,GIS-072-2500,MAT-00001393,BATCH-21571,Hitachi Energy,2026-01-28 10:45:00,SUCCESS
SCAN-00001394,SN-00001394,EXEC-000505,GIS-072-2500,MAT-00001394,BATCH-40178,Hitachi Energy,2026-01-28 11:14:00,SUCCESS
SCAN-00001395,SN-00001395,EXEC-000505,GIS-072-2500,MAT-00001395,BATCH-28012,Schneider Electric,2026-01-28 11:10:00,SUCCESS
SCAN-00001396,SN-00001396,EXEC-000505,GIS-072-2500,MAT-00001396,BATCH-14796,ABB,2026-01-28 11:03:00,SUCCESS
SCAN-00001397,SN-00001397,EXEC-000506,GIS-145-4000,MAT-00001397,BATCH-31859,Siemens Energy,2026-01-28 11:36:00,SUCCESS
SCAN-00001398,SN-00001398,EXEC-000506,GIS-145-4000,MAT-00001398,BATCH-40942,Schneider Electric,2026-01-28 11:33:00,SUCCESS
SCAN-00001399,SN-00001399,EXEC-000507,GIS-145-4000,MAT-00001399,BATCH-59721,Schneider Electric,2026-01-28 11:42:00,SUCCESS
SCAN-00001400,SN-00001400,EXEC-000507,GIS-145-4000,MAT-00001400,BATCH-80528,Hitachi Energy,2026-01-28 11:42:00,SUCCESS
SCAN-00001401,SN-00001401,EXEC-000507,GIS-145-4000,MAT-00001401,BATCH-53845,Siemens Energy,2026-01-28 11:57:00,SUCCESS
SCAN-00001402,SN-00001402,EXEC-000507,GIS-145-4000,MAT-00001402,BATCH-91259,Hitachi Energy,2026-01-28 11:27:00,SUCCESS
SCAN-00001403,SN-00001403,EXEC-000508,GIS-072-2500,MAT-00001403,BATCH-61804,Hitachi Energy,2026-01-28 12:19:00,SUCCESS
SCAN-00001404,SN-00001404,EXEC-000508,GIS-072-2500,MAT-00001404,BATCH-46539,Schneider Electric,2026-01-28 12:18:00,SUCCESS
SCAN-00001405,SN-00001405,EXEC-000508,GIS-072-2500,MAT-00001405,BATCH-47405,ABB,2026-01-28 11:46:00,SUCCESS
SCAN-00001406,SN-00001406,EXEC-000508,GIS-072-2500,MAT-00001406,BATCH-78364,Mitsubishi Electric,2026-01-28 11:54:00,SUCCESS
SCAN-00001407,SN-00001407,EXEC-000509,GIS-072-2500,MAT-00001407,BATCH-25012,Mitsubishi Electric,2026-01-28 12:23:00,SUCCESS
SCAN-00001408,SN-00001408,EXEC-000509,GIS-072-2500,MAT-00001408,BATCH-65253,Mitsubishi Electric,2026-01-28 12:39:00,SUCCESS
SCAN-00001409,SN-00001409,EXEC-000509,GIS-072-2500,MAT-00001409,BATCH-44206,ABB,2026-01-28 12:10:00,SUCCESS
SCAN-00001410,SN-00001410,EXEC-000509,GIS-072-2500,MAT-00001410,BATCH-16033,Hitachi Energy,2026-01-28 12:32:00,SUCCESS
SCAN-00001411,SN-00001411,EXEC-000509,GIS-072-2500,MAT-00001411,BATCH-94768,Schneider Electric,2026-01-28 12:37:00,SUCCESS
SCAN-00001412,SN-00001412,EXEC-000510,GIS-072-2500,MAT-00001412,BATCH-95280,Schneider Electric,2026-01-29 06:21:00,SUCCESS
SCAN-00001413,SN-00001413,EXEC-000510,GIS-072-2500,MAT-00001413,BATCH-28081,Siemens Energy,2026-01-29 06:25:00,SUCCESS
SCAN-00001414,SN-00001414,EXEC-000510,GIS-072-2500,MAT-00001414,BATCH-96042,Mitsubishi Electric,2026-01-29 06:27:00,SUCCESS
SCAN-00001415,SN-00001415,EXEC-000510,GIS-072-2500,MAT-00001415,BATCH-62380,Schneider Electric,2026-01-29 06:28:00,SUCCESS
SCAN-00001416,SN-00001416,EXEC-000511,GIS-072-2500,MAT-00001416,BATCH-12964,ABB,2026-01-29 06:48:00,SUCCESS
SCAN-00001417,SN-00001417,EXEC-000511,GIS-072-2500,MAT-00001417,BATCH-65882,Siemens Energy,2026-01-29 06:56:00,SUCCESS
SCAN-00001418,SN-00001418,EXEC-000511,GIS-072-2500,MAT-00001418,BATCH-45697,Siemens Energy,2026-01-29 06:42:00,SUCCESS
SCAN-00001419,SN-00001419,EXEC-000512,GIS-245-4000,MAT-00001419,BATCH-61728,Hitachi Energy,2026-01-29 07:02:00,SUCCESS
SCAN-00001420,SN-00001420,EXEC-000512,GIS-245-4000,MAT-00001420,BATCH-58435,Siemens Energy,2026-01-29 06:49:00,SUCCESS
SCAN-00001421,SN-00001421,EXEC-000513,GIS-300-4000,MAT-00001421,BATCH-87883,Schneider Electric,2026-01-29 07:07:00,SUCCESS
SCAN-00001422,SN-00001422,EXEC-000513,GIS-300-4000,MAT-00001422,BATCH-39729,Hitachi Energy,2026-01-29 07:17:00,SUCCESS
SCAN-00001423,SN-00001423,EXEC-000514,GIS-072-2500,MAT-00001423,BATCH-54342,ABB,2026-01-29 07:42:00,SUCCESS
SCAN-00001424,SN-00001424,EXEC-000514,GIS-072-2500,MAT-00001424,BATCH-60692,ABB,2026-01-29 07:34:00,SUCCESS
SCAN-00001425,SN-00001425,EXEC-000514,GIS-072-2500,MAT-00001425,BATCH-71148,ABB,2026-01-29 07:38:00,SUCCESS
SCAN-00001426,SN-00001426,EXEC-000514,GIS-072-2500,MAT-00001426,BATCH-44877,ABB,2026-01-29 07:58:00,SUCCESS
SCAN-00001427,SN-00001427,EXEC-000514,GIS-072-2500,MAT-00001427,BATCH-83077,Hitachi Energy,2026-01-29 07:52:00,SUCCESS
SCAN-00001428,SN-00001428,EXEC-000515,GIS-245-3150,MAT-00001428,BATCH-63352,ABB,2026-01-29 07:52:00,SUCCESS
SCAN-00001429,SN-00001429,EXEC-000515,GIS-245-3150,MAT-00001429,BATCH-50304,Hitachi Energy,2026-01-29 07:51:00,SUCCESS
SCAN-00001430,SN-00001430,EXEC-000516,GIS-170-4000,MAT-00001430,BATCH-52306,Mitsubishi Electric,2026-01-29 08:34:00,SUCCESS
SCAN-00001431,SN-00001431,EXEC-000516,GIS-170-4000,MAT-00001431,BATCH-64016,ABB,2026-01-29 08:24:00,SUCCESS
SCAN-00001432,SN-00001432,EXEC-000517,GIS-072-3150,MAT-00001432,BATCH-56012,ABB,2026-01-29 08:54:00,SUCCESS
SCAN-00001433,SN-00001433,EXEC-000517,GIS-072-3150,MAT-00001433,BATCH-63131,Schneider Electric,2026-01-29 08:32:00,SUCCESS
SCAN-00001434,SN-00001434,EXEC-000517,GIS-072-3150,MAT-00001434,BATCH-81631,Schneider Electric,2026-01-29 08:54:00,SUCCESS
SCAN-00001435,SN-00001435,EXEC-000517,GIS-072-3150,MAT-00001435,BATCH-34479,Hitachi Energy,2026-01-29 08:58:00,SUCCESS
SCAN-00001436,SN-00001436,EXEC-000517,GIS-072-3150,MAT-00001436,BATCH-62748,Hitachi Energy,2026-01-29 08:55:00,SUCCESS
SCAN-00001437,SN-00001437,EXEC-000518,GIS-550-5000,MAT-00001437,BATCH-10794,Mitsubishi Electric,2026-01-29 09:20:00,SUCCESS
SCAN-00001438,SN-00001438,EXEC-000519,GIS-145-4000,MAT-00001438,BATCH-14571,Siemens Energy,2026-01-29 09:26:00,SUCCESS
SCAN-00001439,SN-00001439,EXEC-000519,GIS-145-4000,MAT-00001439,BATCH-32273,ABB,2026-01-29 09:22:00,SUCCESS
SCAN-00001440,SN-00001440,EXEC-000519,GIS-145-4000,MAT-00001440,BATCH-97495,Hitachi Energy,2026-01-29 09:26:00,SUCCESS
SCAN-00001441,SN-00001441,EXEC-000519,GIS-145-4000,MAT-00001441,BATCH-93813,Hitachi Energy,2026-01-29 09:28:00,SUCCESS
SCAN-00001442,SN-00001442,EXEC-000520,GIS-145-4000,MAT-00001442,BATCH-26058,Siemens Energy,2026-01-29 09:55:00,SUCCESS
SCAN-00001443,SN-00001443,EXEC-000520,GIS-145-4000,MAT-00001443,BATCH-86678,Schneider Electric,2026-01-29 09:42:00,SUCCESS
SCAN-00001444,SN-00001444,EXEC-000521,GIS-145-4000,MAT-00001444,BATCH-68321,Mitsubishi Electric,2026-01-29 09:48:00,SUCCESS
SCAN-00001445,SN-00001445,EXEC-000521,GIS-145-4000,MAT-00001445,BATCH-11570,Siemens Energy,2026-01-29 10:01:00,SUCCESS
SCAN-00001446,SN-00001446,EXEC-000521,GIS-145-4000,MAT-00001446,BATCH-12273,Siemens Energy,2026-01-29 10:05:00,SUCCESS
SCAN-00001447,SN-00001447,EXEC-000521,GIS-145-4000,MAT-00001447,BATCH-51363,Hitachi Energy,2026-01-29 10:10:00,SUCCESS
SCAN-00001448,SN-00001448,EXEC-000522,GIS-145-3150,MAT-00001448,BATCH-89171,ABB,2026-01-29 10:37:00,SUCCESS
SCAN-00001449,SN-00001449,EXEC-000522,GIS-145-3150,MAT-00001449,BATCH-29140,Mitsubishi Electric,2026-01-29 10:17:00,SUCCESS
SCAN-00001450,SN-00001450,EXEC-000522,GIS-145-3150,MAT-00001450,BATCH-17530,Siemens Energy,2026-01-29 10:15:00,SUCCESS
SCAN-00001451,SN-00001451,EXEC-000522,GIS-145-3150,MAT-00001451,BATCH-44569,Mitsubishi Electric,2026-01-29 10:23:00,SUCCESS
SCAN-00001452,SN-00001452,EXEC-000523,GIS-245-4000,MAT-00001452,BATCH-61692,ABB,2026-01-29 10:34:00,SUCCESS
SCAN-00001453,SN-00001453,EXEC-000523,GIS-245-4000,MAT-00001453,BATCH-54824,ABB,2026-01-29 10:40:00,SUCCESS
SCAN-00001454,SN-00001454,EXEC-000524,GIS-245-3150,MAT-00001454,BATCH-94972,ABB,2026-01-29 11:13:00,SUCCESS
SCAN-00001455,SN-00001455,EXEC-000525,GIS-245-4000,MAT-00001455,BATCH-70147,Hitachi Energy,2026-01-29 11:06:00,SUCCESS
SCAN-00001456,SN-00001456,EXEC-000525,GIS-245-4000,MAT-00001456,BATCH-42459,ABB,2026-01-29 11:22:00,SUCCESS
SCAN-00001457,SN-00001457,EXEC-000526,GIS-145-3150,MAT-00001457,BATCH-57129,ABB,2026-01-29 11:23:00,SUCCESS
SCAN-00001458,SN-00001458,EXEC-000526,GIS-145-3150,MAT-00001458,BATCH-96637,Hitachi Energy,2026-01-29 11:31:00,SUCCESS
SCAN-00001459,SN-00001459,EXEC-000526,GIS-145-3150,MAT-00001459,BATCH-42430,Siemens Energy,2026-01-29 11:26:00,SUCCESS
SCAN-00001460,SN-00001460,EXEC-000527,GIS-072-3150,MAT-00001460,BATCH-95978,ABB,2026-01-29 12:14:00,SUCCESS
SCAN-00001461,SN-00001461,EXEC-000527,GIS-072-3150,MAT-00001461,BATCH-88699,Siemens Energy,2026-01-29 12:04:00,SUCCESS
SCAN-00001462,SN-00001462,EXEC-000527,GIS-072-3150,MAT-00001462,BATCH-31200,Schneider Electric,2026-01-29 11:52:00,SUCCESS
SCAN-00001463,SN-00001463,EXEC-000527,GIS-072-3150,MAT-00001463,BATCH-67612,Mitsubishi Electric,2026-01-29 12:20:00,SUCCESS
SCAN-00001464,SN-00001464,EXEC-000527,GIS-072-3150,MAT-00001464,BATCH-77936,ABB,2026-01-29 11:41:00,SUCCESS
SCAN-00001465,SN-00001465,EXEC-000528,GIS-245-3150,MAT-00001465,BATCH-40331,Siemens Energy,2026-01-29 12:14:00,SUCCESS
SCAN-00001466,SN-00001466,EXEC-000528,GIS-245-3150,MAT-00001466,BATCH-93940,Schneider Electric,2026-01-29 12:23:00,SUCCESS
SCAN-00001467,SN-00001467,EXEC-000528,GIS-245-3150,MAT-00001467,BATCH-42673,Hitachi Energy,2026-01-29 12:38:00,SUCCESS
SCAN-00001468,SN-00001468,EXEC-000529,GIS-072-2500,MAT-00001468,BATCH-69537,Hitachi Energy,2026-01-29 12:56:00,SUCCESS
SCAN-00001469,SN-00001469,EXEC-000529,GIS-072-2500,MAT-00001469,BATCH-68216,Siemens Energy,2026-01-29 12:37:00,SUCCESS
SCAN-00001470,SN-00001470,EXEC-000529,GIS-072-2500,MAT-00001470,BATCH-59046,ABB,2026-01-29 12:57:00,SUCCESS
SCAN-00001471,SN-00001471,EXEC-000529,GIS-072-2500,MAT-00001471,BATCH-37283,Hitachi Energy,2026-01-29 12:56:00,SUCCESS
SCAN-00001472,SN-00001472,EXEC-000529,GIS-072-2500,MAT-00001472,BATCH-40756,Siemens Energy,2026-01-29 12:21:00,SUCCESS
SCAN-00001473,SN-00001473,EXEC-000530,GIS-145-4000,MAT-00001473,BATCH-37667,Siemens Energy,2026-01-29 12:41:00,SUCCESS
SCAN-00001474,SN-00001474,EXEC-000530,GIS-145-4000,MAT-00001474,BATCH-77527,Schneider Electric,2026-01-29 12:51:00,SUCCESS
SCAN-00001475,SN-00001475,EXEC-000530,GIS-145-4000,MAT-00001475,BATCH-69901,Schneider Electric,2026-01-29 12:55:00,SUCCESS
SCAN-00001476,SN-00001476,EXEC-000531,GIS-072-3150,MAT-00001476,BATCH-54169,Hitachi Energy,2026-01-30 06:20:00,SUCCESS
SCAN-00001477,SN-00001477,EXEC-000531,GIS-072-3150,MAT-00001477,BATCH-76319,Mitsubishi Electric,2026-01-30 06:12:00,SUCCESS
SCAN-00001478,SN-00001478,EXEC-000531,GIS-072-3150,MAT-00001478,BATCH-34959,Siemens Energy,2026-01-30 06:28:00,SUCCESS
SCAN-00001479,SN-00001479,EXEC-000532,GIS-145-3150,MAT-00001479,BATCH-93361,Siemens Energy,2026-01-30 06:24:00,SUCCESS
SCAN-00001480,SN-00001480,EXEC-000532,GIS-145-3150,MAT-00001480,BATCH-79262,Siemens Energy,2026-01-30 06:30:00,SUCCESS
SCAN-00001481,SN-00001481,EXEC-000532,GIS-145-3150,MAT-00001481,BATCH-19336,Schneider Electric,2026-01-30 06:56:00,SUCCESS
SCAN-00001482,SN-00001482,EXEC-000533,GIS-145-4000,MAT-00001482,BATCH-69996,ABB,2026-01-30 06:59:00,SUCCESS
SCAN-00001483,SN-00001483,EXEC-000533,GIS-145-4000,MAT-00001483,BATCH-91502,Siemens Energy,2026-01-30 06:40:00,SUCCESS
SCAN-00001484,SN-00001484,EXEC-000533,GIS-145-4000,MAT-00001484,BATCH-22053,Schneider Electric,2026-01-30 06:54:00,SUCCESS
SCAN-00001485,SN-00001485,EXEC-000534,GIS-245-3150,MAT-00001485,BATCH-68690,Hitachi Energy,2026-01-30 07:15:00,SUCCESS
SCAN-00001486,SN-00001486,EXEC-000534,GIS-245-3150,MAT-00001486,BATCH-66960,Siemens Energy,2026-01-30 07:36:00,SUCCESS
SCAN-00001487,SN-00001487,EXEC-000535,GIS-245-4000,MAT-00001487,BATCH-54100,Siemens Energy,2026-01-30 07:41:00,SUCCESS
SCAN-00001488,SN-00001488,EXEC-000535,GIS-245-4000,MAT-00001488,BATCH-59923,Schneider Electric,2026-01-30 07:46:00,SUCCESS
SCAN-00001489,SN-00001489,EXEC-000535,GIS-245-4000,MAT-00001489,BATCH-40480,Hitachi Energy,2026-01-30 07:40:00,SUCCESS
SCAN-00001490,SN-00001490,EXEC-000536,GIS-072-2500,MAT-00001490,BATCH-13845,Schneider Electric,2026-01-30 08:11:00,SUCCESS
SCAN-00001491,SN-00001491,EXEC-000536,GIS-072-2500,MAT-00001491,BATCH-76006,Mitsubishi Electric,2026-01-30 08:13:00,SUCCESS
SCAN-00001492,SN-00001492,EXEC-000536,GIS-072-2500,MAT-00001492,BATCH-66971,Mitsubishi Electric,2026-01-30 07:56:00,SUCCESS
SCAN-00001493,SN-00001493,EXEC-000536,GIS-072-2500,MAT-00001493,BATCH-67362,Siemens Energy,2026-01-30 08:07:00,SUCCESS
SCAN-00001494,SN-00001494,EXEC-000537,GIS-145-3150,MAT-00001494,BATCH-17618,Siemens Energy,2026-01-30 08:37:00,SUCCESS
SCAN-00001495,SN-00001495,EXEC-000537,GIS-145-3150,MAT-00001495,BATCH-90534,Siemens Energy,2026-01-30 08:04:00,SUCCESS
SCAN-00001496,SN-00001496,EXEC-000537,GIS-145-3150,MAT-00001496,BATCH-44065,ABB,2026-01-30 08:21:00,SUCCESS
SCAN-00001497,SN-00001497,EXEC-000538,GIS-145-3150,MAT-00001497,BATCH-76722,Siemens Energy,2026-01-30 08:46:00,SUCCESS
SCAN-00001498,SN-00001498,EXEC-000538,GIS-145-3150,MAT-00001498,BATCH-74512,Mitsubishi Electric,2026-01-30 08:25:00,SUCCESS
SCAN-00001499,SN-00001499,EXEC-000539,GIS-145-4000,MAT-00001499,BATCH-54852,Mitsubishi Electric,2026-01-30 09:17:00,SUCCESS
SCAN-00001500,SN-00001500,EXEC-000539,GIS-145-4000,MAT-00001500,BATCH-95386,Mitsubishi Electric,2026-01-30 09:12:00,SUCCESS
SCAN-00001501,SN-00001501,EXEC-000539,GIS-145-4000,MAT-00001501,BATCH-68116,Mitsubishi Electric,2026-01-30 09:04:00,SUCCESS
SCAN-00001502,SN-00001502,EXEC-000539,GIS-145-4000,MAT-00001502,BATCH-40790,Hitachi Energy,2026-01-30 09:19:00,SUCCESS
SCAN-00001503,SN-00001503,EXEC-000540,GIS-072-2500,MAT-00001503,BATCH-21571,Siemens Energy,2026-01-30 09:31:00,SUCCESS
SCAN-00001504,SN-00001504,EXEC-000540,GIS-072-2500,MAT-00001504,BATCH-82684,Siemens Energy,2026-01-30 09:10:00,SUCCESS
SCAN-00001505,SN-00001505,EXEC-000540,GIS-072-2500,MAT-00001505,BATCH-55863,Mitsubishi Electric,2026-01-30 09:20:00,SUCCESS
SCAN-00001506,SN-00001506,EXEC-000540,GIS-072-2500,MAT-00001506,BATCH-26445,ABB,2026-01-30 09:28:00,SUCCESS
SCAN-00001507,SN-00001507,EXEC-000541,GIS-170-4000,MAT-00001507,BATCH-33708,Schneider Electric,2026-01-30 09:27:00,SUCCESS
SCAN-00001508,SN-00001508,EXEC-000541,GIS-170-4000,MAT-00001508,BATCH-37386,Siemens Energy,2026-01-30 09:45:00,SUCCESS
SCAN-00001509,SN-00001509,EXEC-000542,GIS-145-3150,MAT-00001509,BATCH-74007,Schneider Electric,2026-01-30 10:14:00,SUCCESS
SCAN-00001510,SN-00001510,EXEC-000542,GIS-145-3150,MAT-00001510,BATCH-97225,Siemens Energy,2026-01-30 10:19:00,SUCCESS
SCAN-00001511,SN-00001511,EXEC-000543,GIS-072-3150,MAT-00001511,BATCH-75819,Mitsubishi Electric,2026-01-30 10:14:00,SUCCESS
SCAN-00001512,SN-00001512,EXEC-000543,GIS-072-3150,MAT-00001512,BATCH-59745,Siemens Energy,2026-01-30 10:36:00,SUCCESS
SCAN-00001513,SN-00001513,EXEC-000543,GIS-072-3150,MAT-00001513,BATCH-23999,ABB,2026-01-30 10:34:00,SUCCESS
SCAN-00001514,SN-00001514,EXEC-000543,GIS-072-3150,MAT-00001514,BATCH-16757,ABB,2026-01-30 10:33:00,SUCCESS
SCAN-00001515,SN-00001515,EXEC-000544,GIS-145-3150,MAT-00001515,BATCH-51173,Mitsubishi Electric,2026-01-30 10:44:00,SUCCESS
SCAN-00001516,SN-00001516,EXEC-000544,GIS-145-3150,MAT-00001516,BATCH-32435,Schneider Electric,2026-01-30 10:58:00,SUCCESS
SCAN-00001517,SN-00001517,EXEC-000544,GIS-145-3150,MAT-00001517,BATCH-14755,Siemens Energy,2026-01-30 10:50:00,SUCCESS
SCAN-00001518,SN-00001518,EXEC-000544,GIS-145-3150,MAT-00001518,BATCH-75986,Mitsubishi Electric,2026-01-30 10:26:00,SUCCESS
SCAN-00001519,SN-00001519,EXEC-000545,GIS-145-3150,MAT-00001519,BATCH-57771,Mitsubishi Electric,2026-01-30 10:54:00,SUCCESS
SCAN-00001520,SN-00001520,EXEC-000545,GIS-145-3150,MAT-00001520,BATCH-74378,Mitsubishi Electric,2026-01-30 10:53:00,SUCCESS
SCAN-00001521,SN-00001521,EXEC-000545,GIS-145-3150,MAT-00001521,BATCH-62093,ABB,2026-01-30 11:08:00,SUCCESS
SCAN-00001522,SN-00001522,EXEC-000545,GIS-145-3150,MAT-00001522,BATCH-19384,Hitachi Energy,2026-01-30 11:07:00,SUCCESS
SCAN-00001523,SN-00001523,EXEC-000546,GIS-145-3150,MAT-00001523,BATCH-30918,Siemens Energy,2026-01-30 11:16:00,SUCCESS
SCAN-00001524,SN-00001524,EXEC-000546,GIS-145-3150,MAT-00001524,BATCH-82876,Siemens Energy,2026-01-30 11:31:00,SUCCESS
SCAN-00001525,SN-00001525,EXEC-000546,GIS-145-3150,MAT-00001525,BATCH-79489,Hitachi Energy,2026-01-30 11:33:00,SUCCESS
SCAN-00001526,SN-00001526,EXEC-000547,GIS-550-5000,MAT-00001526,BATCH-88154,Mitsubishi Electric,2026-01-30 11:39:00,SUCCESS
SCAN-00001527,SN-00001527,EXEC-000548,GIS-072-2500,MAT-00001527,BATCH-40091,Siemens Energy,2026-01-30 11:50:00,SUCCESS
SCAN-00001528,SN-00001528,EXEC-000548,GIS-072-2500,MAT-00001528,BATCH-48026,ABB,2026-01-30 11:48:00,SUCCESS
SCAN-00001529,SN-00001529,EXEC-000548,GIS-072-2500,MAT-00001529,BATCH-15310,Siemens Energy,2026-01-30 12:04:00,SUCCESS
SCAN-00001530,SN-00001530,EXEC-000548,GIS-072-2500,MAT-00001530,BATCH-46035,ABB,2026-01-30 11:52:00,SUCCESS
SCAN-00001531,SN-00001531,EXEC-000548,GIS-072-2500,MAT-00001531,BATCH-53081,Hitachi Energy,2026-01-30 12:16:00,SUCCESS
SCAN-00001532,SN-00001532,EXEC-000549,GIS-145-4000,MAT-00001532,BATCH-97586,ABB,2026-01-30 12:04:00,SUCCESS
SCAN-00001533,SN-00001533,EXEC-000549,GIS-145-4000,MAT-00001533,BATCH-48537,Mitsubishi Electric,2026-01-30 12:02:00,SUCCESS
SCAN-00001534,SN-00001534,EXEC-000549,GIS-145-4000,MAT-00001534,BATCH-29577,Hitachi Energy,2026-01-30 12:20:00,SUCCESS
SCAN-00001535,SN-00001535,EXEC-000549,GIS-145-4000,MAT-00001535,BATCH-35297,Mitsubishi Electric,2026-01-30 12:12:00,SUCCESS
SCAN-00001536,SN-00001536,EXEC-000550,GIS-420-5000,MAT-00001536,BATCH-55192,Siemens Energy,2026-01-30 12:26:00,SUCCESS
SCAN-00001537,SN-00001537,EXEC-000551,GIS-245-3150,MAT-00001537,BATCH-26751,Siemens Energy,2026-01-30 12:50:00,SUCCESS
SCAN-00001538,SN-00001538,EXEC-000551,GIS-245-3150,MAT-00001538,BATCH-68560,Mitsubishi Electric,2026-01-30 12:57:00,SUCCESS
SCAN-00001539,SN-00001539,EXEC-000552,GIS-072-2500,MAT-00001539,BATCH-54403,Hitachi Energy,2026-01-30 13:37:00,SUCCESS
SCAN-00001540,SN-00001540,EXEC-000552,GIS-072-2500,MAT-00001540,BATCH-98664,Hitachi Energy,2026-01-30 13:01:00,SUCCESS
SCAN-00001541,SN-00001541,EXEC-000552,GIS-072-2500,MAT-00001541,BATCH-86901,Schneider Electric,2026-01-30 13:13:00,SUCCESS
SCAN-00001542,SN-00001542,EXEC-000552,GIS-072-2500,MAT-00001542,BATCH-48499,Schneider Electric,2026-01-30 13:27:00,SUCCESS
SCAN-00001543,SN-00001543,EXEC-000552,GIS-072-2500,MAT-00001543,BATCH-85027,Siemens Energy,2026-01-30 13:14:00,SUCCESS
SCAN-00001544,SN-00001544,EXEC-000553,GIS-145-3150,MAT-00001544,BATCH-89304,Siemens Energy,2026-01-30 13:30:00,SUCCESS
SCAN-00001545,SN-00001545,EXEC-000553,GIS-145-3150,MAT-00001545,BATCH-34989,Siemens Energy,2026-01-30 13:30:00,SUCCESS
SCAN-00001546,SN-00001546,EXEC-000553,GIS-145-3150,MAT-00001546,BATCH-50181,Schneider Electric,2026-01-30 13:48:00,SUCCESS
SCAN-00001547,SN-00001547,EXEC-000553,GIS-145-3150,MAT-00001547,BATCH-90373,Schneider Electric,2026-01-30 13:59:00,SUCCESS
SCAN-00001548,SN-00001548,EXEC-000554,GIS-072-3150,MAT-00001548,BATCH-51860,Schneider Electric,2026-01-30 13:52:00,SUCCESS
SCAN-00001549,SN-00001549,EXEC-000554,GIS-072-3150,MAT-00001549,BATCH-64671,ABB,2026-01-30 14:09:00,SUCCESS
SCAN-00001550,SN-00001550,EXEC-000554,GIS-072-3150,MAT-00001550,BATCH-91463,Hitachi Energy,2026-01-30 13:57:00,SUCCESS
SCAN-00001551,SN-00001551,EXEC-000554,GIS-072-3150,MAT-00001551,BATCH-77502,Schneider Electric,2026-01-30 14:06:00,SUCCESS
SCAN-00001552,SN-00001552,EXEC-000555,GIS-145-3150,MAT-00001552,BATCH-71540,Hitachi Energy,2026-01-31 06:29:00,SUCCESS
SCAN-00001553,SN-00001553,EXEC-000555,GIS-145-3150,MAT-00001553,BATCH-87781,Hitachi Energy,2026-01-31 06:05:00,SUCCESS
SCAN-00001554,SN-00001554,EXEC-000556,GIS-145-4000,MAT-00001554,BATCH-76509,Hitachi Energy,2026-01-31 06:28:00,SUCCESS
SCAN-00001555,SN-00001555,EXEC-000556,GIS-145-4000,MAT-00001555,BATCH-76699,Hitachi Energy,2026-01-31 06:23:00,SUCCESS
SCAN-00001556,SN-00001556,EXEC-000556,GIS-145-4000,MAT-00001556,BATCH-51408,Schneider Electric,2026-01-31 06:49:00,SUCCESS
SCAN-00001557,SN-00001557,EXEC-000557,GIS-072-3150,MAT-00001557,BATCH-96790,ABB,2026-01-31 07:00:00,SUCCESS
SCAN-00001558,SN-00001558,EXEC-000557,GIS-072-3150,MAT-00001558,BATCH-76139,Schneider Electric,2026-01-31 07:15:00,SUCCESS
SCAN-00001559,SN-00001559,EXEC-000557,GIS-072-3150,MAT-00001559,BATCH-24334,Mitsubishi Electric,2026-01-31 06:56:00,SUCCESS
SCAN-00001560,SN-00001560,EXEC-000558,GIS-072-3150,MAT-00001560,BATCH-45825,Schneider Electric,2026-01-31 07:22:00,SUCCESS
SCAN-00001561,SN-00001561,EXEC-000558,GIS-072-3150,MAT-00001561,BATCH-25352,Hitachi Energy,2026-01-31 07:40:00,SUCCESS
SCAN-00001562,SN-00001562,EXEC-000558,GIS-072-3150,MAT-00001562,BATCH-31747,Schneider Electric,2026-01-31 07:27:00,SUCCESS
SCAN-00001563,SN-00001563,EXEC-000558,GIS-072-3150,MAT-00001563,BATCH-29662,ABB,2026-01-31 07:39:00,SUCCESS
SCAN-00001564,SN-00001564,EXEC-000558,GIS-072-3150,MAT-00001564,BATCH-37691,Siemens Energy,2026-01-31 07:07:00,SUCCESS
SCAN-00001565,SN-00001565,EXEC-000559,GIS-170-4000,MAT-00001565,BATCH-32715,Schneider Electric,2026-01-31 07:33:00,SUCCESS
SCAN-00001566,SN-00001566,EXEC-000559,GIS-170-4000,MAT-00001566,BATCH-53253,Mitsubishi Electric,2026-01-31 07:45:00,SUCCESS
SCAN-00001567,SN-00001567,EXEC-000559,GIS-170-4000,MAT-00001567,BATCH-55279,Siemens Energy,2026-01-31 07:38:00,SUCCESS
SCAN-00001568,SN-00001568,EXEC-000560,GIS-245-3150,MAT-00001568,BATCH-35126,Hitachi Energy,2026-01-31 07:41:00,SUCCESS
SCAN-00001569,SN-00001569,EXEC-000561,GIS-072-3150,MAT-00001569,BATCH-37027,ABB,2026-01-31 08:19:00,SUCCESS
SCAN-00001570,SN-00001570,EXEC-000561,GIS-072-3150,MAT-00001570,BATCH-96914,ABB,2026-01-31 08:32:00,SUCCESS
SCAN-00001571,SN-00001571,EXEC-000561,GIS-072-3150,MAT-00001571,BATCH-11991,Mitsubishi Electric,2026-01-31 08:25:00,SUCCESS
SCAN-00001572,SN-00001572,EXEC-000561,GIS-072-3150,MAT-00001572,BATCH-76650,Siemens Energy,2026-01-31 08:03:00,SUCCESS
SCAN-00001573,SN-00001573,EXEC-000562,GIS-072-2500,MAT-00001573,BATCH-74763,Mitsubishi Electric,2026-01-31 08:23:00,SUCCESS
SCAN-00001574,SN-00001574,EXEC-000562,GIS-072-2500,MAT-00001574,BATCH-89474,Mitsubishi Electric,2026-01-31 08:40:00,SUCCESS
SCAN-00001575,SN-00001575,EXEC-000562,GIS-072-2500,MAT-00001575,BATCH-52186,Hitachi Energy,2026-01-31 08:41:00,SUCCESS
SCAN-00001576,SN-00001576,EXEC-000563,GIS-420-4000,MAT-00001576,BATCH-43495,Siemens Energy,2026-01-31 09:11:00,SUCCESS
SCAN-00001577,SN-00001577,EXEC-000563,GIS-420-4000,MAT-00001577,BATCH-45894,Hitachi Energy,2026-01-31 09:12:00,SUCCESS
SCAN-00001578,SN-00001578,EXEC-000564,GIS-300-4000,MAT-00001578,BATCH-48331,ABB,2026-01-31 09:11:00,SUCCESS
SCAN-00001579,SN-00001579,EXEC-000564,GIS-300-4000,MAT-00001579,BATCH-72625,Schneider Electric,2026-01-31 09:28:00,SUCCESS
SCAN-00001580,SN-00001580,EXEC-000565,GIS-245-3150,MAT-00001580,BATCH-43432,Siemens Energy,2026-01-31 09:51:00,SUCCESS
SCAN-00001581,SN-00001581,EXEC-000565,GIS-245-3150,MAT-00001581,BATCH-62807,Siemens Energy,2026-01-31 09:30:00,SUCCESS
SCAN-00001582,SN-00001582,EXEC-000565,GIS-245-3150,MAT-00001582,BATCH-10832,Siemens Energy,2026-01-31 09:59:00,SUCCESS
SCAN-00001583,SN-00001583,EXEC-000566,GIS-420-4000,MAT-00001583,BATCH-18642,Mitsubishi Electric,2026-01-31 09:58:00,SUCCESS
SCAN-00001584,SN-00001584,EXEC-000567,GIS-420-5000,MAT-00001584,BATCH-58238,Mitsubishi Electric,2026-01-31 10:07:00,SUCCESS
SCAN-00001585,SN-00001585,EXEC-000568,GIS-145-4000,MAT-00001585,BATCH-40623,Siemens Energy,2026-01-31 10:49:00,SUCCESS
SCAN-00001586,SN-00001586,EXEC-000568,GIS-145-4000,MAT-00001586,BATCH-47984,Mitsubishi Electric,2026-01-31 10:37:00,SUCCESS
SCAN-00001587,SN-00001587,EXEC-000569,GIS-245-4000,MAT-00001587,BATCH-82987,Siemens Energy,2026-01-31 11:00:00,SUCCESS
SCAN-00001588,SN-00001588,EXEC-000570,GIS-072-2500,MAT-00001588,BATCH-23889,Mitsubishi Electric,2026-01-31 11:21:00,SUCCESS
SCAN-00001589,SN-00001589,EXEC-000570,GIS-072-2500,MAT-00001589,BATCH-49396,ABB,2026-01-31 11:21:00,SUCCESS
SCAN-00001590,SN-00001590,EXEC-000570,GIS-072-2500,MAT-00001590,BATCH-76508,Mitsubishi Electric,2026-01-31 11:17:00,SUCCESS
SCAN-00001591,SN-00001591,EXEC-000570,GIS-072-2500,MAT-00001591,BATCH-89803,ABB,2026-01-31 11:31:00,SUCCESS
SCAN-00001592,SN-00001592,EXEC-000570,GIS-072-2500,MAT-00001592,BATCH-27340,Hitachi Energy,2026-01-31 11:18:00,SUCCESS
SCAN-00001593,SN-00001593,EXEC-000571,GIS-145-4000,MAT-00001593,BATCH-18752,Mitsubishi Electric,2026-01-31 11:41:00,SUCCESS
SCAN-00001594,SN-00001594,EXEC-000571,GIS-145-4000,MAT-00001594,BATCH-31627,Siemens Energy,2026-01-31 11:29:00,SUCCESS
SCAN-00001595,SN-00001595,EXEC-000571,GIS-145-4000,MAT-00001595,BATCH-94452,Schneider Electric,2026-01-31 11:48:00,SUCCESS
SCAN-00001596,SN-00001596,EXEC-000571,GIS-145-4000,MAT-00001596,BATCH-67845,Hitachi Energy,2026-01-31 11:39:00,SUCCESS
SCAN-00001597,SN-00001597,EXEC-000572,GIS-420-4000,MAT-00001597,BATCH-85152,Schneider Electric,2026-01-31 11:47:00,SUCCESS
SCAN-00001598,SN-00001598,EXEC-000573,GIS-800-5000,MAT-00001598,BATCH-66409,Hitachi Energy,2026-01-31 12:00:00,SUCCESS
SCAN-00001599,SN-00001599,EXEC-000574,GIS-145-4000,MAT-00001599,BATCH-49678,Siemens Energy,2026-01-31 12:57:00,SUCCESS
SCAN-00001600,SN-00001600,EXEC-000574,GIS-145-4000,MAT-00001600,BATCH-87276,Schneider Electric,2026-01-31 12:20:00,SUCCESS
SCAN-00001601,SN-00001601,EXEC-000574,GIS-145-4000,MAT-00001601,BATCH-85110,ABB,2026-01-31 12:43:00,SUCCESS
SCAN-00001602,SN-00001602,EXEC-000575,GIS-072-2500,MAT-00001602,BATCH-48586,ABB,2026-02-01 06:30:00,SUCCESS
SCAN-00001603,SN-00001603,EXEC-000575,GIS-072-2500,MAT-00001603,BATCH-56175,Schneider Electric,2026-02-01 06:28:00,SUCCESS
SCAN-00001604,SN-00001604,EXEC-000575,GIS-072-2500,MAT-00001604,BATCH-17651,ABB,2026-02-01 06:22:00,SUCCESS
SCAN-00001605,SN-00001605,EXEC-000575,GIS-072-2500,MAT-00001605,BATCH-66669,Schneider Electric,2026-02-01 06:16:00,SUCCESS
SCAN-00001606,SN-00001606,EXEC-000576,GIS-145-3150,MAT-00001606,BATCH-35005,ABB,2026-02-01 06:35:00,SUCCESS
SCAN-00001607,SN-00001607,EXEC-000576,GIS-145-3150,MAT-00001607,BATCH-78454,Siemens Energy,2026-02-01 06:27:00,SUCCESS
SCAN-00001608,SN-00001608,EXEC-000576,GIS-145-3150,MAT-00001608,BATCH-37095,Hitachi Energy,2026-02-01 06:34:00,SUCCESS
SCAN-00001609,SN-00001609,EXEC-000576,GIS-145-3150,MAT-00001609,BATCH-73446,Mitsubishi Electric,2026-02-01 06:56:00,SUCCESS
SCAN-00001610,SN-00001610,EXEC-000577,GIS-072-2500,MAT-00001610,BATCH-11368,Mitsubishi Electric,2026-02-01 06:45:00,SUCCESS
SCAN-00001611,SN-00001611,EXEC-000577,GIS-072-2500,MAT-00001611,BATCH-65071,Mitsubishi Electric,2026-02-01 07:01:00,SUCCESS
SCAN-00001612,SN-00001612,EXEC-000577,GIS-072-2500,MAT-00001612,BATCH-10389,Schneider Electric,2026-02-01 06:41:00,SUCCESS
SCAN-00001613,SN-00001613,EXEC-000577,GIS-072-2500,MAT-00001613,BATCH-73970,ABB,2026-02-01 06:53:00,SUCCESS
SCAN-00001614,SN-00001614,EXEC-000577,GIS-072-2500,MAT-00001614,BATCH-69985,Hitachi Energy,2026-02-01 07:06:00,SUCCESS
SCAN-00001615,SN-00001615,EXEC-000578,GIS-072-3150,MAT-00001615,BATCH-53804,Schneider Electric,2026-02-01 07:03:00,SUCCESS
SCAN-00001616,SN-00001616,EXEC-000578,GIS-072-3150,MAT-00001616,BATCH-91950,Hitachi Energy,2026-02-01 07:33:00,SUCCESS
SCAN-00001617,SN-00001617,EXEC-000578,GIS-072-3150,MAT-00001617,BATCH-36293,Siemens Energy,2026-02-01 07:23:00,SUCCESS
SCAN-00001618,SN-00001618,EXEC-000579,GIS-420-4000,MAT-00001618,BATCH-23063,Hitachi Energy,2026-02-01 07:22:00,SUCCESS
SCAN-00001619,SN-00001619,EXEC-000580,GIS-145-4000,MAT-00001619,BATCH-86965,Mitsubishi Electric,2026-02-01 08:18:00,SUCCESS
SCAN-00001620,SN-00001620,EXEC-000580,GIS-145-4000,MAT-00001620,BATCH-12416,Mitsubishi Electric,2026-02-01 07:51:00,SUCCESS
SCAN-00001621,SN-00001621,EXEC-000580,GIS-145-4000,MAT-00001621,BATCH-35721,Hitachi Energy,2026-02-01 07:58:00,SUCCESS
SCAN-00001622,SN-00001622,EXEC-000581,GIS-145-3150,MAT-00001622,BATCH-86790,Schneider Electric,2026-02-01 08:23:00,SUCCESS
SCAN-00001623,SN-00001623,EXEC-000581,GIS-145-3150,MAT-00001623,BATCH-50473,Hitachi Energy,2026-02-01 08:29:00,SUCCESS
SCAN-00001624,SN-00001624,EXEC-000581,GIS-145-3150,MAT-00001624,BATCH-30066,ABB,2026-02-01 08:05:00,SUCCESS
SCAN-00001625,SN-00001625,EXEC-000581,GIS-145-3150,MAT-00001625,BATCH-18910,Mitsubishi Electric,2026-02-01 08:17:00,SUCCESS
SCAN-00001626,SN-00001626,EXEC-000582,GIS-420-5000,MAT-00001626,BATCH-73007,Mitsubishi Electric,2026-02-01 08:58:00,SUCCESS
SCAN-00001627,SN-00001627,EXEC-000582,GIS-420-5000,MAT-00001627,BATCH-29032,Siemens Energy,2026-02-01 08:40:00,SUCCESS
SCAN-00001628,SN-00001628,EXEC-000583,GIS-072-3150,MAT-00001628,BATCH-86735,Schneider Electric,2026-02-01 08:42:00,SUCCESS
SCAN-00001629,SN-00001629,EXEC-000583,GIS-072-3150,MAT-00001629,BATCH-50532,Siemens Energy,2026-02-01 09:01:00,SUCCESS
SCAN-00001630,SN-00001630,EXEC-000583,GIS-072-3150,MAT-00001630,BATCH-80511,Schneider Electric,2026-02-01 08:58:00,SUCCESS
SCAN-00001631,SN-00001631,EXEC-000583,GIS-072-3150,MAT-00001631,BATCH-66996,Mitsubishi Electric,2026-02-01 08:51:00,SUCCESS
SCAN-00001632,SN-00001632,EXEC-000583,GIS-072-3150,MAT-00001632,BATCH-25926,Siemens Energy,2026-02-01 08:47:00,SUCCESS
SCAN-00001633,SN-00001633,EXEC-000584,GIS-072-3150,MAT-00001633,BATCH-12417,Siemens Energy,2026-02-01 09:19:00,SUCCESS
SCAN-00001634,SN-00001634,EXEC-000584,GIS-072-3150,MAT-00001634,BATCH-87829,Siemens Energy,2026-02-01 09:29:00,SUCCESS
SCAN-00001635,SN-00001635,EXEC-000584,GIS-072-3150,MAT-00001635,BATCH-53645,Siemens Energy,2026-02-01 09:18:00,SUCCESS
SCAN-00001636,SN-00001636,EXEC-000584,GIS-072-3150,MAT-00001636,BATCH-51624,Siemens Energy,2026-02-01 09:29:00,SUCCESS
SCAN-00001637,SN-00001637,EXEC-000584,GIS-072-3150,MAT-00001637,BATCH-60834,Schneider Electric,2026-02-01 09:31:00,SUCCESS
SCAN-00001638,SN-00001638,EXEC-000585,GIS-145-4000,MAT-00001638,BATCH-17075,Schneider Electric,2026-02-01 09:45:00,SUCCESS
SCAN-00001639,SN-00001639,EXEC-000585,GIS-145-4000,MAT-00001639,BATCH-92113,Siemens Energy,2026-02-01 09:30:00,SUCCESS
SCAN-00001640,SN-00001640,EXEC-000585,GIS-145-4000,MAT-00001640,BATCH-37780,Schneider Electric,2026-02-01 09:22:00,SUCCESS
SCAN-00001641,SN-00001641,EXEC-000585,GIS-145-4000,MAT-00001641,BATCH-28032,Siemens Energy,2026-02-01 09:31:00,SUCCESS
SCAN-00001642,SN-00001642,EXEC-000586,GIS-170-4000,MAT-00001642,BATCH-74616,Schneider Electric,2026-02-01 09:54:00,SUCCESS
SCAN-00001643,SN-00001643,EXEC-000586,GIS-170-4000,MAT-00001643,BATCH-92558,ABB,2026-02-01 10:07:00,SUCCESS
SCAN-00001644,SN-00001644,EXEC-000587,GIS-170-4000,MAT-00001644,BATCH-19742,Siemens Energy,2026-02-01 10:14:00,SUCCESS
SCAN-00001645,SN-00001645,EXEC-000587,GIS-170-4000,MAT-00001645,BATCH-20933,ABB,2026-02-01 10:04:00,SUCCESS
SCAN-00001646,SN-00001646,EXEC-000587,GIS-170-4000,MAT-00001646,BATCH-19082,Schneider Electric,2026-02-01 10:08:00,SUCCESS
SCAN-00001647,SN-00001647,EXEC-000588,GIS-170-4000,MAT-00001647,BATCH-69111,Schneider Electric,2026-02-01 10:48:00,SUCCESS
SCAN-00001648,SN-00001648,EXEC-000588,GIS-170-4000,MAT-00001648,BATCH-18870,Schneider Electric,2026-02-01 10:43:00,SUCCESS
SCAN-00001649,SN-00001649,EXEC-000589,GIS-420-5000,MAT-00001649,BATCH-60928,Schneider Electric,2026-02-01 11:15:00,SUCCESS
SCAN-00001650,SN-00001650,EXEC-000589,GIS-420-5000,MAT-00001650,BATCH-85887,Hitachi Energy,2026-02-01 10:54:00,SUCCESS
SCAN-00001651,SN-00001651,EXEC-000590,GIS-245-4000,MAT-00001651,BATCH-41823,Schneider Electric,2026-02-01 11:23:00,SUCCESS
SCAN-00001652,SN-00001652,EXEC-000590,GIS-245-4000,MAT-00001652,BATCH-82419,Hitachi Energy,2026-02-01 11:36:00,SUCCESS
SCAN-00001653,SN-00001653,EXEC-000591,GIS-072-2500,MAT-00001653,BATCH-22943,Hitachi Energy,2026-02-01 12:00:00,SUCCESS
SCAN-00001654,SN-00001654,EXEC-000591,GIS-072-2500,MAT-00001654,BATCH-73212,Mitsubishi Electric,2026-02-01 11:29:00,SUCCESS
SCAN-00001655,SN-00001655,EXEC-000591,GIS-072-2500,MAT-00001655,BATCH-63893,Mitsubishi Electric,2026-02-01 11:30:00,SUCCESS
SCAN-00001656,SN-00001656,EXEC-000591,GIS-072-2500,MAT-00001656,BATCH-48785,ABB,2026-02-01 11:33:00,SUCCESS
SCAN-00001657,SN-00001657,EXEC-000591,GIS-072-2500,MAT-00001657,BATCH-51017,Schneider Electric,2026-02-01 11:42:00,SUCCESS
SCAN-00001658,SN-00001658,EXEC-000592,GIS-245-3150,MAT-00001658,BATCH-79343,Hitachi Energy,2026-02-01 12:05:00,SUCCESS
SCAN-00001659,SN-00001659,EXEC-000592,GIS-245-3150,MAT-00001659,BATCH-31255,Siemens Energy,2026-02-01 12:04:00,SUCCESS
SCAN-00001660,SN-00001660,EXEC-000593,GIS-245-4000,MAT-00001660,BATCH-93551,Schneider Electric,2026-02-02 06:26:00,SUCCESS
SCAN-00001661,SN-00001661,EXEC-000593,GIS-245-4000,MAT-00001661,BATCH-85952,Mitsubishi Electric,2026-02-02 06:24:00,SUCCESS
SCAN-00001662,SN-00001662,EXEC-000594,GIS-072-2500,MAT-00001662,BATCH-30471,Hitachi Energy,2026-02-02 06:53:00,SUCCESS
SCAN-00001663,SN-00001663,EXEC-000594,GIS-072-2500,MAT-00001663,BATCH-18061,Hitachi Energy,2026-02-02 06:52:00,SUCCESS
SCAN-00001664,SN-00001664,EXEC-000594,GIS-072-2500,MAT-00001664,BATCH-64458,ABB,2026-02-02 06:49:00,SUCCESS
SCAN-00001665,SN-00001665,EXEC-000595,GIS-145-3150,MAT-00001665,BATCH-13797,Mitsubishi Electric,2026-02-02 06:53:00,SUCCESS
SCAN-00001666,SN-00001666,EXEC-000595,GIS-145-3150,MAT-00001666,BATCH-97940,Mitsubishi Electric,2026-02-02 06:55:00,SUCCESS
SCAN-00001667,SN-00001667,EXEC-000595,GIS-145-3150,MAT-00001667,BATCH-29258,ABB,2026-02-02 07:11:00,SUCCESS
SCAN-00001668,SN-00001668,EXEC-000596,GIS-170-4000,MAT-00001668,BATCH-15477,Hitachi Energy,2026-02-02 07:36:00,SUCCESS
SCAN-00001669,SN-00001669,EXEC-000596,GIS-170-4000,MAT-00001669,BATCH-16540,Siemens Energy,2026-02-02 07:28:00,SUCCESS
SCAN-00001670,SN-00001670,EXEC-000596,GIS-170-4000,MAT-00001670,BATCH-68026,Hitachi Energy,2026-02-02 07:21:00,SUCCESS
SCAN-00001671,SN-00001671,EXEC-000597,GIS-145-3150,MAT-00001671,BATCH-11014,Hitachi Energy,2026-02-02 07:47:00,SUCCESS
SCAN-00001672,SN-00001672,EXEC-000597,GIS-145-3150,MAT-00001672,BATCH-69422,ABB,2026-02-02 07:46:00,SUCCESS
SCAN-00001673,SN-00001673,EXEC-000597,GIS-145-3150,MAT-00001673,BATCH-90995,Siemens Energy,2026-02-02 07:57:00,SUCCESS
SCAN-00001674,SN-00001674,EXEC-000598,GIS-072-2500,MAT-00001674,BATCH-76304,Siemens Energy,2026-02-02 07:57:00,SUCCESS
SCAN-00001675,SN-00001675,EXEC-000598,GIS-072-2500,MAT-00001675,BATCH-18237,Siemens Energy,2026-02-02 08:15:00,SUCCESS
SCAN-00001676,SN-00001676,EXEC-000598,GIS-072-2500,MAT-00001676,BATCH-84970,Siemens Energy,2026-02-02 08:14:00,SUCCESS
SCAN-00001677,SN-00001677,EXEC-000598,GIS-072-2500,MAT-00001677,BATCH-49892,Hitachi Energy,2026-02-02 08:07:00,SUCCESS
SCAN-00001678,SN-00001678,EXEC-000599,GIS-072-2500,MAT-00001678,BATCH-76033,Hitachi Energy,2026-02-02 08:23:00,SUCCESS
SCAN-00001679,SN-00001679,EXEC-000599,GIS-072-2500,MAT-00001679,BATCH-76144,Hitachi Energy,2026-02-02 08:16:00,SUCCESS
SCAN-00001680,SN-00001680,EXEC-000599,GIS-072-2500,MAT-00001680,BATCH-74448,Mitsubishi Electric,2026-02-02 08:11:00,SUCCESS
SCAN-00001681,SN-00001681,EXEC-000600,GIS-072-3150,MAT-00001681,BATCH-22991,ABB,2026-02-02 08:31:00,SUCCESS
SCAN-00001682,SN-00001682,EXEC-000600,GIS-072-3150,MAT-00001682,BATCH-62310,ABB,2026-02-02 08:54:00,SUCCESS
SCAN-00001683,SN-00001683,EXEC-000600,GIS-072-3150,MAT-00001683,BATCH-99291,Schneider Electric,2026-02-02 08:50:00,SUCCESS
SCAN-00001684,SN-00001684,EXEC-000601,GIS-072-2500,MAT-00001684,BATCH-62781,Schneider Electric,2026-02-02 09:03:00,SUCCESS
SCAN-00001685,SN-00001685,EXEC-000601,GIS-072-2500,MAT-00001685,BATCH-39704,Siemens Energy,2026-02-02 08:42:00,SUCCESS
SCAN-00001686,SN-00001686,EXEC-000601,GIS-072-2500,MAT-00001686,BATCH-37285,Schneider Electric,2026-02-02 09:18:00,SUCCESS
SCAN-00001687,SN-00001687,EXEC-000601,GIS-072-2500,MAT-00001687,BATCH-81608,ABB,2026-02-02 08:50:00,SUCCESS
SCAN-00001688,SN-00001688,EXEC-000602,GIS-145-3150,MAT-00001688,BATCH-36995,Schneider Electric,2026-02-02 09:30:00,SUCCESS
SCAN-00001689,SN-00001689,EXEC-000602,GIS-145-3150,MAT-00001689,BATCH-32115,Schneider Electric,2026-02-02 09:00:00,SUCCESS
SCAN-00001690,SN-00001690,EXEC-000603,GIS-420-5000,MAT-00001690,BATCH-90695,ABB,2026-02-02 09:26:00,SUCCESS
SCAN-00001691,SN-00001691,EXEC-000603,GIS-420-5000,MAT-00001691,BATCH-32241,ABB,2026-02-02 09:22:00,SUCCESS
SCAN-00001692,SN-00001692,EXEC-000604,GIS-072-3150,MAT-00001692,BATCH-39170,Mitsubishi Electric,2026-02-02 09:50:00,SUCCESS
SCAN-00001693,SN-00001693,EXEC-000604,GIS-072-3150,MAT-00001693,BATCH-93779,Mitsubishi Electric,2026-02-02 10:04:00,SUCCESS
SCAN-00001694,SN-00001694,EXEC-000604,GIS-072-3150,MAT-00001694,BATCH-39023,Mitsubishi Electric,2026-02-02 09:56:00,SUCCESS
SCAN-00001695,SN-00001695,EXEC-000604,GIS-072-3150,MAT-00001695,BATCH-70418,Siemens Energy,2026-02-02 09:48:00,SUCCESS
SCAN-00001696,SN-00001696,EXEC-000604,GIS-072-3150,MAT-00001696,BATCH-70446,Mitsubishi Electric,2026-02-02 09:56:00,SUCCESS
SCAN-00001697,SN-00001697,EXEC-000605,GIS-420-4000,MAT-00001697,BATCH-66700,Hitachi Energy,2026-02-02 10:04:00,SUCCESS
SCAN-00001698,SN-00001698,EXEC-000605,GIS-420-4000,MAT-00001698,BATCH-33088,Mitsubishi Electric,2026-02-02 10:34:00,SUCCESS
SCAN-00001699,SN-00001699,EXEC-000606,GIS-420-5000,MAT-00001699,BATCH-14861,Hitachi Energy,2026-02-02 10:59:00,SUCCESS
SCAN-00001700,SN-00001700,EXEC-000606,GIS-420-5000,MAT-00001700,BATCH-49224,Hitachi Energy,2026-02-02 10:42:00,SUCCESS
SCAN-00001701,SN-00001701,EXEC-000607,GIS-072-3150,MAT-00001701,BATCH-23915,Schneider Electric,2026-02-02 11:15:00,SUCCESS
SCAN-00001702,SN-00001702,EXEC-000607,GIS-072-3150,MAT-00001702,BATCH-14644,ABB,2026-02-02 10:52:00,SUCCESS
SCAN-00001703,SN-00001703,EXEC-000607,GIS-072-3150,MAT-00001703,BATCH-25964,Hitachi Energy,2026-02-02 10:49:00,SUCCESS
SCAN-00001704,SN-00001704,EXEC-000607,GIS-072-3150,MAT-00001704,BATCH-73763,Mitsubishi Electric,2026-02-02 10:46:00,SUCCESS
SCAN-00001705,SN-00001705,EXEC-000608,GIS-072-3150,MAT-00001705,BATCH-69782,Mitsubishi Electric,2026-02-02 11:36:00,SUCCESS
SCAN-00001706,SN-00001706,EXEC-000608,GIS-072-3150,MAT-00001706,BATCH-40691,ABB,2026-02-02 11:23:00,SUCCESS
SCAN-00001707,SN-00001707,EXEC-000608,GIS-072-3150,MAT-00001707,BATCH-42030,Siemens Energy,2026-02-02 11:19:00,SUCCESS
SCAN-00001708,SN-00001708,EXEC-000608,GIS-072-3150,MAT-00001708,BATCH-19389,Mitsubishi Electric,2026-02-02 11:20:00,SUCCESS
SCAN-00001709,SN-00001709,EXEC-000608,GIS-072-3150,MAT-00001709,BATCH-35494,Schneider Electric,2026-02-02 11:27:00,SUCCESS
SCAN-00001710,SN-00001710,EXEC-000609,GIS-245-3150,MAT-00001710,BATCH-31617,Mitsubishi Electric,2026-02-02 11:54:00,SUCCESS
SCAN-00001711,SN-00001711,EXEC-000609,GIS-245-3150,MAT-00001711,BATCH-54063,Hitachi Energy,2026-02-02 11:22:00,SUCCESS
SCAN-00001712,SN-00001712,EXEC-000610,GIS-072-2500,MAT-00001712,BATCH-94694,Siemens Energy,2026-02-02 12:15:00,SUCCESS
SCAN-00001713,SN-00001713,EXEC-000610,GIS-072-2500,MAT-00001713,BATCH-15806,Schneider Electric,2026-02-02 12:07:00,SUCCESS
SCAN-00001714,SN-00001714,EXEC-000610,GIS-072-2500,MAT-00001714,BATCH-83336,Schneider Electric,2026-02-02 12:15:00,SUCCESS
SCAN-00001715,SN-00001715,EXEC-000611,GIS-420-4000,MAT-00001715,BATCH-39060,Siemens Energy,2026-02-02 12:17:00,SUCCESS
SCAN-00001716,SN-00001716,EXEC-000611,GIS-420-4000,MAT-00001716,BATCH-22418,Siemens Energy,2026-02-02 12:08:00,SUCCESS
SCAN-00001717,SN-00001717,EXEC-000612,GIS-145-3150,MAT-00001717,BATCH-79844,Mitsubishi Electric,2026-02-02 12:50:00,SUCCESS
SCAN-00001718,SN-00001718,EXEC-000612,GIS-145-3150,MAT-00001718,BATCH-78116,Schneider Electric,2026-02-02 12:29:00,SUCCESS
SCAN-00001719,SN-00001719,EXEC-000612,GIS-145-3150,MAT-00001719,BATCH-17448,Hitachi Energy,2026-02-02 12:32:00,SUCCESS
SCAN-00001720,SN-00001720,EXEC-000613,GIS-170-4000,MAT-00001720,BATCH-99976,Siemens Energy,2026-02-02 12:48:00,SUCCESS
SCAN-00001721,SN-00001721,EXEC-000613,GIS-170-4000,MAT-00001721,BATCH-63128,Hitachi Energy,2026-02-02 12:47:00,SUCCESS
SCAN-00001722,SN-00001722,EXEC-000613,GIS-170-4000,MAT-00001722,BATCH-93433,Siemens Energy,2026-02-02 13:16:00,SUCCESS
SCAN-00001723,SN-00001723,EXEC-000614,GIS-072-2500,MAT-00001723,BATCH-78099,Schneider Electric,2026-02-02 13:13:00,SUCCESS
SCAN-00001724,SN-00001724,EXEC-000614,GIS-072-2500,MAT-00001724,BATCH-98885,Schneider Electric,2026-02-02 13:34:00,SUCCESS
SCAN-00001725,SN-00001725,EXEC-000614,GIS-072-2500,MAT-00001725,BATCH-96228,Schneider Electric,2026-02-02 13:35:00,SUCCESS
SCAN-00001726,SN-00001726,EXEC-000614,GIS-072-2500,MAT-00001726,BATCH-97714,Mitsubishi Electric,2026-02-02 13:23:00,SUCCESS
SCAN-00001727,SN-00001727,EXEC-000614,GIS-072-2500,MAT-00001727,BATCH-45580,Mitsubishi Electric,2026-02-02 13:16:00,SUCCESS
SCAN-00001728,SN-00001728,EXEC-000615,GIS-145-4000,MAT-00001728,BATCH-15187,Schneider Electric,2026-02-02 13:20:00,SUCCESS
SCAN-00001729,SN-00001729,EXEC-000615,GIS-145-4000,MAT-00001729,BATCH-98509,ABB,2026-02-02 13:28:00,SUCCESS
SCAN-00001730,SN-00001730,EXEC-000615,GIS-145-4000,MAT-00001730,BATCH-85950,Siemens Energy,2026-02-02 13:27:00,SUCCESS
SCAN-00001731,SN-00001731,EXEC-000615,GIS-145-4000,MAT-00001731,BATCH-98949,Mitsubishi Electric,2026-02-02 13:24:00,SUCCESS
SCAN-00001732,SN-00001732,EXEC-000616,GIS-072-2500,MAT-00001732,BATCH-43436,Hitachi Energy,2026-02-02 13:56:00,SUCCESS
SCAN-00001733,SN-00001733,EXEC-000616,GIS-072-2500,MAT-00001733,BATCH-99485,ABB,2026-02-02 14:07:00,SUCCESS
SCAN-00001734,SN-00001734,EXEC-000616,GIS-072-2500,MAT-00001734,BATCH-35336,Mitsubishi Electric,2026-02-02 14:02:00,SUCCESS
SCAN-00001735,SN-00001735,EXEC-000617,GIS-550-5000,MAT-00001735,BATCH-81680,ABB,2026-02-03 06:16:00,SUCCESS
SCAN-00001736,SN-00001736,EXEC-000618,GIS-145-3150,MAT-00001736,BATCH-76385,ABB,2026-02-03 06:52:00,SUCCESS
SCAN-00001737,SN-00001737,EXEC-000618,GIS-145-3150,MAT-00001737,BATCH-90497,ABB,2026-02-03 06:52:00,SUCCESS
SCAN-00001738,SN-00001738,EXEC-000619,GIS-145-4000,MAT-00001738,BATCH-80158,Mitsubishi Electric,2026-02-03 06:50:00,SUCCESS
SCAN-00001739,SN-00001739,EXEC-000619,GIS-145-4000,MAT-00001739,BATCH-12359,ABB,2026-02-03 06:49:00,SUCCESS
SCAN-00001740,SN-00001740,EXEC-000619,GIS-145-4000,MAT-00001740,BATCH-68772,Mitsubishi Electric,2026-02-03 07:05:00,SUCCESS
SCAN-00001741,SN-00001741,EXEC-000619,GIS-145-4000,MAT-00001741,BATCH-68831,Hitachi Energy,2026-02-03 07:03:00,SUCCESS
SCAN-00001742,SN-00001742,EXEC-000620,GIS-072-2500,MAT-00001742,BATCH-43101,Schneider Electric,2026-02-03 07:21:00,SUCCESS
SCAN-00001743,SN-00001743,EXEC-000620,GIS-072-2500,MAT-00001743,BATCH-74544,ABB,2026-02-03 07:30:00,SUCCESS
SCAN-00001744,SN-00001744,EXEC-000620,GIS-072-2500,MAT-00001744,BATCH-34861,Schneider Electric,2026-02-03 07:05:00,SUCCESS
SCAN-00001745,SN-00001745,EXEC-000620,GIS-072-2500,MAT-00001745,BATCH-26097,ABB,2026-02-03 07:36:00,SUCCESS
SCAN-00001746,SN-00001746,EXEC-000620,GIS-072-2500,MAT-00001746,BATCH-60133,Siemens Energy,2026-02-03 07:00:00,SUCCESS
SCAN-00001747,SN-00001747,EXEC-000621,GIS-145-4000,MAT-00001747,BATCH-95070,Schneider Electric,2026-02-03 07:32:00,SUCCESS
SCAN-00001748,SN-00001748,EXEC-000621,GIS-145-4000,MAT-00001748,BATCH-51242,Siemens Energy,2026-02-03 07:36:00,SUCCESS
SCAN-00001749,SN-00001749,EXEC-000621,GIS-145-4000,MAT-00001749,BATCH-58075,Hitachi Energy,2026-02-03 07:37:00,SUCCESS
SCAN-00001750,SN-00001750,EXEC-000622,GIS-420-4000,MAT-00001750,BATCH-76356,Siemens Energy,2026-02-03 07:56:00,SUCCESS
SCAN-00001751,SN-00001751,EXEC-000623,GIS-170-4000,MAT-00001751,BATCH-39024,Schneider Electric,2026-02-03 08:11:00,SUCCESS
SCAN-00001752,SN-00001752,EXEC-000623,GIS-170-4000,MAT-00001752,BATCH-23860,Mitsubishi Electric,2026-02-03 08:07:00,SUCCESS
SCAN-00001753,SN-00001753,EXEC-000624,GIS-170-4000,MAT-00001753,BATCH-88133,Hitachi Energy,2026-02-03 08:50:00,SUCCESS
SCAN-00001754,SN-00001754,EXEC-000624,GIS-170-4000,MAT-00001754,BATCH-30874,Schneider Electric,2026-02-03 08:38:00,SUCCESS
SCAN-00001755,SN-00001755,EXEC-000624,GIS-170-4000,MAT-00001755,BATCH-99350,ABB,2026-02-03 08:51:00,SUCCESS
SCAN-00001756,SN-00001756,EXEC-000625,GIS-145-4000,MAT-00001756,BATCH-63386,Hitachi Energy,2026-02-03 09:08:00,SUCCESS
SCAN-00001757,SN-00001757,EXEC-000625,GIS-145-4000,MAT-00001757,BATCH-10082,ABB,2026-02-03 09:09:00,SUCCESS
SCAN-00001758,SN-00001758,EXEC-000625,GIS-145-4000,MAT-00001758,BATCH-43556,Hitachi Energy,2026-02-03 08:42:00,SUCCESS
SCAN-00001759,SN-00001759,EXEC-000625,GIS-145-4000,MAT-00001759,BATCH-84871,Hitachi Energy,2026-02-03 08:51:00,SUCCESS
SCAN-00001760,SN-00001760,EXEC-000626,GIS-245-3150,MAT-00001760,BATCH-79292,Schneider Electric,2026-02-03 09:20:00,SUCCESS
SCAN-00001761,SN-00001761,EXEC-000626,GIS-245-3150,MAT-00001761,BATCH-22155,Siemens Energy,2026-02-03 09:31:00,SUCCESS
SCAN-00001762,SN-00001762,EXEC-000627,GIS-072-2500,MAT-00001762,BATCH-36281,ABB,2026-02-03 09:54:00,SUCCESS
SCAN-00001763,SN-00001763,EXEC-000627,GIS-072-2500,MAT-00001763,BATCH-38249,ABB,2026-02-03 09:51:00,SUCCESS
SCAN-00001764,SN-00001764,EXEC-000627,GIS-072-2500,MAT-00001764,BATCH-56636,ABB,2026-02-03 09:59:00,SUCCESS
SCAN-00001765,SN-00001765,EXEC-000627,GIS-072-2500,MAT-00001765,BATCH-82757,Schneider Electric,2026-02-03 09:22:00,SUCCESS
SCAN-00001766,SN-00001766,EXEC-000628,GIS-550-5000,MAT-00001766,BATCH-70157,Hitachi Energy,2026-02-03 09:59:00,SUCCESS
SCAN-00001767,SN-00001767,EXEC-000629,GIS-245-4000,MAT-00001767,BATCH-52701,ABB,2026-02-03 10:04:00,SUCCESS
SCAN-00001768,SN-00001768,EXEC-000629,GIS-245-4000,MAT-00001768,BATCH-71725,Mitsubishi Electric,2026-02-03 10:14:00,SUCCESS
SCAN-00001769,SN-00001769,EXEC-000629,GIS-245-4000,MAT-00001769,BATCH-10960,Siemens Energy,2026-02-03 10:20:00,SUCCESS
SCAN-00001770,SN-00001770,EXEC-000630,GIS-170-4000,MAT-00001770,BATCH-95773,ABB,2026-02-03 10:40:00,SUCCESS
SCAN-00001771,SN-00001771,EXEC-000630,GIS-170-4000,MAT-00001771,BATCH-90977,Mitsubishi Electric,2026-02-03 10:59:00,SUCCESS
SCAN-00001772,SN-00001772,EXEC-000630,GIS-170-4000,MAT-00001772,BATCH-19600,ABB,2026-02-03 10:24:00,SUCCESS
SCAN-00001773,SN-00001773,EXEC-000631,GIS-245-3150,MAT-00001773,BATCH-50705,Hitachi Energy,2026-02-03 11:12:00,SUCCESS
SCAN-00001774,SN-00001774,EXEC-000631,GIS-245-3150,MAT-00001774,BATCH-64163,Schneider Electric,2026-02-03 10:49:00,SUCCESS
SCAN-00001775,SN-00001775,EXEC-000631,GIS-245-3150,MAT-00001775,BATCH-99433,Mitsubishi Electric,2026-02-03 10:42:00,SUCCESS
SCAN-00001776,SN-00001776,EXEC-000632,GIS-245-3150,MAT-00001776,BATCH-25941,ABB,2026-02-03 11:00:00,SUCCESS
SCAN-00001777,SN-00001777,EXEC-000632,GIS-245-3150,MAT-00001777,BATCH-71921,ABB,2026-02-03 11:05:00,SUCCESS
SCAN-00001778,SN-00001778,EXEC-000632,GIS-245-3150,MAT-00001778,BATCH-97232,Schneider Electric,2026-02-03 11:11:00,SUCCESS
SCAN-00001779,SN-00001779,EXEC-000633,GIS-145-4000,MAT-00001779,BATCH-52413,Mitsubishi Electric,2026-02-03 11:46:00,SUCCESS
SCAN-00001780,SN-00001780,EXEC-000633,GIS-145-4000,MAT-00001780,BATCH-78295,Mitsubishi Electric,2026-02-03 11:30:00,SUCCESS
SCAN-00001781,SN-00001781,EXEC-000633,GIS-145-4000,MAT-00001781,BATCH-90656,Hitachi Energy,2026-02-03 11:26:00,SUCCESS
SCAN-00001782,SN-00001782,EXEC-000633,GIS-145-4000,MAT-00001782,BATCH-39962,Siemens Energy,2026-02-03 11:59:00,SUCCESS
SCAN-00001783,SN-00001783,EXEC-000634,GIS-300-4000,MAT-00001783,BATCH-26624,Schneider Electric,2026-02-03 12:19:00,SUCCESS
SCAN-00001784,SN-00001784,EXEC-000635,GIS-072-3150,MAT-00001784,BATCH-25210,ABB,2026-02-03 12:31:00,SUCCESS
SCAN-00001785,SN-00001785,EXEC-000635,GIS-072-3150,MAT-00001785,BATCH-39490,Schneider Electric,2026-02-03 12:02:00,SUCCESS
SCAN-00001786,SN-00001786,EXEC-000635,GIS-072-3150,MAT-00001786,BATCH-75895,Hitachi Energy,2026-02-03 12:00:00,SUCCESS
SCAN-00001787,SN-00001787,EXEC-000635,GIS-072-3150,MAT-00001787,BATCH-43491,Hitachi Energy,2026-02-03 12:32:00,SUCCESS
SCAN-00001788,SN-00001788,EXEC-000635,GIS-072-3150,MAT-00001788,BATCH-99685,ABB,2026-02-03 12:25:00,SUCCESS
SCAN-00001789,SN-00001789,EXEC-000636,GIS-072-2500,MAT-00001789,BATCH-39839,Hitachi Energy,2026-02-03 12:35:00,SUCCESS
SCAN-00001790,SN-00001790,EXEC-000636,GIS-072-2500,MAT-00001790,BATCH-38188,Mitsubishi Electric,2026-02-03 12:52:00,SUCCESS
SCAN-00001791,SN-00001791,EXEC-000636,GIS-072-2500,MAT-00001791,BATCH-43773,Mitsubishi Electric,2026-02-03 12:44:00,SUCCESS
SCAN-00001792,SN-00001792,EXEC-000637,GIS-145-3150,MAT-00001792,BATCH-65131,Siemens Energy,2026-02-03 12:50:00,SUCCESS
SCAN-00001793,SN-00001793,EXEC-000637,GIS-145-3150,MAT-00001793,BATCH-14277,Hitachi Energy,2026-02-03 12:49:00,SUCCESS
SCAN-00001794,SN-00001794,EXEC-000637,GIS-145-3150,MAT-00001794,BATCH-39685,Siemens Energy,2026-02-03 12:53:00,SUCCESS
SCAN-00001795,SN-00001795,EXEC-000638,GIS-145-3150,MAT-00001795,BATCH-74286,Siemens Energy,2026-02-03 13:17:00,SUCCESS
SCAN-00001796,SN-00001796,EXEC-000638,GIS-145-3150,MAT-00001796,BATCH-11960,Hitachi Energy,2026-02-03 13:00:00,SUCCESS
SCAN-00001797,SN-00001797,EXEC-000638,GIS-145-3150,MAT-00001797,BATCH-29316,Schneider Electric,2026-02-03 13:39:00,SUCCESS
SCAN-00001798,SN-00001798,EXEC-000638,GIS-145-3150,MAT-00001798,BATCH-63391,Schneider Electric,2026-02-03 13:37:00,SUCCESS
SCAN-00001799,SN-00001799,EXEC-000639,GIS-420-4000,MAT-00001799,BATCH-48595,Schneider Electric,2026-02-03 13:35:00,SUCCESS
SCAN-00001800,SN-00001800,EXEC-000640,GIS-145-4000,MAT-00001800,BATCH-98920,Schneider Electric,2026-02-03 14:00:00,SUCCESS
SCAN-00001801,SN-00001801,EXEC-000640,GIS-145-4000,MAT-00001801,BATCH-79715,Hitachi Energy,2026-02-03 14:13:00,SUCCESS
SCAN-00001802,SN-00001802,EXEC-000640,GIS-145-4000,MAT-00001802,BATCH-22423,Hitachi Energy,2026-02-03 14:06:00,SUCCESS
SCAN-00001803,SN-00001803,EXEC-000640,GIS-145-4000,MAT-00001803,BATCH-76745,ABB,2026-02-03 14:14:00,SUCCESS
