package_id,serial_number,execution_id,product_code,package_type,package_weight_kg,package_length_mm,package_width_mm,package_height_mm,packaging_start,packaging_end,packaging_status
PKG-00000001,SN-00000001,EXEC-000001,GIS-072-2500,WOODEN_CRATE,494.95,1851,1481,2001,2026-01-05 07:03:00,2026-01-05 07:05:00,READY_FOR_SHIPMENT
PKG-00000002,SN-00000002,EXEC-000001,GIS-072-2500,WOODEN_CRATE,315.98,2009,1758,1678,2026-01-05 07:03:00,2026-01-05 07:05:00,READY_FOR_SHIPMENT
PKG-00000003,SN-00000003,EXEC-000001,GIS-072-2500,WOODEN_CRATE,473.91,1865,1230,1691,2026-01-05 07:03:00,2026-01-05 07:05:00,READY_FOR_SHIPMENT
PKG-00000004,SN-00000004,EXEC-000001,GIS-072-2500,WOODEN_CRATE,314.01,2834,1227,1907,2026-01-05 07:03:00,2026-01-05 07:05:00,READY_FOR_SHIPMENT
PKG-00000005,SN-00000005,EXEC-000001,GIS-072-2500,WOODEN_CRATE,527.89,2916,1629,1951,2026-01-05 07:03:00,2026-01-05 07:05:00,READY_FOR_SHIPMENT
PKG-00000006,SN-00000006,EXEC-000002,GIS-072-3150,WOODEN_CRATE,413.16,2369,1206,1826,2026-01-05 07:23:00,2026-01-05 07:25:00,READY_FOR_SHIPMENT
PKG-00000007,SN-00000007,EXEC-000002,GIS-072-3150,WOODEN_CRATE,520.2,2496,1484,1818,2026-01-05 07:23:00,2026-01-05 07:25:00,READY_FOR_SHIPMENT
PKG-00000008,SN-00000008,EXEC-000002,GIS-072-3150,WOODEN_CRATE,312.58,2489,1304,1689,2026-01-05 07:23:00,2026-01-05 07:25:00,READY_FOR_SHIPMENT
PKG-00000009,SN-00000009,EXEC-000002,GIS-072-3150,WOODEN_CRATE,383.37,2535,1552,2041,2026-01-05 07:23:00,2026-01-05 07:25:00,READY_FOR_SHIPMENT
PKG-00000010,SN-00000010,EXEC-000002,GIS-072-3150,WOODEN_CRATE,567.07,2740,1749,1755,2026-01-05 07:23:00,2026-01-05 07:25:00,READY_FOR_SHIPMENT
PKG-00000011,SN-00000011,EXEC-000003,GIS-245-4000,WOODEN_CRATE,638.44,2575,1280,2100,2026-01-05 07:43:00,2026-01-05 07:45:00,READY_FOR_SHIPMENT
PKG-00000012,SN-00000012,EXEC-000003,GIS-245-4000,WOODEN_CRATE,576.64,3066,1570,1893,2026-01-05 07:43:00,2026-01-05 07:45:00,READY_FOR_SHIPMENT
PKG-00000013,SN-00000013,EXEC-000003,GIS-245-4000,WOODEN_CRATE,522.97,1893,1433,2092,2026-01-05 07:43:00,2026-01-05 07:45:00,READY_FOR_SHIPMENT
PKG-00000014,SN-00000014,EXEC-000004,GIS-145-3150,WOODEN_CRATE,643.65,2276,1303,2278,2026-01-05 08:03:00,2026-01-05 08:05:00,READY_FOR_SHIPMENT
PKG-00000015,SN-00000015,EXEC-000004,GIS-145-3150,WOODEN_CRATE,339.53,3101,1573,1833,2026-01-05 08:03:00,2026-01-05 08:05:00,READY_FOR_SHIPMENT
PKG-00000016,SN-00000016,EXEC-000005,GIS-072-3150,WOODEN_CRATE,379.18,2229,1473,1646,2026-01-05 08:23:00,2026-01-05 08:25:00,READY_FOR_SHIPMENT
PKG-00000017,SN-00000017,EXEC-000005,GIS-072-3150,WOODEN_CRATE,481.93,2150,1746,2001,2026-01-05 08:23:00,2026-01-05 08:25:00,READY_FOR_SHIPMENT
PKG-00000018,SN-00000018,EXEC-000005,GIS-072-3150,WOODEN_CRATE,290.26,2577,1476,1949,2026-01-05 08:23:00,2026-01-05 08:25:00,READY_FOR_SHIPMENT
PKG-00000019,SN-00000019,EXEC-000005,GIS-072-3150,WOODEN_CRATE,514.38,1914,1434,1565,2026-01-05 08:23:00,2026-01-05 08:25:00,READY_FOR_SHIPMENT
PKG-00000020,SN-00000020,EXEC-000005,GIS-072-3150,WOODEN_CRATE,566.17,2621,1474,1635,2026-01-05 08:23:00,2026-01-05 08:25:00,READY_FOR_SHIPMENT
PKG-00000021,SN-00000021,EXEC-000006,GIS-072-3150,WOODEN_CRATE,310.72,2961,1522,1935,2026-01-05 08:43:00,2026-01-05 08:45:00,READY_FOR_SHIPMENT
PKG-00000022,SN-00000022,EXEC-000006,GIS-072-3150,WOODEN_CRATE,501.84,2610,1669,1792,2026-01-05 08:43:00,2026-01-05 08:45:00,READY_FOR_SHIPMENT
PKG-00000023,SN-00000023,EXEC-000006,GIS-072-3150,WOODEN_CRATE,333.9,2305,1774,2038,2026-01-05 08:43:00,2026-01-05 08:45:00,READY_FOR_SHIPMENT
PKG-00000024,SN-00000024,EXEC-000006,GIS-072-3150,WOODEN_CRATE,541.22,2677,1797,2317,2026-01-05 08:43:00,2026-01-05 08:45:00,READY_FOR_SHIPMENT
PKG-00000025,SN-00000025,EXEC-000006,GIS-072-3150,WOODEN_CRATE,375.66,2083,1721,2510,2026-01-05 08:43:00,2026-01-05 08:45:00,READY_FOR_SHIPMENT
PKG-00000026,SN-00000026,EXEC-000007,GIS-145-3150,WOODEN_CRATE,259.09,1896,1312,1813,2026-01-05 09:03:00,2026-01-05 09:05:00,READY_FOR_SHIPMENT
PKG-00000027,SN-00000027,EXEC-000007,GIS-145-3150,WOODEN_CRATE,489.8,3193,1632,1630,2026-01-05 09:03:00,2026-01-05 09:05:00,READY_FOR_SHIPMENT
PKG-00000028,SN-00000028,EXEC-000007,GIS-145-3150,WOODEN_CRATE,385.45,3020,1679,2583,2026-01-05 09:03:00,2026-01-05 09:05:00,READY_FOR_SHIPMENT
PKG-00000029,SN-00000029,EXEC-000008,GIS-245-4000,WOODEN_CRATE,328.11,2933,1211,1734,2026-01-05 09:23:00,2026-01-05 09:25:00,READY_FOR_SHIPMENT
PKG-00000030,SN-00000030,EXEC-000009,GIS-072-3150,WOODEN_CRATE,513.14,2899,1473,2196,2026-01-05 09:43:00,2026-01-05 09:45:00,READY_FOR_SHIPMENT
PKG-00000031,SN-00000031,EXEC-000009,GIS-072-3150,WOODEN_CRATE,267.97,2690,1361,2429,2026-01-05 09:43:00,2026-01-05 09:45:00,READY_FOR_SHIPMENT
PKG-00000032,SN-00000032,EXEC-000009,GIS-072-3150,WOODEN_CRATE,221.4,2339,1712,1865,2026-01-05 09:43:00,2026-01-05 09:45:00,READY_FOR_SHIPMENT
PKG-00000033,SN-00000033,EXEC-000009,GIS-072-3150,WOODEN_CRATE,438.3,2017,1505,2539,2026-01-05 09:43:00,2026-01-05 09:45:00,READY_FOR_SHIPMENT
PKG-00000034,SN-00000034,EXEC-000010,GIS-072-3150,WOODEN_CRATE,481.86,2113,1582,1830,2026-01-05 10:03:00,2026-01-05 10:05:00,READY_FOR_SHIPMENT
PKG-00000035,SN-00000035,EXEC-000010,GIS-072-3150,WOODEN_CRATE,451.93,2886,1200,2163,2026-01-05 10:03:00,2026-01-05 10:05:00,READY_FOR_SHIPMENT
PKG-00000036,SN-00000036,EXEC-000010,GIS-072-3150,WOODEN_CRATE,430.1,2029,1571,2129,2026-01-05 10:03:00,2026-01-05 10:05:00,READY_FOR_SHIPMENT
PKG-00000037,SN-00000037,EXEC-000010,GIS-072-3150,WOODEN_CRATE,322.96,2293,1780,1661,2026-01-05 10:03:00,2026-01-05 10:05:00,READY_FOR_SHIPMENT
PKG-00000038,SN-00000038,EXEC-000011,GIS-145-3150,WOODEN_CRATE,256.83,2795,1270,2590,2026-01-05 10:23:00,2026-01-05 10:25:00,READY_FOR_SHIPMENT
PKG-00000039,SN-00000039,EXEC-000011,GIS-145-3150,WOODEN_CRATE,549.31,2062,1686,1838,2026-01-05 10:23:00,2026-01-05 10:25:00,READY_FOR_SHIPMENT
PKG-00000040,SN-00000040,EXEC-000011,GIS-145-3150,WOODEN_CRATE,333.97,3042,1633,1933,2026-01-05 10:23:00,2026-01-05 10:25:00,READY_FOR_SHIPMENT
PKG-00000041,SN-00000041,EXEC-000012,GIS-170-4000,WOODEN_CRATE,619.43,2211,1519,2317,2026-01-05 10:43:00,2026-01-05 10:45:00,READY_FOR_SHIPMENT
PKG-00000042,SN-00000042,EXEC-000012,GIS-170-4000,WOODEN_CRATE,647.91,3130,1582,2397,2026-01-05 10:43:00,2026-01-05 10:45:00,READY_FOR_SHIPMENT
PKG-00000043,SN-00000043,EXEC-000013,GIS-145-4000,WOODEN_CRATE,606.83,2724,1323,2007,2026-01-05 11:03:00,2026-01-05 11:05:00,READY_FOR_SHIPMENT
PKG-00000044,SN-00000044,EXEC-000013,GIS-145-4000,WOODEN_CRATE,316.62,2492,1221,1971,2026-01-05 11:03:00,2026-01-05 11:05:00,READY_FOR_SHIPMENT
PKG-00000045,SN-00000045,EXEC-000013,GIS-145-4000,WOODEN_CRATE,473.03,1814,1272,1620,2026-01-05 11:03:00,2026-01-05 11:05:00,READY_FOR_SHIPMENT
PKG-00000046,SN-00000046,EXEC-000014,GIS-072-3150,WOODEN_CRATE,318.44,1864,1538,1645,2026-01-05 11:23:00,2026-01-05 11:25:00,READY_FOR_SHIPMENT
PKG-00000047,SN-00000047,EXEC-000014,GIS-072-3150,WOODEN_CRATE,441.09,2370,1697,1938,2026-01-05 11:23:00,2026-01-05 11:25:00,READY_FOR_SHIPMENT
PKG-00000048,SN-00000048,EXEC-000014,GIS-072-3150,WOODEN_CRATE,451.87,2969,1790,2468,2026-01-05 11:23:00,2026-01-05 11:25:00,READY_FOR_SHIPMENT
PKG-00000049,SN-00000049,EXEC-000014,GIS-072-3150,WOODEN_CRATE,324.49,2768,1616,1889,2026-01-05 11:23:00,2026-01-05 11:25:00,READY_FOR_SHIPMENT
PKG-00000050,SN-00000050,EXEC-000014,GIS-072-3150,WOODEN_CRATE,260.56,3149,1641,2225,2026-01-05 11:23:00,2026-01-05 11:25:00,READY_FOR_SHIPMENT
PKG-00000051,SN-00000051,EXEC-000015,GIS-300-4000,WOODEN_CRATE,402.14,2756,1255,1701,2026-01-05 11:43:00,2026-01-05 11:45:00,READY_FOR_SHIPMENT
PKG-00000052,SN-00000052,EXEC-000016,GIS-072-2500,WOODEN_CRATE,246.06,2494,1311,2009,2026-01-05 12:03:00,2026-01-05 12:05:00,READY_FOR_SHIPMENT
PKG-00000053,SN-00000053,EXEC-000016,GIS-072-2500,WOODEN_CRATE,302.38,2898,1659,1787,2026-01-05 12:03:00,2026-01-05 12:05:00,READY_FOR_SHIPMENT
PKG-00000054,SN-00000054,EXEC-000016,GIS-072-2500,WOODEN_CRATE,401.41,2370,1673,2011,2026-01-05 12:03:00,2026-01-05 12:05:00,READY_FOR_SHIPMENT
PKG-00000055,SN-00000055,EXEC-000017,GIS-550-5000,WOODEN_CRATE,596.03,1954,1653,1700,2026-01-05 12:23:00,2026-01-05 12:25:00,READY_FOR_SHIPMENT
PKG-00000056,SN-00000056,EXEC-000018,GIS-300-4000,WOODEN_CRATE,241.75,2907,1215,1691,2026-01-05 12:43:00,2026-01-05 12:45:00,READY_FOR_SHIPMENT
PKG-00000057,SN-00000057,EXEC-000018,GIS-300-4000,WOODEN_CRATE,618.34,2284,1370,2332,2026-01-05 12:43:00,2026-01-05 12:45:00,READY_FOR_SHIPMENT
PKG-00000058,SN-00000058,EXEC-000019,GIS-245-3150,WOODEN_CRATE,428.83,2237,1610,1620,2026-01-05 13:03:00,2026-01-05 13:05:00,READY_FOR_SHIPMENT
PKG-00000059,SN-00000059,EXEC-000019,GIS-245-3150,WOODEN_CRATE,290.79,1804,1599,2043,2026-01-05 13:03:00,2026-01-05 13:05:00,READY_FOR_SHIPMENT
PKG-00000060,SN-00000060,EXEC-000020,GIS-145-3150,WOODEN_CRATE,618.4,2731,1492,2366,2026-01-05 13:23:00,2026-01-05 13:25:00,READY_FOR_SHIPMENT
PKG-00000061,SN-00000061,EXEC-000020,GIS-145-3150,WOODEN_CRATE,519.53,2938,1698,1817,2026-01-05 13:23:00,2026-01-05 13:25:00,READY_FOR_SHIPMENT
PKG-00000062,SN-00000062,EXEC-000020,GIS-145-3150,WOODEN_CRATE,301.66,2245,1259,1624,2026-01-05 13:23:00,2026-01-05 13:25:00,READY_FOR_SHIPMENT
PKG-00000063,SN-00000063,EXEC-000020,GIS-145-3150,WOODEN_CRATE,541.63,1917,1251,2476,2026-01-05 13:23:00,2026-01-05 13:25:00,READY_FOR_SHIPMENT
PKG-00000064,SN-00000064,EXEC-000021,GIS-420-5000,WOODEN_CRATE,436.23,2887,1361,1616,2026-01-05 13:43:00,2026-01-05 13:45:00,READY_FOR_SHIPMENT
PKG-00000065,SN-00000065,EXEC-000022,GIS-072-3150,WOODEN_CRATE,633.13,1964,1390,1640,2026-01-05 14:03:00,2026-01-05 14:05:00,READY_FOR_SHIPMENT
PKG-00000066,SN-00000066,EXEC-000022,GIS-072-3150,WOODEN_CRATE,475.87,3182,1440,2326,2026-01-05 14:03:00,2026-01-05 14:05:00,READY_FOR_SHIPMENT
PKG-00000067,SN-00000067,EXEC-000022,GIS-072-3150,WOODEN_CRATE,271.55,2966,1452,1581,2026-01-05 14:03:00,2026-01-05 14:05:00,READY_FOR_SHIPMENT
PKG-00000068,SN-00000068,EXEC-000022,GIS-072-3150,WOODEN_CRATE,486.33,2658,1797,2570,2026-01-05 14:03:00,2026-01-05 14:05:00,READY_FOR_SHIPMENT
PKG-00000069,SN-00000069,EXEC-000022,GIS-072-3150,WOODEN_CRATE,356.04,2334,1409,2143,2026-01-05 14:03:00,2026-01-05 14:05:00,READY_FOR_SHIPMENT
PKG-00000070,SN-00000070,EXEC-000023,GIS-145-4000,WOODEN_CRATE,322.63,2610,1334,2114,2026-01-05 14:23:00,2026-01-05 14:25:00,READY_FOR_SHIPMENT
PKG-00000071,SN-00000071,EXEC-000023,GIS-145-4000,WOODEN_CRATE,416.61,1948,1209,2438,2026-01-05 14:23:00,2026-01-05 14:25:00,READY_FOR_SHIPMENT
PKG-00000072,SN-00000072,EXEC-000023,GIS-145-4000,WOODEN_CRATE,487.1,2953,1302,1650,2026-01-05 14:23:00,2026-01-05 14:25:00,READY_FOR_SHIPMENT
PKG-00000073,SN-00000073,EXEC-000024,GIS-245-3150,WOODEN_CRATE,451.18,2836,1471,1771,2026-01-06 07:03:00,2026-01-06 07:05:00,READY_FOR_SHIPMENT
PKG-00000074,SN-00000074,EXEC-000025,GIS-300-4000,WOODEN_CRATE,621.3,1940,1450,2256,2026-01-06 07:23:00,2026-01-06 07:25:00,READY_FOR_SHIPMENT
PKG-00000075,SN-00000075,EXEC-000026,GIS-072-2500,WOODEN_CRATE,342.54,2697,1756,2119,2026-01-06 07:43:00,2026-01-06 07:45:00,READY_FOR_SHIPMENT
PKG-00000076,SN-00000076,EXEC-000026,GIS-072-2500,WOODEN_CRATE,483.02,3139,1741,1516,2026-01-06 07:43:00,2026-01-06 07:45:00,READY_FOR_SHIPMENT
PKG-00000077,SN-00000077,EXEC-000026,GIS-072-2500,WOODEN_CRATE,507.18,2935,1506,1712,2026-01-06 07:43:00,2026-01-06 07:45:00,READY_FOR_SHIPMENT
PKG-00000078,SN-00000078,EXEC-000026,GIS-072-2500,WOODEN_CRATE,623.74,2075,1470,1736,2026-01-06 07:43:00,2026-01-06 07:45:00,READY_FOR_SHIPMENT
PKG-00000079,SN-00000079,EXEC-000027,GIS-072-2500,WOODEN_CRATE,602.58,2933,1359,2057,2026-01-06 08:03:00,2026-01-06 08:05:00,READY_FOR_SHIPMENT
PKG-00000080,SN-00000080,EXEC-000027,GIS-072-2500,WOODEN_CRATE,341.16,2231,1551,1916,2026-01-06 08:03:00,2026-01-06 08:05:00,READY_FOR_SHIPMENT
PKG-00000081,SN-00000081,EXEC-000027,GIS-072-2500,WOODEN_CRATE,515.62,2340,1717,2500,2026-01-06 08:03:00,2026-01-06 08:05:00,READY_FOR_SHIPMENT
PKG-00000082,SN-00000082,EXEC-000027,GIS-072-2500,WOODEN_CRATE,327.98,1904,1294,2367,2026-01-06 08:03:00,2026-01-06 08:05:00,READY_FOR_SHIPMENT
PKG-00000083,SN-00000083,EXEC-000027,GIS-072-2500,WOODEN_CRATE,576.62,1890,1203,2183,2026-01-06 08:03:00,2026-01-06 08:05:00,READY_FOR_SHIPMENT
PKG-00000084,SN-00000084,EXEC-000028,GIS-145-3150,WOODEN_CRATE,551.58,3104,1468,1830,2026-01-06 08:23:00,2026-01-06 08:25:00,READY_FOR_SHIPMENT
PKG-00000085,SN-00000085,EXEC-000028,GIS-145-3150,WOODEN_CRATE,538.73,2929,1637,1519,2026-01-06 08:23:00,2026-01-06 08:25:00,READY_FOR_SHIPMENT
PKG-00000086,SN-00000086,EXEC-000028,GIS-145-3150,WOODEN_CRATE,268.11,2105,1758,1573,2026-01-06 08:23:00,2026-01-06 08:25:00,READY_FOR_SHIPMENT
PKG-00000087,SN-00000087,EXEC-000028,GIS-145-3150,WOODEN_CRATE,578.88,2992,1765,1803,2026-01-06 08:23:00,2026-01-06 08:25:00,READY_FOR_SHIPMENT
PKG-00000088,SN-00000088,EXEC-000029,GIS-420-4000,WOODEN_CRATE,404.81,1885,1515,2246,2026-01-06 08:43:00,2026-01-06 08:45:00,READY_FOR_SHIPMENT
PKG-00000089,SN-00000089,EXEC-000029,GIS-420-4000,WOODEN_CRATE,606.56,1881,1566,1930,2026-01-06 08:43:00,2026-01-06 08:45:00,READY_FOR_SHIPMENT
PKG-00000090,SN-00000090,EXEC-000030,GIS-072-2500,WOODEN_CRATE,513.29,3165,1305,2224,2026-01-06 09:03:00,2026-01-06 09:05:00,READY_FOR_SHIPMENT
PKG-00000091,SN-00000091,EXEC-000030,GIS-072-2500,WOODEN_CRATE,555.45,2632,1358,1984,2026-01-06 09:03:00,2026-01-06 09:05:00,READY_FOR_SHIPMENT
PKG-00000092,SN-00000092,EXEC-000030,GIS-072-2500,WOODEN_CRATE,591.78,2162,1622,1550,2026-01-06 09:03:00,2026-01-06 09:05:00,READY_FOR_SHIPMENT
PKG-00000093,SN-00000093,EXEC-000030,GIS-072-2500,WOODEN_CRATE,297.13,2480,1621,2008,2026-01-06 09:03:00,2026-01-06 09:05:00,READY_FOR_SHIPMENT
PKG-00000094,SN-00000094,EXEC-000030,GIS-072-2500,WOODEN_CRATE,334.73,2021,1591,1579,2026-01-06 09:03:00,2026-01-06 09:05:00,READY_FOR_SHIPMENT
PKG-00000095,SN-00000095,EXEC-000031,GIS-072-3150,WOODEN_CRATE,589.2,2255,1404,2442,2026-01-06 09:23:00,2026-01-06 09:25:00,READY_FOR_SHIPMENT
PKG-00000096,SN-00000096,EXEC-000031,GIS-072-3150,WOODEN_CRATE,370.35,2266,1428,1548,2026-01-06 09:23:00,2026-01-06 09:25:00,READY_FOR_SHIPMENT
PKG-00000097,SN-00000097,EXEC-000031,GIS-072-3150,WOODEN_CRATE,503.81,2616,1536,2070,2026-01-06 09:23:00,2026-01-06 09:25:00,READY_FOR_SHIPMENT
PKG-00000098,SN-00000098,EXEC-000031,GIS-072-3150,WOODEN_CRATE,591.67,2371,1559,2543,2026-01-06 09:23:00,2026-01-06 09:25:00,READY_FOR_SHIPMENT
PKG-00000099,SN-00000099,EXEC-000031,GIS-072-3150,WOODEN_CRATE,391.86,2898,1539,1556,2026-01-06 09:23:00,2026-01-06 09:25:00,READY_FOR_SHIPMENT
PKG-00000100,SN-00000100,EXEC-000032,GIS-170-4000,WOODEN_CRATE,269.6,2334,1382,2043,2026-01-06 09:43:00,2026-01-06 09:45:00,READY_FOR_SHIPMENT
PKG-00000101,SN-00000101,EXEC-000032,GIS-170-4000,WOODEN_CRATE,236.45,3021,1644,2207,2026-01-06 09:43:00,2026-01-06 09:45:00,READY_FOR_SHIPMENT
PKG-00000102,SN-00000102,EXEC-000032,GIS-170-4000,WOODEN_CRATE,533.27,2442,1646,2547,2026-01-06 09:43:00,2026-01-06 09:45:00,READY_FOR_SHIPMENT
PKG-00000103,SN-00000103,EXEC-000033,GIS-800-5000,WOODEN_CRATE,269.73,2980,1394,2021,2026-01-06 10:03:00,2026-01-06 10:05:00,READY_FOR_SHIPMENT
PKG-00000104,SN-00000104,EXEC-000034,GIS-072-2500,WOODEN_CRATE,239.09,2693,1201,2564,2026-01-06 10:23:00,2026-01-06 10:25:00,READY_FOR_SHIPMENT
PKG-00000105,SN-00000105,EXEC-000034,GIS-072-2500,WOODEN_CRATE,618.0,2902,1401,2245,2026-01-06 10:23:00,2026-01-06 10:25:00,READY_FOR_SHIPMENT
PKG-00000106,SN-00000106,EXEC-000034,GIS-072-2500,WOODEN_CRATE,405.46,3160,1538,2142,2026-01-06 10:23:00,2026-01-06 10:25:00,READY_FOR_SHIPMENT
PKG-00000107,SN-00000107,EXEC-000035,GIS-072-3150,WOODEN_CRATE,505.26,2055,1507,2538,2026-01-06 10:43:00,2026-01-06 10:45:00,READY_FOR_SHIPMENT
PKG-00000108,SN-00000108,EXEC-000035,GIS-072-3150,WOODEN_CRATE,352.99,2636,1534,2324,2026-01-06 10:43:00,2026-01-06 10:45:00,READY_FOR_SHIPMENT
PKG-00000109,SN-00000109,EXEC-000035,GIS-072-3150,WOODEN_CRATE,519.8,2935,1330,1892,2026-01-06 10:43:00,2026-01-06 10:45:00,READY_FOR_SHIPMENT
PKG-00000110,SN-00000110,EXEC-000036,GIS-145-3150,WOODEN_CRATE,400.79,2576,1378,2116,2026-01-06 11:03:00,2026-01-06 11:05:00,READY_FOR_SHIPMENT
PKG-00000111,SN-00000111,EXEC-000036,GIS-145-3150,WOODEN_CRATE,394.61,1800,1511,2087,2026-01-06 11:03:00,2026-01-06 11:05:00,READY_FOR_SHIPMENT
PKG-00000112,SN-00000112,EXEC-000037,GIS-170-4000,WOODEN_CRATE,310.38,2987,1529,2452,2026-01-06 11:23:00,2026-01-06 11:25:00,READY_FOR_SHIPMENT
PKG-00000113,SN-00000113,EXEC-000037,GIS-170-4000,WOODEN_CRATE,409.97,3183,1418,2546,2026-01-06 11:23:00,2026-01-06 11:25:00,READY_FOR_SHIPMENT
PKG-00000114,SN-00000114,EXEC-000037,GIS-170-4000,WOODEN_CRATE,423.47,2147,1286,2081,2026-01-06 11:23:00,2026-01-06 11:25:00,READY_FOR_SHIPMENT
PKG-00000115,SN-00000115,EXEC-000038,GIS-550-5000,WOODEN_CRATE,441.64,3096,1543,1691,2026-01-06 11:43:00,2026-01-06 11:45:00,READY_FOR_SHIPMENT
PKG-00000116,SN-00000116,EXEC-000039,GIS-072-2500,WOODEN_CRATE,571.92,2281,1517,1960,2026-01-06 12:03:00,2026-01-06 12:05:00,READY_FOR_SHIPMENT
PKG-00000117,SN-00000117,EXEC-000039,GIS-072-2500,WOODEN_CRATE,566.82,2101,1225,1594,2026-01-06 12:03:00,2026-01-06 12:05:00,READY_FOR_SHIPMENT
PKG-00000118,SN-00000118,EXEC-000039,GIS-072-2500,WOODEN_CRATE,325.28,2773,1274,2432,2026-01-06 12:03:00,2026-01-06 12:05:00,READY_FOR_SHIPMENT
PKG-00000119,SN-00000119,EXEC-000039,GIS-072-2500,WOODEN_CRATE,398.21,3089,1789,1898,2026-01-06 12:03:00,2026-01-06 12:05:00,READY_FOR_SHIPMENT
PKG-00000120,SN-00000120,EXEC-000039,GIS-072-2500,WOODEN_CRATE,528.89,2586,1706,2318,2026-01-06 12:03:00,2026-01-06 12:05:00,READY_FOR_SHIPMENT
PKG-00000121,SN-00000121,EXEC-000040,GIS-420-4000,WOODEN_CRATE,324.91,3143,1205,1718,2026-01-06 12:23:00,2026-01-06 12:25:00,READY_FOR_SHIPMENT
PKG-00000122,SN-00000122,EXEC-000040,GIS-420-4000,WOODEN_CRATE,554.72,2248,1380,2560,2026-01-06 12:23:00,2026-01-06 12:25:00,READY_FOR_SHIPMENT
PKG-00000123,SN-00000123,EXEC-000041,GIS-145-3150,WOODEN_CRATE,419.76,2941,1455,1748,2026-01-06 12:43:00,2026-01-06 12:45:00,READY_FOR_SHIPMENT
PKG-00000124,SN-00000124,EXEC-000041,GIS-145-3150,WOODEN_CRATE,416.28,2751,1743,2149,2026-01-06 12:43:00,2026-01-06 12:45:00,READY_FOR_SHIPMENT
PKG-00000125,SN-00000125,EXEC-000041,GIS-145-3150,WOODEN_CRATE,628.52,2706,1716,2373,2026-01-06 12:43:00,2026-01-06 12:45:00,READY_FOR_SHIPMENT
PKG-00000126,SN-00000126,EXEC-000042,GIS-145-4000,WOODEN_CRATE,577.14,2922,1656,1825,2026-01-06 13:03:00,2026-01-06 13:05:00,READY_FOR_SHIPMENT
PKG-00000127,SN-00000127,EXEC-000042,GIS-145-4000,WOODEN_CRATE,539.77,2772,1660,2030,2026-01-06 13:03:00,2026-01-06 13:05:00,READY_FOR_SHIPMENT
PKG-00000128,SN-00000128,EXEC-000042,GIS-145-4000,WOODEN_CRATE,543.26,3105,1483,2567,2026-01-06 13:03:00,2026-01-06 13:05:00,READY_FOR_SHIPMENT
PKG-00000129,SN-00000129,EXEC-000042,GIS-145-4000,WOODEN_CRATE,428.38,2289,1481,2400,2026-01-06 13:03:00,2026-01-06 13:05:00,READY_FOR_SHIPMENT
PKG-00000130,SN-00000130,EXEC-000043,GIS-072-3150,WOODEN_CRATE,253.32,2385,1440,2056,2026-01-06 13:23:00,2026-01-06 13:25:00,READY_FOR_SHIPMENT
PKG-00000131,SN-00000131,EXEC-000043,GIS-072-3150,WOODEN_CRATE,364.41,2906,1282,1783,2026-01-06 13:23:00,2026-01-06 13:25:00,READY_FOR_SHIPMENT
PKG-00000132,SN-00000132,EXEC-000043,GIS-072-3150,WOODEN_CRATE,284.86,2584,1356,1938,2026-01-06 13:23:00,2026-01-06 13:25:00,READY_FOR_SHIPMENT
PKG-00000133,SN-00000133,EXEC-000043,GIS-072-3150,WOODEN_CRATE,247.62,2634,1538,2454,2026-01-06 13:23:00,2026-01-06 13:25:00,READY_FOR_SHIPMENT
PKG-00000134,SN-00000134,EXEC-000043,GIS-072-3150,WOODEN_CRATE,398.78,2223,1630,2297,2026-01-06 13:23:00,2026-01-06 13:25:00,READY_FOR_SHIPMENT
PKG-00000135,SN-00000135,EXEC-000044,GIS-145-4000,WOODEN_CRATE,609.08,2996,1220,2279,2026-01-06 13:43:00,2026-01-06 13:45:00,READY_FOR_SHIPMENT
PKG-00000136,SN-00000136,EXEC-000044,GIS-145-4000,WOODEN_CRATE,425.1,2520,1505,2298,2026-01-06 13:43:00,2026-01-06 13:45:00,READY_FOR_SHIPMENT
PKG-00000137,SN-00000137,EXEC-000045,GIS-072-3150,WOODEN_CRATE,586.98,2658,1751,1951,2026-01-06 14:03:00,2026-01-06 14:05:00,READY_FOR_SHIPMENT
PKG-00000138,SN-00000138,EXEC-000045,GIS-072-3150,WOODEN_CRATE,429.94,2358,1646,2494,2026-01-06 14:03:00,2026-01-06 14:05:00,READY_FOR_SHIPMENT
PKG-00000139,SN-00000139,EXEC-000045,GIS-072-3150,WOODEN_CRATE,232.48,2488,1614,1838,2026-01-06 14:03:00,2026-01-06 14:05:00,READY_FOR_SHIPMENT
PKG-00000140,SN-00000140,EXEC-000045,GIS-072-3150,WOODEN_CRATE,581.42,2061,1746,1555,2026-01-06 14:03:00,2026-01-06 14:05:00,READY_FOR_SHIPMENT
PKG-00000141,SN-00000141,EXEC-000045,GIS-072-3150,WOODEN_CRATE,609.98,3012,1777,1555,2026-01-06 14:03:00,2026-01-06 14:05:00,READY_FOR_SHIPMENT
PKG-00000142,SN-00000142,EXEC-000046,GIS-072-3150,WOODEN_CRATE,256.1,2677,1338,2445,2026-01-06 14:23:00,2026-01-06 14:25:00,READY_FOR_SHIPMENT
PKG-00000143,SN-00000143,EXEC-000046,GIS-072-3150,WOODEN_CRATE,298.14,2332,1588,2170,2026-01-06 14:23:00,2026-01-06 14:25:00,READY_FOR_SHIPMENT
PKG-00000144,SN-00000144,EXEC-000046,GIS-072-3150,WOODEN_CRATE,311.01,2469,1545,2276,2026-01-06 14:23:00,2026-01-06 14:25:00,READY_FOR_SHIPMENT
PKG-00000145,SN-00000145,EXEC-000046,GIS-072-3150,WOODEN_CRATE,339.65,2663,1458,1667,2026-01-06 14:23:00,2026-01-06 14:25:00,READY_FOR_SHIPMENT
PKG-00000146,SN-00000146,EXEC-000047,GIS-420-5000,WOODEN_CRATE,422.23,2904,1253,2216,2026-01-07 07:03:00,2026-01-07 07:05:00,READY_FOR_SHIPMENT
PKG-00000147,SN-00000147,EXEC-000048,GIS-145-4000,WOODEN_CRATE,316.42,1940,1241,1563,2026-01-07 07:23:00,2026-01-07 07:25:00,READY_FOR_SHIPMENT
PKG-00000148,SN-00000148,EXEC-000048,GIS-145-4000,WOODEN_CRATE,628.33,2208,1220,1812,2026-01-07 07:23:00,2026-01-07 07:25:00,READY_FOR_SHIPMENT
PKG-00000149,SN-00000149,EXEC-000049,GIS-420-4000,WOODEN_CRATE,322.57,2769,1317,1946,2026-01-07 07:43:00,2026-01-07 07:45:00,READY_FOR_SHIPMENT
PKG-00000150,SN-00000150,EXEC-000049,GIS-420-4000,WOODEN_CRATE,419.96,2324,1577,1843,2026-01-07 07:43:00,2026-01-07 07:45:00,READY_FOR_SHIPMENT
PKG-00000151,SN-00000151,EXEC-000050,GIS-072-3150,WOODEN_CRATE,480.53,2034,1367,2137,2026-01-07 08:03:00,2026-01-07 08:05:00,READY_FOR_SHIPMENT
PKG-00000152,SN-00000152,EXEC-000050,GIS-072-3150,WOODEN_CRATE,266.48,1852,1519,2268,2026-01-07 08:03:00,2026-01-07 08:05:00,READY_FOR_SHIPMENT
PKG-00000153,SN-00000153,EXEC-000050,GIS-072-3150,WOODEN_CRATE,390.56,2206,1277,1997,2026-01-07 08:03:00,2026-01-07 08:05:00,READY_FOR_SHIPMENT
PKG-00000154,SN-00000154,EXEC-000050,GIS-072-3150,WOODEN_CRATE,263.82,2417,1323,1584,2026-01-07 08:03:00,2026-01-07 08:05:00,READY_FOR_SHIPMENT
PKG-00000155,SN-00000155,EXEC-000050,GIS-072-3150,WOODEN_CRATE,369.3,2677,1579,1641,2026-01-07 08:03:00,2026-01-07 08:05:00,READY_FOR_SHIPMENT
PKG-00000156,SN-00000156,EXEC-000051,GIS-072-2500,WOODEN_CRATE,437.56,2498,1212,2360,2026-01-07 08:23:00,2026-01-07 08:25:00,READY_FOR_SHIPMENT
PKG-00000157,SN-00000157,EXEC-000051,GIS-072-2500,WOODEN_CRATE,573.6,2016,1643,2241,2026-01-07 08:23:00,2026-01-07 08:25:00,READY_FOR_SHIPMENT
PKG-00000158,SN-00000158,EXEC-000051,GIS-072-2500,WOODEN_CRATE,493.3,2741,1356,2391,2026-01-07 08:23:00,2026-01-07 08:25:00,READY_FOR_SHIPMENT
PKG-00000159,SN-00000159,EXEC-000051,GIS-072-2500,WOODEN_CRATE,295.74,2868,1476,2490,2026-01-07 08:23:00,2026-01-07 08:25:00,READY_FOR_SHIPMENT
PKG-00000160,SN-00000160,EXEC-000052,GIS-550-5000,WOODEN_CRATE,419.9,3013,1474,2160,2026-01-07 08:43:00,2026-01-07 08:45:00,READY_FOR_SHIPMENT
PKG-00000161,SN-00000161,EXEC-000053,GIS-072-2500,WOODEN_CRATE,586.24,1977,1485,2423,2026-01-07 09:03:00,2026-01-07 09:05:00,READY_FOR_SHIPMENT
PKG-00000162,SN-00000162,EXEC-000053,GIS-072-2500,WOODEN_CRATE,324.86,2751,1783,2276,2026-01-07 09:03:00,2026-01-07 09:05:00,READY_FOR_SHIPMENT
PKG-00000163,SN-00000163,EXEC-000053,GIS-072-2500,WOODEN_CRATE,364.65,2812,1532,1872,2026-01-07 09:03:00,2026-01-07 09:05:00,READY_FOR_SHIPMENT
PKG-00000164,SN-00000164,EXEC-000053,GIS-072-2500,WOODEN_CRATE,429.65,2526,1464,2197,2026-01-07 09:03:00,2026-01-07 09:05:00,READY_FOR_SHIPMENT
PKG-00000165,SN-00000165,EXEC-000053,GIS-072-2500,WOODEN_CRATE,340.25,3020,1482,1520,2026-01-07 09:03:00,2026-01-07 09:05:00,READY_FOR_SHIPMENT
PKG-00000166,SN-00000166,EXEC-000054,GIS-145-4000,WOODEN_CRATE,442.15,2191,1287,1994,2026-01-07 09:23:00,2026-01-07 09:25:00,READY_FOR_SHIPMENT
PKG-00000167,SN-00000167,EXEC-000054,GIS-145-4000,WOODEN_CRATE,529.63,2800,1768,1992,2026-01-07 09:23:00,2026-01-07 09:25:00,READY_FOR_SHIPMENT
PKG-00000168,SN-00000168,EXEC-000054,GIS-145-4000,WOODEN_CRATE,516.96,3122,1702,2417,2026-01-07 09:23:00,2026-01-07 09:25:00,READY_FOR_SHIPMENT
PKG-00000169,SN-00000169,EXEC-000055,GIS-170-4000,WOODEN_CRATE,560.96,1990,1501,1953,2026-01-07 09:43:00,2026-01-07 09:45:00,READY_FOR_SHIPMENT
PKG-00000170,SN-00000170,EXEC-000055,GIS-170-4000,WOODEN_CRATE,393.89,2298,1513,2255,2026-01-07 09:43:00,2026-01-07 09:45:00,READY_FOR_SHIPMENT
PKG-00000171,SN-00000171,EXEC-000056,GIS-245-4000,WOODEN_CRATE,423.5,2887,1552,2371,2026-01-07 10:03:00,2026-01-07 10:05:00,READY_FOR_SHIPMENT
PKG-00000172,SN-00000172,EXEC-000056,GIS-245-4000,WOODEN_CRATE,648.55,2927,1538,2220,2026-01-07 10:03:00,2026-01-07 10:05:00,READY_FOR_SHIPMENT
PKG-00000173,SN-00000173,EXEC-000056,GIS-245-4000,WOODEN_CRATE,522.23,2354,1513,2014,2026-01-07 10:03:00,2026-01-07 10:05:00,READY_FOR_SHIPMENT
PKG-00000174,SN-00000174,EXEC-000057,GIS-145-3150,WOODEN_CRATE,319.13,2194,1523,1744,2026-01-07 10:23:00,2026-01-07 10:25:00,READY_FOR_SHIPMENT
PKG-00000175,SN-00000175,EXEC-000057,GIS-145-3150,WOODEN_CRATE,539.44,2179,1396,1943,2026-01-07 10:23:00,2026-01-07 10:25:00,READY_FOR_SHIPMENT
PKG-00000176,SN-00000176,EXEC-000057,GIS-145-3150,WOODEN_CRATE,537.6,2366,1737,2079,2026-01-07 10:23:00,2026-01-07 10:25:00,READY_FOR_SHIPMENT
PKG-00000177,SN-00000177,EXEC-000057,GIS-145-3150,WOODEN_CRATE,641.62,2197,1503,1965,2026-01-07 10:23:00,2026-01-07 10:25:00,READY_FOR_SHIPMENT
PKG-00000178,SN-00000178,EXEC-000058,GIS-145-3150,WOODEN_CRATE,375.18,2419,1214,2593,2026-01-07 10:43:00,2026-01-07 10:45:00,READY_FOR_SHIPMENT
PKG-00000179,SN-00000179,EXEC-000058,GIS-145-3150,WOODEN_CRATE,274.43,1893,1255,2098,2026-01-07 10:43:00,2026-01-07 10:45:00,READY_FOR_SHIPMENT
PKG-00000180,SN-00000180,EXEC-000058,GIS-145-3150,WOODEN_CRATE,519.89,2058,1702,1710,2026-01-07 10:43:00,2026-01-07 10:45:00,READY_FOR_SHIPMENT
PKG-00000181,SN-00000181,EXEC-000058,GIS-145-3150,WOODEN_CRATE,595.27,2975,1491,2461,2026-01-07 10:43:00,2026-01-07 10:45:00,READY_FOR_SHIPMENT
PKG-00000182,SN-00000182,EXEC-000059,GIS-072-3150,WOODEN_CRATE,425.85,2497,1388,1605,2026-01-07 11:03:00,2026-01-07 11:05:00,READY_FOR_SHIPMENT
PKG-00000183,SN-00000183,EXEC-000059,GIS-072-3150,WOODEN_CRATE,328.57,2778,1316,1633,2026-01-07 11:03:00,2026-01-07 11:05:00,READY_FOR_SHIPMENT
PKG-00000184,SN-00000184,EXEC-000059,GIS-072-3150,WOODEN_CRATE,392.3,1951,1790,1609,2026-01-07 11:03:00,2026-01-07 11:05:00,READY_FOR_SHIPMENT
PKG-00000185,SN-00000185,EXEC-000060,GIS-170-4000,WOODEN_CRATE,285.24,2952,1511,1674,2026-01-07 11:23:00,2026-01-07 11:25:00,READY_FOR_SHIPMENT
PKG-00000186,SN-00000186,EXEC-000060,GIS-170-4000,WOODEN_CRATE,647.38,2042,1771,2352,2026-01-07 11:23:00,2026-01-07 11:25:00,READY_FOR_SHIPMENT
PKG-00000187,SN-00000187,EXEC-000061,GIS-072-2500,WOODEN_CRATE,480.72,3066,1431,2570,2026-01-07 11:43:00,2026-01-07 11:45:00,READY_FOR_SHIPMENT
PKG-00000188,SN-00000188,EXEC-000061,GIS-072-2500,WOODEN_CRATE,383.56,2706,1504,2378,2026-01-07 11:43:00,2026-01-07 11:45:00,READY_FOR_SHIPMENT
PKG-00000189,SN-00000189,EXEC-000061,GIS-072-2500,WOODEN_CRATE,351.31,3071,1261,1703,2026-01-07 11:43:00,2026-01-07 11:45:00,READY_FOR_SHIPMENT
PKG-00000190,SN-00000190,EXEC-000061,GIS-072-2500,WOODEN_CRATE,627.46,2225,1416,2041,2026-01-07 11:43:00,2026-01-07 11:45:00,READY_FOR_SHIPMENT
PKG-00000191,SN-00000191,EXEC-000061,GIS-072-2500,WOODEN_CRATE,503.98,2121,1445,1855,2026-01-07 11:43:00,2026-01-07 11:45:00,READY_FOR_SHIPMENT
PKG-00000192,SN-00000192,EXEC-000062,GIS-072-3150,WOODEN_CRATE,457.36,2120,1202,2336,2026-01-07 12:03:00,2026-01-07 12:05:00,READY_FOR_SHIPMENT
PKG-00000193,SN-00000193,EXEC-000062,GIS-072-3150,WOODEN_CRATE,413.72,3016,1681,2096,2026-01-07 12:03:00,2026-01-07 12:05:00,READY_FOR_SHIPMENT
PKG-00000194,SN-00000194,EXEC-000062,GIS-072-3150,WOODEN_CRATE,234.04,2390,1489,2429,2026-01-07 12:03:00,2026-01-07 12:05:00,READY_FOR_SHIPMENT
PKG-00000195,SN-00000195,EXEC-000063,GIS-072-2500,WOODEN_CRATE,250.61,2278,1470,1905,2026-01-07 12:23:00,2026-01-07 12:25:00,READY_FOR_SHIPMENT
PKG-00000196,SN-00000196,EXEC-000063,GIS-072-2500,WOODEN_CRATE,402.81,2915,1430,1805,2026-01-07 12:23:00,2026-01-07 12:25:00,READY_FOR_SHIPMENT
PKG-00000197,SN-00000197,EXEC-000063,GIS-072-2500,WOODEN_CRATE,610.62,2091,1273,1622,2026-01-07 12:23:00,2026-01-07 12:25:00,READY_FOR_SHIPMENT
PKG-00000198,SN-00000198,EXEC-000064,GIS-145-4000,WOODEN_CRATE,291.35,2429,1782,2091,2026-01-07 12:43:00,2026-01-07 12:45:00,READY_FOR_SHIPMENT
PKG-00000199,SN-00000199,EXEC-000064,GIS-145-4000,WOODEN_CRATE,408.84,2759,1511,2324,2026-01-07 12:43:00,2026-01-07 12:45:00,READY_FOR_SHIPMENT
PKG-00000200,SN-00000200,EXEC-000064,GIS-145-4000,WOODEN_CRATE,625.35,2824,1752,2511,2026-01-07 12:43:00,2026-01-07 12:45:00,READY_FOR_SHIPMENT
PKG-00000201,SN-00000201,EXEC-000064,GIS-145-4000,WOODEN_CRATE,408.24,3024,1240,2384,2026-01-07 12:43:00,2026-01-07 12:45:00,READY_FOR_SHIPMENT
PKG-00000202,SN-00000202,EXEC-000065,GIS-420-5000,WOODEN_CRATE,535.85,3036,1456,1552,2026-01-07 13:03:00,2026-01-07 13:05:00,READY_FOR_SHIPMENT
PKG-00000203,SN-00000203,EXEC-000065,GIS-420-5000,WOODEN_CRATE,259.27,3180,1789,1542,2026-01-07 13:03:00,2026-01-07 13:05:00,READY_FOR_SHIPMENT
PKG-00000204,SN-00000204,EXEC-000066,GIS-145-4000,WOODEN_CRATE,649.82,3176,1475,1582,2026-01-07 13:23:00,2026-01-07 13:25:00,READY_FOR_SHIPMENT
PKG-00000205,SN-00000205,EXEC-000066,GIS-145-4000,WOODEN_CRATE,548.14,2158,1681,2562,2026-01-07 13:23:00,2026-01-07 13:25:00,READY_FOR_SHIPMENT
PKG-00000206,SN-00000206,EXEC-000066,GIS-145-4000,WOODEN_CRATE,500.15,2369,1385,2392,2026-01-07 13:23:00,2026-01-07 13:25:00,READY_FOR_SHIPMENT
PKG-00000207,SN-00000207,EXEC-000067,GIS-072-2500,WOODEN_CRATE,492.96,2807,1293,2462,2026-01-07 13:43:00,2026-01-07 13:45:00,READY_FOR_SHIPMENT
PKG-00000208,SN-00000208,EXEC-000067,GIS-072-2500,WOODEN_CRATE,369.62,2482,1528,1714,2026-01-07 13:43:00,2026-01-07 13:45:00,READY_FOR_SHIPMENT
PKG-00000209,SN-00000209,EXEC-000067,GIS-072-2500,WOODEN_CRATE,588.83,2475,1621,2514,2026-01-07 13:43:00,2026-01-07 13:45:00,READY_FOR_SHIPMENT
PKG-00000210,SN-00000210,EXEC-000067,GIS-072-2500,WOODEN_CRATE,343.93,2620,1763,1575,2026-01-07 13:43:00,2026-01-07 13:45:00,READY_FOR_SHIPMENT
PKG-00000211,SN-00000211,EXEC-000068,GIS-145-3150,WOODEN_CRATE,415.58,2444,1458,2162,2026-01-07 14:03:00,2026-01-07 14:05:00,READY_FOR_SHIPMENT
PKG-00000212,SN-00000212,EXEC-000068,GIS-145-3150,WOODEN_CRATE,269.85,2627,1726,1502,2026-01-07 14:03:00,2026-01-07 14:05:00,READY_FOR_SHIPMENT
PKG-00000213,SN-00000213,EXEC-000068,GIS-145-3150,WOODEN_CRATE,502.79,2911,1673,2346,2026-01-07 14:03:00,2026-01-07 14:05:00,READY_FOR_SHIPMENT
PKG-00000214,SN-00000214,EXEC-000068,GIS-145-3150,WOODEN_CRATE,243.31,2861,1570,2520,2026-01-07 14:03:00,2026-01-07 14:05:00,READY_FOR_SHIPMENT
PKG-00000215,SN-00000215,EXEC-000069,GIS-550-5000,WOODEN_CRATE,488.93,1905,1408,2046,2026-01-08 07:03:00,2026-01-08 07:05:00,READY_FOR_SHIPMENT
PKG-00000216,SN-00000216,EXEC-000070,GIS-145-3150,WOODEN_CRATE,456.16,2389,1648,2492,2026-01-08 07:23:00,2026-01-08 07:25:00,READY_FOR_SHIPMENT
PKG-00000217,SN-00000217,EXEC-000070,GIS-145-3150,WOODEN_CRATE,272.21,3090,1445,1824,2026-01-08 07:23:00,2026-01-08 07:25:00,READY_FOR_SHIPMENT
PKG-00000218,SN-00000218,EXEC-000070,GIS-145-3150,WOODEN_CRATE,353.62,1828,1765,2335,2026-01-08 07:23:00,2026-01-08 07:25:00,READY_FOR_SHIPMENT
PKG-00000219,SN-00000219,EXEC-000071,GIS-072-2500,WOODEN_CRATE,260.08,2032,1672,1740,2026-01-08 07:43:00,2026-01-08 07:45:00,READY_FOR_SHIPMENT
PKG-00000220,SN-00000220,EXEC-000071,GIS-072-2500,WOODEN_CRATE,498.52,2115,1710,2097,2026-01-08 07:43:00,2026-01-08 07:45:00,READY_FOR_SHIPMENT
PKG-00000221,SN-00000221,EXEC-000071,GIS-072-2500,WOODEN_CRATE,438.81,2359,1625,2488,2026-01-08 07:43:00,2026-01-08 07:45:00,READY_FOR_SHIPMENT
PKG-00000222,SN-00000222,EXEC-000072,GIS-145-3150,WOODEN_CRATE,641.51,2299,1667,1796,2026-01-08 08:03:00,2026-01-08 08:05:00,READY_FOR_SHIPMENT
PKG-00000223,SN-00000223,EXEC-000072,GIS-145-3150,WOODEN_CRATE,384.94,3027,1720,1779,2026-01-08 08:03:00,2026-01-08 08:05:00,READY_FOR_SHIPMENT
PKG-00000224,SN-00000224,EXEC-000072,GIS-145-3150,WOODEN_CRATE,591.53,2365,1624,2196,2026-01-08 08:03:00,2026-01-08 08:05:00,READY_FOR_SHIPMENT
PKG-00000225,SN-00000225,EXEC-000073,GIS-145-4000,WOODEN_CRATE,621.73,2839,1473,1505,2026-01-08 08:23:00,2026-01-08 08:25:00,READY_FOR_SHIPMENT
PKG-00000226,SN-00000226,EXEC-000073,GIS-145-4000,WOODEN_CRATE,341.62,2411,1793,2502,2026-01-08 08:23:00,2026-01-08 08:25:00,READY_FOR_SHIPMENT
PKG-00000227,SN-00000227,EXEC-000074,GIS-300-4000,WOODEN_CRATE,592.06,2714,1751,2491,2026-01-08 08:43:00,2026-01-08 08:45:00,READY_FOR_SHIPMENT
PKG-00000228,SN-00000228,EXEC-000075,GIS-800-5000,WOODEN_CRATE,368.4,2930,1756,2272,2026-01-08 09:03:00,2026-01-08 09:05:00,READY_FOR_SHIPMENT
PKG-00000229,SN-00000229,EXEC-000076,GIS-550-5000,WOODEN_CRATE,415.8,2459,1393,1989,2026-01-08 09:23:00,2026-01-08 09:25:00,READY_FOR_SHIPMENT
PKG-00000230,SN-00000230,EXEC-000077,GIS-300-4000,WOODEN_CRATE,465.87,2278,1620,1589,2026-01-08 09:43:00,2026-01-08 09:45:00,READY_FOR_SHIPMENT
PKG-00000231,SN-00000231,EXEC-000078,GIS-145-4000,WOODEN_CRATE,356.82,2768,1590,2290,2026-01-08 10:03:00,2026-01-08 10:05:00,READY_FOR_SHIPMENT
PKG-00000232,SN-00000232,EXEC-000078,GIS-145-4000,WOODEN_CRATE,645.02,3135,1355,2514,2026-01-08 10:03:00,2026-01-08 10:05:00,READY_FOR_SHIPMENT
PKG-00000233,SN-00000233,EXEC-000078,GIS-145-4000,WOODEN_CRATE,634.87,2058,1714,2179,2026-01-08 10:03:00,2026-01-08 10:05:00,READY_FOR_SHIPMENT
PKG-00000234,SN-00000234,EXEC-000079,GIS-072-3150,WOODEN_CRATE,593.97,2701,1302,2577,2026-01-08 10:23:00,2026-01-08 10:25:00,READY_FOR_SHIPMENT
PKG-00000235,SN-00000235,EXEC-000079,GIS-072-3150,WOODEN_CRATE,611.49,1831,1347,2339,2026-01-08 10:23:00,2026-01-08 10:25:00,READY_FOR_SHIPMENT
PKG-00000236,SN-00000236,EXEC-000079,GIS-072-3150,WOODEN_CRATE,594.5,2116,1276,2461,2026-01-08 10:23:00,2026-01-08 10:25:00,READY_FOR_SHIPMENT
PKG-00000237,SN-00000237,EXEC-000080,GIS-072-3150,WOODEN_CRATE,556.06,2342,1546,2314,2026-01-08 10:43:00,2026-01-08 10:45:00,READY_FOR_SHIPMENT
PKG-00000238,SN-00000238,EXEC-000080,GIS-072-3150,WOODEN_CRATE,499.43,2472,1746,2278,2026-01-08 10:43:00,2026-01-08 10:45:00,READY_FOR_SHIPMENT
PKG-00000239,SN-00000239,EXEC-000080,GIS-072-3150,WOODEN_CRATE,630.28,3083,1699,1573,2026-01-08 10:43:00,2026-01-08 10:45:00,READY_FOR_SHIPMENT
PKG-00000240,SN-00000240,EXEC-000080,GIS-072-3150,WOODEN_CRATE,485.51,2280,1494,1965,2026-01-08 10:43:00,2026-01-08 10:45:00,READY_FOR_SHIPMENT
PKG-00000241,SN-00000241,EXEC-000081,GIS-245-3150,WOODEN_CRATE,541.11,2688,1300,1705,2026-01-08 11:03:00,2026-01-08 11:05:00,READY_FOR_SHIPMENT
PKG-00000242,SN-00000242,EXEC-000081,GIS-245-3150,WOODEN_CRATE,410.78,2413,1229,1594,2026-01-08 11:03:00,2026-01-08 11:05:00,READY_FOR_SHIPMENT
PKG-00000243,SN-00000243,EXEC-000081,GIS-245-3150,WOODEN_CRATE,359.48,1914,1500,2234,2026-01-08 11:03:00,2026-01-08 11:05:00,READY_FOR_SHIPMENT
PKG-00000244,SN-00000244,EXEC-000082,GIS-170-4000,WOODEN_CRATE,381.18,2098,1450,2587,2026-01-08 11:23:00,2026-01-08 11:25:00,READY_FOR_SHIPMENT
PKG-00000245,SN-00000245,EXEC-000082,GIS-170-4000,WOODEN_CRATE,397.18,3196,1384,1848,2026-01-08 11:23:00,2026-01-08 11:25:00,READY_FOR_SHIPMENT
PKG-00000246,SN-00000246,EXEC-000082,GIS-170-4000,WOODEN_CRATE,295.28,3048,1591,1993,2026-01-08 11:23:00,2026-01-08 11:25:00,READY_FOR_SHIPMENT
PKG-00000247,SN-00000247,EXEC-000083,GIS-072-3150,WOODEN_CRATE,434.0,2994,1346,1975,2026-01-08 11:43:00,2026-01-08 11:45:00,READY_FOR_SHIPMENT
PKG-00000248,SN-00000248,EXEC-000083,GIS-072-3150,WOODEN_CRATE,418.29,2320,1670,2022,2026-01-08 11:43:00,2026-01-08 11:45:00,READY_FOR_SHIPMENT
PKG-00000249,SN-00000249,EXEC-000083,GIS-072-3150,WOODEN_CRATE,506.74,2752,1494,1823,2026-01-08 11:43:00,2026-01-08 11:45:00,READY_FOR_SHIPMENT
PKG-00000250,SN-00000250,EXEC-000084,GIS-145-4000,WOODEN_CRATE,251.76,2507,1506,2368,2026-01-08 12:03:00,2026-01-08 12:05:00,READY_FOR_SHIPMENT
PKG-00000251,SN-00000251,EXEC-000084,GIS-145-4000,WOODEN_CRATE,516.83,2735,1509,1907,2026-01-08 12:03:00,2026-01-08 12:05:00,READY_FOR_SHIPMENT
PKG-00000252,SN-00000252,EXEC-000084,GIS-145-4000,WOODEN_CRATE,649.73,2789,1309,1985,2026-01-08 12:03:00,2026-01-08 12:05:00,READY_FOR_SHIPMENT
PKG-00000253,SN-00000253,EXEC-000084,GIS-145-4000,WOODEN_CRATE,383.99,2535,1788,2105,2026-01-08 12:03:00,2026-01-08 12:05:00,READY_FOR_SHIPMENT
PKG-00000254,SN-00000254,EXEC-000085,GIS-072-2500,WOODEN_CRATE,646.86,2404,1222,2310,2026-01-08 12:23:00,2026-01-08 12:25:00,READY_FOR_SHIPMENT
PKG-00000255,SN-00000255,EXEC-000085,GIS-072-2500,WOODEN_CRATE,338.03,2959,1250,2517,2026-01-08 12:23:00,2026-01-08 12:25:00,READY_FOR_SHIPMENT
PKG-00000256,SN-00000256,EXEC-000085,GIS-072-2500,WOODEN_CRATE,578.12,2386,1435,2221,2026-01-08 12:23:00,2026-01-08 12:25:00,READY_FOR_SHIPMENT
PKG-00000257,SN-00000257,EXEC-000085,GIS-072-2500,WOODEN_CRATE,314.17,2189,1456,1780,2026-01-08 12:23:00,2026-01-08 12:25:00,READY_FOR_SHIPMENT
PKG-00000258,SN-00000258,EXEC-000086,GIS-300-4000,WOODEN_CRATE,490.15,3085,1240,2132,2026-01-08 12:43:00,2026-01-08 12:45:00,READY_FOR_SHIPMENT
PKG-00000259,SN-00000259,EXEC-000087,GIS-145-4000,WOODEN_CRATE,559.1,1868,1793,2247,2026-01-08 13:03:00,2026-01-08 13:05:00,READY_FOR_SHIPMENT
PKG-00000260,SN-00000260,EXEC-000087,GIS-145-4000,WOODEN_CRATE,534.91,1984,1502,2169,2026-01-08 13:03:00,2026-01-08 13:05:00,READY_FOR_SHIPMENT
PKG-00000261,SN-00000261,EXEC-000088,GIS-072-2500,WOODEN_CRATE,541.42,2159,1405,1770,2026-01-08 13:23:00,2026-01-08 13:25:00,READY_FOR_SHIPMENT
PKG-00000262,SN-00000262,EXEC-000088,GIS-072-2500,WOODEN_CRATE,558.2,2549,1743,2527,2026-01-08 13:23:00,2026-01-08 13:25:00,READY_FOR_SHIPMENT
PKG-00000263,SN-00000263,EXEC-000088,GIS-072-2500,WOODEN_CRATE,612.8,2136,1463,2486,2026-01-08 13:23:00,2026-01-08 13:25:00,READY_FOR_SHIPMENT
PKG-00000264,SN-00000264,EXEC-000089,GIS-420-5000,WOODEN_CRATE,635.98,2404,1546,1735,2026-01-08 13:43:00,2026-01-08 13:45:00,READY_FOR_SHIPMENT
PKG-00000265,SN-00000265,EXEC-000090,GIS-072-2500,WOODEN_CRATE,421.38,1954,1344,1962,2026-01-08 14:03:00,2026-01-08 14:05:00,READY_FOR_SHIPMENT
PKG-00000266,SN-00000266,EXEC-000090,GIS-072-2500,WOODEN_CRATE,589.86,3181,1606,2249,2026-01-08 14:03:00,2026-01-08 14:05:00,READY_FOR_SHIPMENT
PKG-00000267,SN-00000267,EXEC-000090,GIS-072-2500,WOODEN_CRATE,258.83,2608,1214,2041,2026-01-08 14:03:00,2026-01-08 14:05:00,READY_FOR_SHIPMENT
PKG-00000268,SN-00000268,EXEC-000091,GIS-170-4000,WOODEN_CRATE,450.73,2731,1577,2036,2026-01-08 14:23:00,2026-01-08 14:25:00,READY_FOR_SHIPMENT
PKG-00000269,SN-00000269,EXEC-000091,GIS-170-4000,WOODEN_CRATE,471.36,3107,1580,1721,2026-01-08 14:23:00,2026-01-08 14:25:00,READY_FOR_SHIPMENT
PKG-00000270,SN-00000270,EXEC-000091,GIS-170-4000,WOODEN_CRATE,510.18,2765,1225,2171,2026-01-08 14:23:00,2026-01-08 14:25:00,READY_FOR_SHIPMENT
PKG-00000271,SN-00000271,EXEC-000092,GIS-245-3150,WOODEN_CRATE,613.56,2253,1264,2450,2026-01-09 07:03:00,2026-01-09 07:05:00,READY_FOR_SHIPMENT
PKG-00000272,SN-00000272,EXEC-000092,GIS-245-3150,WOODEN_CRATE,611.04,2418,1618,1738,2026-01-09 07:03:00,2026-01-09 07:05:00,READY_FOR_SHIPMENT
PKG-00000273,SN-00000273,EXEC-000093,GIS-145-3150,WOODEN_CRATE,280.1,1876,1511,2508,2026-01-09 07:23:00,2026-01-09 07:25:00,READY_FOR_SHIPMENT
PKG-00000274,SN-00000274,EXEC-000093,GIS-145-3150,WOODEN_CRATE,269.93,2280,1750,1777,2026-01-09 07:23:00,2026-01-09 07:25:00,READY_FOR_SHIPMENT
PKG-00000275,SN-00000275,EXEC-000093,GIS-145-3150,WOODEN_CRATE,387.12,2559,1753,2358,2026-01-09 07:23:00,2026-01-09 07:25:00,READY_FOR_SHIPMENT
PKG-00000276,SN-00000276,EXEC-000093,GIS-145-3150,WOODEN_CRATE,472.56,2116,1624,1702,2026-01-09 07:23:00,2026-01-09 07:25:00,READY_FOR_SHIPMENT
PKG-00000277,SN-00000277,EXEC-000094,GIS-145-4000,WOODEN_CRATE,578.49,3060,1617,2072,2026-01-09 07:43:00,2026-01-09 07:45:00,READY_FOR_SHIPMENT
PKG-00000278,SN-00000278,EXEC-000094,GIS-145-4000,WOODEN_CRATE,234.07,2558,1422,2408,2026-01-09 07:43:00,2026-01-09 07:45:00,READY_FOR_SHIPMENT
PKG-00000279,SN-00000279,EXEC-000095,GIS-170-4000,WOODEN_CRATE,411.22,2283,1571,1703,2026-01-09 08:03:00,2026-01-09 08:05:00,READY_FOR_SHIPMENT
PKG-00000280,SN-00000280,EXEC-000095,GIS-170-4000,WOODEN_CRATE,641.8,2552,1757,2234,2026-01-09 08:03:00,2026-01-09 08:05:00,READY_FOR_SHIPMENT
PKG-00000281,SN-00000281,EXEC-000096,GIS-072-3150,WOODEN_CRATE,246.04,2365,1394,1750,2026-01-09 08:23:00,2026-01-09 08:25:00,READY_FOR_SHIPMENT
PKG-00000282,SN-00000282,EXEC-000096,GIS-072-3150,WOODEN_CRATE,628.07,2731,1293,1934,2026-01-09 08:23:00,2026-01-09 08:25:00,READY_FOR_SHIPMENT
PKG-00000283,SN-00000283,EXEC-000096,GIS-072-3150,WOODEN_CRATE,495.93,3022,1221,1603,2026-01-09 08:23:00,2026-01-09 08:25:00,READY_FOR_SHIPMENT
PKG-00000284,SN-00000284,EXEC-000096,GIS-072-3150,WOODEN_CRATE,558.32,2298,1328,1920,2026-01-09 08:23:00,2026-01-09 08:25:00,READY_FOR_SHIPMENT
PKG-00000285,SN-00000285,EXEC-000097,GIS-145-3150,WOODEN_CRATE,249.5,2935,1412,1942,2026-01-09 08:43:00,2026-01-09 08:45:00,READY_FOR_SHIPMENT
PKG-00000286,SN-00000286,EXEC-000097,GIS-145-3150,WOODEN_CRATE,569.61,2277,1536,1802,2026-01-09 08:43:00,2026-01-09 08:45:00,READY_FOR_SHIPMENT
PKG-00000287,SN-00000287,EXEC-000098,GIS-145-3150,WOODEN_CRATE,559.12,3020,1202,2067,2026-01-09 09:03:00,2026-01-09 09:05:00,READY_FOR_SHIPMENT
PKG-00000288,SN-00000288,EXEC-000098,GIS-145-3150,WOODEN_CRATE,589.11,2096,1333,2013,2026-01-09 09:03:00,2026-01-09 09:05:00,READY_FOR_SHIPMENT
PKG-00000289,SN-00000289,EXEC-000099,GIS-145-4000,WOODEN_CRATE,563.36,2025,1226,1769,2026-01-09 09:23:00,2026-01-09 09:25:00,READY_FOR_SHIPMENT
PKG-00000290,SN-00000290,EXEC-000099,GIS-145-4000,WOODEN_CRATE,226.39,2287,1531,1532,2026-01-09 09:23:00,2026-01-09 09:25:00,READY_FOR_SHIPMENT
PKG-00000291,SN-00000291,EXEC-000099,GIS-145-4000,WOODEN_CRATE,294.93,1907,1329,2362,2026-01-09 09:23:00,2026-01-09 09:25:00,READY_FOR_SHIPMENT
PKG-00000292,SN-00000292,EXEC-000100,GIS-550-5000,WOODEN_CRATE,446.22,1930,1687,2418,2026-01-09 09:43:00,2026-01-09 09:45:00,READY_FOR_SHIPMENT
PKG-00000293,SN-00000293,EXEC-000101,GIS-072-2500,WOODEN_CRATE,554.55,2851,1311,2425,2026-01-09 10:03:00,2026-01-09 10:05:00,READY_FOR_SHIPMENT
PKG-00000294,SN-00000294,EXEC-000101,GIS-072-2500,WOODEN_CRATE,436.65,3059,1244,2567,2026-01-09 10:03:00,2026-01-09 10:05:00,READY_FOR_SHIPMENT
PKG-00000295,SN-00000295,EXEC-000101,GIS-072-2500,WOODEN_CRATE,349.7,3117,1231,1624,2026-01-09 10:03:00,2026-01-09 10:05:00,READY_FOR_SHIPMENT
PKG-00000296,SN-00000296,EXEC-000101,GIS-072-2500,WOODEN_CRATE,649.39,2622,1636,1721,2026-01-09 10:03:00,2026-01-09 10:05:00,READY_FOR_SHIPMENT
PKG-00000297,SN-00000297,EXEC-000101,GIS-072-2500,WOODEN_CRATE,430.82,2708,1275,1665,2026-01-09 10:03:00,2026-01-09 10:05:00,READY_FOR_SHIPMENT
PKG-00000298,SN-00000298,EXEC-000102,GIS-245-3150,WOODEN_CRATE,358.51,2103,1267,1758,2026-01-09 10:23:00,2026-01-09 10:25:00,READY_FOR_SHIPMENT
PKG-00000299,SN-00000299,EXEC-000103,GIS-420-4000,WOODEN_CRATE,338.26,3096,1799,2165,2026-01-09 10:43:00,2026-01-09 10:45:00,READY_FOR_SHIPMENT
PKG-00000300,SN-00000300,EXEC-000104,GIS-170-4000,WOODEN_CRATE,383.79,3023,1743,2103,2026-01-09 11:03:00,2026-01-09 11:05:00,READY_FOR_SHIPMENT
PKG-00000301,SN-00000301,EXEC-000104,GIS-170-4000,WOODEN_CRATE,415.1,3039,1640,1703,2026-01-09 11:03:00,2026-01-09 11:05:00,READY_FOR_SHIPMENT
PKG-00000302,SN-00000302,EXEC-000104,GIS-170-4000,WOODEN_CRATE,561.03,2034,1764,1940,2026-01-09 11:03:00,2026-01-09 11:05:00,READY_FOR_SHIPMENT
PKG-00000303,SN-00000303,EXEC-000105,GIS-245-3150,WOODEN_CRATE,404.93,2267,1623,2194,2026-01-09 11:23:00,2026-01-09 11:25:00,READY_FOR_SHIPMENT
PKG-00000304,SN-00000304,EXEC-000105,GIS-245-3150,WOODEN_CRATE,575.79,2616,1625,1694,2026-01-09 11:23:00,2026-01-09 11:25:00,READY_FOR_SHIPMENT
PKG-00000305,SN-00000305,EXEC-000106,GIS-072-3150,WOODEN_CRATE,354.4,2440,1461,2266,2026-01-09 11:43:00,2026-01-09 11:45:00,READY_FOR_SHIPMENT
PKG-00000306,SN-00000306,EXEC-000106,GIS-072-3150,WOODEN_CRATE,630.04,2771,1268,1686,2026-01-09 11:43:00,2026-01-09 11:45:00,READY_FOR_SHIPMENT
PKG-00000307,SN-00000307,EXEC-000106,GIS-072-3150,WOODEN_CRATE,577.66,1990,1642,1697,2026-01-09 11:43:00,2026-01-09 11:45:00,READY_FOR_SHIPMENT
PKG-00000308,SN-00000308,EXEC-000107,GIS-145-3150,WOODEN_CRATE,540.17,2563,1333,1622,2026-01-09 12:03:00,2026-01-09 12:05:00,READY_FOR_SHIPMENT
PKG-00000309,SN-00000309,EXEC-000107,GIS-145-3150,WOODEN_CRATE,472.18,2950,1775,2175,2026-01-09 12:03:00,2026-01-09 12:05:00,READY_FOR_SHIPMENT
PKG-00000310,SN-00000310,EXEC-000107,GIS-145-3150,WOODEN_CRATE,508.11,2641,1562,2366,2026-01-09 12:03:00,2026-01-09 12:05:00,READY_FOR_SHIPMENT
PKG-00000311,SN-00000311,EXEC-000108,GIS-145-3150,WOODEN_CRATE,593.28,1905,1494,2139,2026-01-09 12:23:00,2026-01-09 12:25:00,READY_FOR_SHIPMENT
PKG-00000312,SN-00000312,EXEC-000108,GIS-145-3150,WOODEN_CRATE,371.21,2983,1719,1935,2026-01-09 12:23:00,2026-01-09 12:25:00,READY_FOR_SHIPMENT
PKG-00000313,SN-00000313,EXEC-000109,GIS-072-3150,WOODEN_CRATE,286.53,2787,1429,1721,2026-01-09 12:43:00,2026-01-09 12:45:00,READY_FOR_SHIPMENT
PKG-00000314,SN-00000314,EXEC-000109,GIS-072-3150,WOODEN_CRATE,370.55,2939,1576,1735,2026-01-09 12:43:00,2026-01-09 12:45:00,READY_FOR_SHIPMENT
PKG-00000315,SN-00000315,EXEC-000109,GIS-072-3150,WOODEN_CRATE,547.92,2975,1431,2378,2026-01-09 12:43:00,2026-01-09 12:45:00,READY_FOR_SHIPMENT
PKG-00000316,SN-00000316,EXEC-000109,GIS-072-3150,WOODEN_CRATE,583.42,3073,1770,1553,2026-01-09 12:43:00,2026-01-09 12:45:00,READY_FOR_SHIPMENT
PKG-00000317,SN-00000317,EXEC-000109,GIS-072-3150,WOODEN_CRATE,481.87,3147,1473,1559,2026-01-09 12:43:00,2026-01-09 12:45:00,READY_FOR_SHIPMENT
PKG-00000318,SN-00000318,EXEC-000110,GIS-245-3150,WOODEN_CRATE,297.58,2432,1547,2218,2026-01-09 13:03:00,2026-01-09 13:05:00,READY_FOR_SHIPMENT
PKG-00000319,SN-00000319,EXEC-000110,GIS-245-3150,WOODEN_CRATE,222.63,2093,1779,2320,2026-01-09 13:03:00,2026-01-09 13:05:00,READY_FOR_SHIPMENT
PKG-00000320,SN-00000320,EXEC-000110,GIS-245-3150,WOODEN_CRATE,249.92,3096,1231,1687,2026-01-09 13:03:00,2026-01-09 13:05:00,READY_FOR_SHIPMENT
PKG-00000321,SN-00000321,EXEC-000111,GIS-420-5000,WOODEN_CRATE,540.83,2240,1585,2359,2026-01-10 07:03:00,2026-01-10 07:05:00,READY_FOR_SHIPMENT
PKG-00000322,SN-00000322,EXEC-000112,GIS-300-4000,WOODEN_CRATE,415.07,2122,1578,2138,2026-01-10 07:23:00,2026-01-10 07:25:00,READY_FOR_SHIPMENT
PKG-00000323,SN-00000323,EXEC-000113,GIS-072-2500,WOODEN_CRATE,530.29,2962,1286,1607,2026-01-10 07:43:00,2026-01-10 07:45:00,READY_FOR_SHIPMENT
PKG-00000324,SN-00000324,EXEC-000113,GIS-072-2500,WOODEN_CRATE,286.9,3065,1250,1667,2026-01-10 07:43:00,2026-01-10 07:45:00,READY_FOR_SHIPMENT
PKG-00000325,SN-00000325,EXEC-000113,GIS-072-2500,WOODEN_CRATE,337.0,3155,1634,2494,2026-01-10 07:43:00,2026-01-10 07:45:00,READY_FOR_SHIPMENT
PKG-00000326,SN-00000326,EXEC-000113,GIS-072-2500,WOODEN_CRATE,481.04,2648,1479,1941,2026-01-10 07:43:00,2026-01-10 07:45:00,READY_FOR_SHIPMENT
PKG-00000327,SN-00000327,EXEC-000114,GIS-245-4000,WOODEN_CRATE,544.63,2033,1553,2380,2026-01-10 08:03:00,2026-01-10 08:05:00,READY_FOR_SHIPMENT
PKG-00000328,SN-00000328,EXEC-000115,GIS-072-3150,WOODEN_CRATE,267.68,3188,1698,2579,2026-01-10 08:23:00,2026-01-10 08:25:00,READY_FOR_SHIPMENT
PKG-00000329,SN-00000329,EXEC-000115,GIS-072-3150,WOODEN_CRATE,506.87,1893,1425,2309,2026-01-10 08:23:00,2026-01-10 08:25:00,READY_FOR_SHIPMENT
PKG-00000330,SN-00000330,EXEC-000115,GIS-072-3150,WOODEN_CRATE,643.31,1912,1207,1918,2026-01-10 08:23:00,2026-01-10 08:25:00,READY_FOR_SHIPMENT
PKG-00000331,SN-00000331,EXEC-000116,GIS-145-3150,WOODEN_CRATE,349.61,2232,1340,2023,2026-01-10 08:43:00,2026-01-10 08:45:00,READY_FOR_SHIPMENT
PKG-00000332,SN-00000332,EXEC-000116,GIS-145-3150,WOODEN_CRATE,344.46,2045,1207,2518,2026-01-10 08:43:00,2026-01-10 08:45:00,READY_FOR_SHIPMENT
PKG-00000333,SN-00000333,EXEC-000116,GIS-145-3150,WOODEN_CRATE,541.22,2159,1332,2278,2026-01-10 08:43:00,2026-01-10 08:45:00,READY_FOR_SHIPMENT
PKG-00000334,SN-00000334,EXEC-000116,GIS-145-3150,WOODEN_CRATE,449.01,2271,1712,2225,2026-01-10 08:43:00,2026-01-10 08:45:00,READY_FOR_SHIPMENT
PKG-00000335,SN-00000335,EXEC-000117,GIS-145-3150,WOODEN_CRATE,250.99,1886,1646,1538,2026-01-10 09:03:00,2026-01-10 09:05:00,READY_FOR_SHIPMENT
PKG-00000336,SN-00000336,EXEC-000117,GIS-145-3150,WOODEN_CRATE,417.69,1959,1520,2379,2026-01-10 09:03:00,2026-01-10 09:05:00,READY_FOR_SHIPMENT
PKG-00000337,SN-00000337,EXEC-000117,GIS-145-3150,WOODEN_CRATE,466.56,3111,1627,2092,2026-01-10 09:03:00,2026-01-10 09:05:00,READY_FOR_SHIPMENT
PKG-00000338,SN-00000338,EXEC-000117,GIS-145-3150,WOODEN_CRATE,269.52,1842,1532,1851,2026-01-10 09:03:00,2026-01-10 09:05:00,READY_FOR_SHIPMENT
PKG-00000339,SN-00000339,EXEC-000118,GIS-420-5000,WOODEN_CRATE,564.57,3065,1671,2241,2026-01-10 09:23:00,2026-01-10 09:25:00,READY_FOR_SHIPMENT
PKG-00000340,SN-00000340,EXEC-000119,GIS-550-5000,WOODEN_CRATE,257.9,2016,1449,2392,2026-01-10 09:43:00,2026-01-10 09:45:00,READY_FOR_SHIPMENT
PKG-00000341,SN-00000341,EXEC-000120,GIS-420-4000,WOODEN_CRATE,473.21,2873,1280,2310,2026-01-10 10:03:00,2026-01-10 10:05:00,READY_FOR_SHIPMENT
PKG-00000342,SN-00000342,EXEC-000121,GIS-420-5000,WOODEN_CRATE,594.33,2495,1426,2182,2026-01-10 10:23:00,2026-01-10 10:25:00,READY_FOR_SHIPMENT
PKG-00000343,SN-00000343,EXEC-000121,GIS-420-5000,WOODEN_CRATE,555.02,1956,1722,1733,2026-01-10 10:23:00,2026-01-10 10:25:00,READY_FOR_SHIPMENT
PKG-00000344,SN-00000344,EXEC-000122,GIS-300-4000,WOODEN_CRATE,448.16,2197,1557,2219,2026-01-10 10:43:00,2026-01-10 10:45:00,READY_FOR_SHIPMENT
PKG-00000345,SN-00000345,EXEC-000123,GIS-245-4000,WOODEN_CRATE,532.77,3121,1351,1983,2026-01-10 11:03:00,2026-01-10 11:05:00,READY_FOR_SHIPMENT
PKG-00000346,SN-00000346,EXEC-000124,GIS-072-2500,WOODEN_CRATE,264.21,2324,1402,1855,2026-01-10 11:23:00,2026-01-10 11:25:00,READY_FOR_SHIPMENT
PKG-00000347,SN-00000347,EXEC-000124,GIS-072-2500,WOODEN_CRATE,479.03,3142,1277,1862,2026-01-10 11:23:00,2026-01-10 11:25:00,READY_FOR_SHIPMENT
PKG-00000348,SN-00000348,EXEC-000124,GIS-072-2500,WOODEN_CRATE,629.06,3086,1705,2450,2026-01-10 11:23:00,2026-01-10 11:25:00,READY_FOR_SHIPMENT
PKG-00000349,SN-00000349,EXEC-000124,GIS-072-2500,WOODEN_CRATE,544.41,2986,1659,2161,2026-01-10 11:23:00,2026-01-10 11:25:00,READY_FOR_SHIPMENT
PKG-00000350,SN-00000350,EXEC-000125,GIS-300-4000,WOODEN_CRATE,591.63,3084,1523,1809,2026-01-10 11:43:00,2026-01-10 11:45:00,READY_FOR_SHIPMENT
PKG-00000351,SN-00000351,EXEC-000125,GIS-300-4000,WOODEN_CRATE,409.1,2760,1652,2120,2026-01-10 11:43:00,2026-01-10 11:45:00,READY_FOR_SHIPMENT
PKG-00000352,SN-00000352,EXEC-000126,GIS-300-4000,WOODEN_CRATE,562.42,3011,1257,2220,2026-01-10 12:03:00,2026-01-10 12:05:00,READY_FOR_SHIPMENT
PKG-00000353,SN-00000353,EXEC-000127,GIS-245-3150,WOODEN_CRATE,438.15,2435,1672,2425,2026-01-10 12:23:00,2026-01-10 12:25:00,READY_FOR_SHIPMENT
PKG-00000354,SN-00000354,EXEC-000127,GIS-245-3150,WOODEN_CRATE,236.17,2555,1493,1657,2026-01-10 12:23:00,2026-01-10 12:25:00,READY_FOR_SHIPMENT
PKG-00000355,SN-00000355,EXEC-000128,GIS-300-4000,WOODEN_CRATE,497.21,1984,1719,2287,2026-01-10 12:43:00,2026-01-10 12:45:00,READY_FOR_SHIPMENT
PKG-00000356,SN-00000356,EXEC-000128,GIS-300-4000,WOODEN_CRATE,418.97,2935,1242,2421,2026-01-10 12:43:00,2026-01-10 12:45:00,READY_FOR_SHIPMENT
PKG-00000357,SN-00000357,EXEC-000129,GIS-145-3150,WOODEN_CRATE,610.89,2970,1392,2158,2026-01-11 07:03:00,2026-01-11 07:05:00,READY_FOR_SHIPMENT
PKG-00000358,SN-00000358,EXEC-000129,GIS-145-3150,WOODEN_CRATE,480.15,2826,1354,1626,2026-01-11 07:03:00,2026-01-11 07:05:00,READY_FOR_SHIPMENT
PKG-00000359,SN-00000359,EXEC-000129,GIS-145-3150,WOODEN_CRATE,413.72,2503,1286,2533,2026-01-11 07:03:00,2026-01-11 07:05:00,READY_FOR_SHIPMENT
PKG-00000360,SN-00000360,EXEC-000129,GIS-145-3150,WOODEN_CRATE,497.83,1880,1453,2396,2026-01-11 07:03:00,2026-01-11 07:05:00,READY_FOR_SHIPMENT
PKG-00000361,SN-00000361,EXEC-000130,GIS-072-2500,WOODEN_CRATE,646.12,2873,1735,1825,2026-01-11 07:23:00,2026-01-11 07:25:00,READY_FOR_SHIPMENT
PKG-00000362,SN-00000362,EXEC-000130,GIS-072-2500,WOODEN_CRATE,376.48,2379,1596,2337,2026-01-11 07:23:00,2026-01-11 07:25:00,READY_FOR_SHIPMENT
PKG-00000363,SN-00000363,EXEC-000130,GIS-072-2500,WOODEN_CRATE,553.02,3190,1253,2185,2026-01-11 07:23:00,2026-01-11 07:25:00,READY_FOR_SHIPMENT
PKG-00000364,SN-00000364,EXEC-000130,GIS-072-2500,WOODEN_CRATE,248.34,1993,1771,2291,2026-01-11 07:23:00,2026-01-11 07:25:00,READY_FOR_SHIPMENT
PKG-00000365,SN-00000365,EXEC-000131,GIS-550-5000,WOODEN_CRATE,342.18,3144,1353,2182,2026-01-11 07:43:00,2026-01-11 07:45:00,READY_FOR_SHIPMENT
PKG-00000366,SN-00000366,EXEC-000132,GIS-072-2500,WOODEN_CRATE,255.05,3159,1344,2216,2026-01-11 08:03:00,2026-01-11 08:05:00,READY_FOR_SHIPMENT
PKG-00000367,SN-00000367,EXEC-000132,GIS-072-2500,WOODEN_CRATE,353.4,3143,1601,1764,2026-01-11 08:03:00,2026-01-11 08:05:00,READY_FOR_SHIPMENT
PKG-00000368,SN-00000368,EXEC-000132,GIS-072-2500,WOODEN_CRATE,475.87,1973,1517,2271,2026-01-11 08:03:00,2026-01-11 08:05:00,READY_FOR_SHIPMENT
PKG-00000369,SN-00000369,EXEC-000132,GIS-072-2500,WOODEN_CRATE,496.7,2472,1330,2578,2026-01-11 08:03:00,2026-01-11 08:05:00,READY_FOR_SHIPMENT
PKG-00000370,SN-00000370,EXEC-000133,GIS-245-4000,WOODEN_CRATE,260.18,3173,1633,2541,2026-01-11 08:23:00,2026-01-11 08:25:00,READY_FOR_SHIPMENT
PKG-00000371,SN-00000371,EXEC-000133,GIS-245-4000,WOODEN_CRATE,375.59,2542,1516,1869,2026-01-11 08:23:00,2026-01-11 08:25:00,READY_FOR_SHIPMENT
PKG-00000372,SN-00000372,EXEC-000134,GIS-145-4000,WOODEN_CRATE,629.0,2499,1697,1893,2026-01-11 08:43:00,2026-01-11 08:45:00,READY_FOR_SHIPMENT
PKG-00000373,SN-00000373,EXEC-000134,GIS-145-4000,WOODEN_CRATE,317.41,2081,1358,1658,2026-01-11 08:43:00,2026-01-11 08:45:00,READY_FOR_SHIPMENT
PKG-00000374,SN-00000374,EXEC-000134,GIS-145-4000,WOODEN_CRATE,347.19,2007,1719,2578,2026-01-11 08:43:00,2026-01-11 08:45:00,READY_FOR_SHIPMENT
PKG-00000375,SN-00000375,EXEC-000135,GIS-072-3150,WOODEN_CRATE,236.23,2489,1334,2271,2026-01-11 09:03:00,2026-01-11 09:05:00,READY_FOR_SHIPMENT
PKG-00000376,SN-00000376,EXEC-000135,GIS-072-3150,WOODEN_CRATE,286.33,2170,1369,2396,2026-01-11 09:03:00,2026-01-11 09:05:00,READY_FOR_SHIPMENT
PKG-00000377,SN-00000377,EXEC-000135,GIS-072-3150,WOODEN_CRATE,238.79,2546,1443,2409,2026-01-11 09:03:00,2026-01-11 09:05:00,READY_FOR_SHIPMENT
PKG-00000378,SN-00000378,EXEC-000136,GIS-072-2500,WOODEN_CRATE,482.56,2719,1439,2593,2026-01-11 09:23:00,2026-01-11 09:25:00,READY_FOR_SHIPMENT
PKG-00000379,SN-00000379,EXEC-000136,GIS-072-2500,WOODEN_CRATE,322.84,2760,1398,2253,2026-01-11 09:23:00,2026-01-11 09:25:00,READY_FOR_SHIPMENT
PKG-00000380,SN-00000380,EXEC-000136,GIS-072-2500,WOODEN_CRATE,511.67,2968,1651,2445,2026-01-11 09:23:00,2026-01-11 09:25:00,READY_FOR_SHIPMENT
PKG-00000381,SN-00000381,EXEC-000136,GIS-072-2500,WOODEN_CRATE,550.86,2582,1714,2580,2026-01-11 09:23:00,2026-01-11 09:25:00,READY_FOR_SHIPMENT
PKG-00000382,SN-00000382,EXEC-000136,GIS-072-2500,WOODEN_CRATE,400.02,2131,1404,1783,2026-01-11 09:23:00,2026-01-11 09:25:00,READY_FOR_SHIPMENT
PKG-00000383,SN-00000383,EXEC-000137,GIS-420-5000,WOODEN_CRATE,595.39,1906,1692,2260,2026-01-11 09:43:00,2026-01-11 09:45:00,READY_FOR_SHIPMENT
PKG-00000384,SN-00000384,EXEC-000138,GIS-072-2500,WOODEN_CRATE,458.45,2010,1728,1755,2026-01-11 10:03:00,2026-01-11 10:05:00,READY_FOR_SHIPMENT
PKG-00000385,SN-00000385,EXEC-000138,GIS-072-2500,WOODEN_CRATE,342.58,2128,1479,2420,2026-01-11 10:03:00,2026-01-11 10:05:00,READY_FOR_SHIPMENT
PKG-00000386,SN-00000386,EXEC-000138,GIS-072-2500,WOODEN_CRATE,609.28,2101,1647,1687,2026-01-11 10:03:00,2026-01-11 10:05:00,READY_FOR_SHIPMENT
PKG-00000387,SN-00000387,EXEC-000138,GIS-072-2500,WOODEN_CRATE,626.96,2254,1661,2215,2026-01-11 10:03:00,2026-01-11 10:05:00,READY_FOR_SHIPMENT
PKG-00000388,SN-00000388,EXEC-000138,GIS-072-2500,WOODEN_CRATE,620.1,2649,1254,2311,2026-01-11 10:03:00,2026-01-11 10:05:00,READY_FOR_SHIPMENT
PKG-00000389,SN-00000389,EXEC-000139,GIS-170-4000,WOODEN_CRATE,435.86,2282,1595,1667,2026-01-11 10:23:00,2026-01-11 10:25:00,READY_FOR_SHIPMENT
PKG-00000390,SN-00000390,EXEC-000139,GIS-170-4000,WOODEN_CRATE,381.21,1857,1526,1702,2026-01-11 10:23:00,2026-01-11 10:25:00,READY_FOR_SHIPMENT
PKG-00000391,SN-00000391,EXEC-000140,GIS-145-3150,WOODEN_CRATE,580.85,3131,1543,1799,2026-01-11 10:43:00,2026-01-11 10:45:00,READY_FOR_SHIPMENT
PKG-00000392,SN-00000392,EXEC-000140,GIS-145-3150,WOODEN_CRATE,279.17,2387,1683,1784,2026-01-11 10:43:00,2026-01-11 10:45:00,READY_FOR_SHIPMENT
PKG-00000393,SN-00000393,EXEC-000140,GIS-145-3150,WOODEN_CRATE,546.3,2760,1659,1510,2026-01-11 10:43:00,2026-01-11 10:45:00,READY_FOR_SHIPMENT
PKG-00000394,SN-00000394,EXEC-000141,GIS-145-3150,WOODEN_CRATE,609.52,1838,1462,1941,2026-01-11 11:03:00,2026-01-11 11:05:00,READY_FOR_SHIPMENT
PKG-00000395,SN-00000395,EXEC-000141,GIS-145-3150,WOODEN_CRATE,579.03,2923,1740,2366,2026-01-11 11:03:00,2026-01-11 11:05:00,READY_FOR_SHIPMENT
PKG-00000396,SN-00000396,EXEC-000141,GIS-145-3150,WOODEN_CRATE,267.81,2390,1443,2116,2026-01-11 11:03:00,2026-01-11 11:05:00,READY_FOR_SHIPMENT
PKG-00000397,SN-00000397,EXEC-000141,GIS-145-3150,WOODEN_CRATE,272.39,2288,1629,2436,2026-01-11 11:03:00,2026-01-11 11:05:00,READY_FOR_SHIPMENT
PKG-00000398,SN-00000398,EXEC-000142,GIS-072-2500,WOODEN_CRATE,247.01,2823,1748,1533,2026-01-11 11:23:00,2026-01-11 11:25:00,READY_FOR_SHIPMENT
PKG-00000399,SN-00000399,EXEC-000142,GIS-072-2500,WOODEN_CRATE,491.74,2977,1447,1794,2026-01-11 11:23:00,2026-01-11 11:25:00,READY_FOR_SHIPMENT
PKG-00000400,SN-00000400,EXEC-000142,GIS-072-2500,WOODEN_CRATE,345.25,1803,1561,1992,2026-01-11 11:23:00,2026-01-11 11:25:00,READY_FOR_SHIPMENT
PKG-00000401,SN-00000401,EXEC-000142,GIS-072-2500,WOODEN_CRATE,465.39,2183,1287,2572,2026-01-11 11:23:00,2026-01-11 11:25:00,READY_FOR_SHIPMENT
PKG-00000402,SN-00000402,EXEC-000143,GIS-145-3150,WOODEN_CRATE,639.1,1938,1738,2539,2026-01-11 11:43:00,2026-01-11 11:45:00,READY_FOR_SHIPMENT
PKG-00000403,SN-00000403,EXEC-000143,GIS-145-3150,WOODEN_CRATE,558.16,2839,1767,1541,2026-01-11 11:43:00,2026-01-11 11:45:00,READY_FOR_SHIPMENT
PKG-00000404,SN-00000404,EXEC-000143,GIS-145-3150,WOODEN_CRATE,387.9,2762,1244,2292,2026-01-11 11:43:00,2026-01-11 11:45:00,READY_FOR_SHIPMENT
PKG-00000405,SN-00000405,EXEC-000143,GIS-145-3150,WOODEN_CRATE,641.85,2319,1216,2231,2026-01-11 11:43:00,2026-01-11 11:45:00,READY_FOR_SHIPMENT
PKG-00000406,SN-00000406,EXEC-000144,GIS-170-4000,WOODEN_CRATE,559.06,2506,1446,1712,2026-01-11 12:03:00,2026-01-11 12:05:00,READY_FOR_SHIPMENT
PKG-00000407,SN-00000407,EXEC-000144,GIS-170-4000,WOODEN_CRATE,551.75,2480,1336,1590,2026-01-11 12:03:00,2026-01-11 12:05:00,READY_FOR_SHIPMENT
PKG-00000408,SN-00000408,EXEC-000144,GIS-170-4000,WOODEN_CRATE,371.49,2493,1379,2451,2026-01-11 12:03:00,2026-01-11 12:05:00,READY_FOR_SHIPMENT
PKG-00000409,SN-00000409,EXEC-000145,GIS-300-4000,WOODEN_CRATE,641.75,2780,1386,1776,2026-01-11 12:23:00,2026-01-11 12:25:00,READY_FOR_SHIPMENT
PKG-00000410,SN-00000410,EXEC-000145,GIS-300-4000,WOODEN_CRATE,247.13,2737,1237,2100,2026-01-11 12:23:00,2026-01-11 12:25:00,READY_FOR_SHIPMENT
PKG-00000411,SN-00000411,EXEC-000146,GIS-145-3150,WOODEN_CRATE,306.68,2208,1242,2146,2026-01-11 12:43:00,2026-01-11 12:45:00,READY_FOR_SHIPMENT
PKG-00000412,SN-00000412,EXEC-000146,GIS-145-3150,WOODEN_CRATE,621.35,2855,1607,2469,2026-01-11 12:43:00,2026-01-11 12:45:00,READY_FOR_SHIPMENT
PKG-00000413,SN-00000413,EXEC-000146,GIS-145-3150,WOODEN_CRATE,328.92,3124,1395,2085,2026-01-11 12:43:00,2026-01-11 12:45:00,READY_FOR_SHIPMENT
PKG-00000414,SN-00000414,EXEC-000146,GIS-145-3150,WOODEN_CRATE,373.5,1897,1539,2059,2026-01-11 12:43:00,2026-01-11 12:45:00,READY_FOR_SHIPMENT
PKG-00000415,SN-00000415,EXEC-000147,GIS-145-3150,WOODEN_CRATE,273.52,2553,1647,2319,2026-01-11 13:03:00,2026-01-11 13:05:00,READY_FOR_SHIPMENT
PKG-00000416,SN-00000416,EXEC-000147,GIS-145-3150,WOODEN_CRATE,539.62,2591,1547,1882,2026-01-11 13:03:00,2026-01-11 13:05:00,READY_FOR_SHIPMENT
PKG-00000417,SN-00000417,EXEC-000147,GIS-145-3150,WOODEN_CRATE,433.37,2818,1576,2563,2026-01-11 13:03:00,2026-01-11 13:05:00,READY_FOR_SHIPMENT
PKG-00000418,SN-00000418,EXEC-000148,GIS-072-3150,WOODEN_CRATE,334.69,1969,1634,1661,2026-01-11 13:23:00,2026-01-11 13:25:00,READY_FOR_SHIPMENT
PKG-00000419,SN-00000419,EXEC-000148,GIS-072-3150,WOODEN_CRATE,405.16,2169,1758,2101,2026-01-11 13:23:00,2026-01-11 13:25:00,READY_FOR_SHIPMENT
PKG-00000420,SN-00000420,EXEC-000148,GIS-072-3150,WOODEN_CRATE,358.12,1963,1535,2105,2026-01-11 13:23:00,2026-01-11 13:25:00,READY_FOR_SHIPMENT
PKG-00000421,SN-00000421,EXEC-000148,GIS-072-3150,WOODEN_CRATE,351.79,3034,1636,1841,2026-01-11 13:23:00,2026-01-11 13:25:00,READY_FOR_SHIPMENT
PKG-00000422,SN-00000422,EXEC-000149,GIS-420-5000,WOODEN_CRATE,516.6,2519,1657,1586,2026-01-11 13:43:00,2026-01-11 13:45:00,READY_FOR_SHIPMENT
PKG-00000423,SN-00000423,EXEC-000150,GIS-072-3150,WOODEN_CRATE,532.53,2522,1645,2062,2026-01-11 14:03:00,2026-01-11 14:05:00,READY_FOR_SHIPMENT
PKG-00000424,SN-00000424,EXEC-000150,GIS-072-3150,WOODEN_CRATE,494.97,1917,1276,2331,2026-01-11 14:03:00,2026-01-11 14:05:00,READY_FOR_SHIPMENT
PKG-00000425,SN-00000425,EXEC-000150,GIS-072-3150,WOODEN_CRATE,376.22,3191,1363,1563,2026-01-11 14:03:00,2026-01-11 14:05:00,READY_FOR_SHIPMENT
PKG-00000426,SN-00000426,EXEC-000150,GIS-072-3150,WOODEN_CRATE,281.4,3044,1648,1571,2026-01-11 14:03:00,2026-01-11 14:05:00,READY_FOR_SHIPMENT
PKG-00000427,SN-00000427,EXEC-000150,GIS-072-3150,WOODEN_CRATE,274.28,2283,1575,2241,2026-01-11 14:03:00,2026-01-11 14:05:00,READY_FOR_SHIPMENT
PKG-00000428,SN-00000428,EXEC-000151,GIS-072-2500,WOODEN_CRATE,384.63,2961,1233,1814,2026-01-12 07:03:00,2026-01-12 07:05:00,READY_FOR_SHIPMENT
PKG-00000429,SN-00000429,EXEC-000151,GIS-072-2500,WOODEN_CRATE,512.0,2559,1580,2409,2026-01-12 07:03:00,2026-01-12 07:05:00,READY_FOR_SHIPMENT
PKG-00000430,SN-00000430,EXEC-000151,GIS-072-2500,WOODEN_CRATE,548.13,2975,1340,2584,2026-01-12 07:03:00,2026-01-12 07:05:00,READY_FOR_SHIPMENT
PKG-00000431,SN-00000431,EXEC-000152,GIS-072-3150,WOODEN_CRATE,377.79,2443,1485,2011,2026-01-12 07:23:00,2026-01-12 07:25:00,READY_FOR_SHIPMENT
PKG-00000432,SN-00000432,EXEC-000152,GIS-072-3150,WOODEN_CRATE,633.02,1853,1390,2522,2026-01-12 07:23:00,2026-01-12 07:25:00,READY_FOR_SHIPMENT
PKG-00000433,SN-00000433,EXEC-000152,GIS-072-3150,WOODEN_CRATE,442.63,2950,1320,2036,2026-01-12 07:23:00,2026-01-12 07:25:00,READY_FOR_SHIPMENT
PKG-00000434,SN-00000434,EXEC-000153,GIS-072-2500,WOODEN_CRATE,553.23,2713,1419,2084,2026-01-12 07:43:00,2026-01-12 07:45:00,READY_FOR_SHIPMENT
PKG-00000435,SN-00000435,EXEC-000153,GIS-072-2500,WOODEN_CRATE,518.41,2805,1404,1751,2026-01-12 07:43:00,2026-01-12 07:45:00,READY_FOR_SHIPMENT
PKG-00000436,SN-00000436,EXEC-000153,GIS-072-2500,WOODEN_CRATE,278.36,1951,1662,1853,2026-01-12 07:43:00,2026-01-12 07:45:00,READY_FOR_SHIPMENT
PKG-00000437,SN-00000437,EXEC-000153,GIS-072-2500,WOODEN_CRATE,606.43,2711,1289,2154,2026-01-12 07:43:00,2026-01-12 07:45:00,READY_FOR_SHIPMENT
PKG-00000438,SN-00000438,EXEC-000154,GIS-245-4000,WOODEN_CRATE,507.17,1932,1763,2094,2026-01-12 08:03:00,2026-01-12 08:05:00,READY_FOR_SHIPMENT
PKG-00000439,SN-00000439,EXEC-000154,GIS-245-4000,WOODEN_CRATE,603.27,2122,1378,2240,2026-01-12 08:03:00,2026-01-12 08:05:00,READY_FOR_SHIPMENT
PKG-00000440,SN-00000440,EXEC-000155,GIS-170-4000,WOODEN_CRATE,438.76,2048,1405,1784,2026-01-12 08:23:00,2026-01-12 08:25:00,READY_FOR_SHIPMENT
PKG-00000441,SN-00000441,EXEC-000155,GIS-170-4000,WOODEN_CRATE,321.8,2811,1226,2239,2026-01-12 08:23:00,2026-01-12 08:25:00,READY_FOR_SHIPMENT
PKG-00000442,SN-00000442,EXEC-000156,GIS-145-3150,WOODEN_CRATE,458.23,2555,1678,1765,2026-01-12 08:43:00,2026-01-12 08:45:00,READY_FOR_SHIPMENT
PKG-00000443,SN-00000443,EXEC-000156,GIS-145-3150,WOODEN_CRATE,483.14,1976,1267,2133,2026-01-12 08:43:00,2026-01-12 08:45:00,READY_FOR_SHIPMENT
PKG-00000444,SN-00000444,EXEC-000156,GIS-145-3150,WOODEN_CRATE,391.21,2780,1738,2341,2026-01-12 08:43:00,2026-01-12 08:45:00,READY_FOR_SHIPMENT
PKG-00000445,SN-00000445,EXEC-000157,GIS-245-3150,WOODEN_CRATE,550.74,2977,1275,1756,2026-01-12 09:03:00,2026-01-12 09:05:00,READY_FOR_SHIPMENT
PKG-00000446,SN-00000446,EXEC-000158,GIS-300-4000,WOODEN_CRATE,638.12,3115,1275,2421,2026-01-12 09:23:00,2026-01-12 09:25:00,READY_FOR_SHIPMENT
PKG-00000447,SN-00000447,EXEC-000159,GIS-072-3150,WOODEN_CRATE,420.31,2859,1552,1762,2026-01-12 09:43:00,2026-01-12 09:45:00,READY_FOR_SHIPMENT
PKG-00000448,SN-00000448,EXEC-000159,GIS-072-3150,WOODEN_CRATE,597.52,2929,1386,1764,2026-01-12 09:43:00,2026-01-12 09:45:00,READY_FOR_SHIPMENT
PKG-00000449,SN-00000449,EXEC-000159,GIS-072-3150,WOODEN_CRATE,406.03,1913,1327,2561,2026-01-12 09:43:00,2026-01-12 09:45:00,READY_FOR_SHIPMENT
PKG-00000450,SN-00000450,EXEC-000159,GIS-072-3150,WOODEN_CRATE,285.8,2137,1365,2160,2026-01-12 09:43:00,2026-01-12 09:45:00,READY_FOR_SHIPMENT
PKG-00000451,SN-00000451,EXEC-000159,GIS-072-3150,WOODEN_CRATE,621.94,2261,1554,2562,2026-01-12 09:43:00,2026-01-12 09:45:00,READY_FOR_SHIPMENT
PKG-00000452,SN-00000452,EXEC-000160,GIS-072-2500,WOODEN_CRATE,604.82,1961,1456,1902,2026-01-12 10:03:00,2026-01-12 10:05:00,READY_FOR_SHIPMENT
PKG-00000453,SN-00000453,EXEC-000160,GIS-072-2500,WOODEN_CRATE,493.07,2928,1481,1756,2026-01-12 10:03:00,2026-01-12 10:05:00,READY_FOR_SHIPMENT
PKG-00000454,SN-00000454,EXEC-000160,GIS-072-2500,WOODEN_CRATE,488.76,3058,1746,1691,2026-01-12 10:03:00,2026-01-12 10:05:00,READY_FOR_SHIPMENT
PKG-00000455,SN-00000455,EXEC-000161,GIS-072-2500,WOODEN_CRATE,436.11,2145,1794,1815,2026-01-12 10:23:00,2026-01-12 10:25:00,READY_FOR_SHIPMENT
PKG-00000456,SN-00000456,EXEC-000161,GIS-072-2500,WOODEN_CRATE,293.62,3078,1545,1584,2026-01-12 10:23:00,2026-01-12 10:25:00,READY_FOR_SHIPMENT
PKG-00000457,SN-00000457,EXEC-000161,GIS-072-2500,WOODEN_CRATE,574.85,1858,1283,1593,2026-01-12 10:23:00,2026-01-12 10:25:00,READY_FOR_SHIPMENT
PKG-00000458,SN-00000458,EXEC-000162,GIS-245-3150,WOODEN_CRATE,627.88,2981,1471,1931,2026-01-12 10:43:00,2026-01-12 10:45:00,READY_FOR_SHIPMENT
PKG-00000459,SN-00000459,EXEC-000162,GIS-245-3150,WOODEN_CRATE,549.79,2653,1231,2519,2026-01-12 10:43:00,2026-01-12 10:45:00,READY_FOR_SHIPMENT
PKG-00000460,SN-00000460,EXEC-000162,GIS-245-3150,WOODEN_CRATE,602.27,2917,1496,2118,2026-01-12 10:43:00,2026-01-12 10:45:00,READY_FOR_SHIPMENT
PKG-00000461,SN-00000461,EXEC-000163,GIS-420-5000,WOODEN_CRATE,427.67,2631,1504,2428,2026-01-12 11:03:00,2026-01-12 11:05:00,READY_FOR_SHIPMENT
PKG-00000462,SN-00000462,EXEC-000163,GIS-420-5000,WOODEN_CRATE,251.38,1922,1361,2400,2026-01-12 11:03:00,2026-01-12 11:05:00,READY_FOR_SHIPMENT
PKG-00000463,SN-00000463,EXEC-000164,GIS-245-3150,WOODEN_CRATE,398.72,2751,1408,2196,2026-01-12 11:23:00,2026-01-12 11:25:00,READY_FOR_SHIPMENT
PKG-00000464,SN-00000464,EXEC-000164,GIS-245-3150,WOODEN_CRATE,480.86,2440,1526,2207,2026-01-12 11:23:00,2026-01-12 11:25:00,READY_FOR_SHIPMENT
PKG-00000465,SN-00000465,EXEC-000164,GIS-245-3150,WOODEN_CRATE,639.41,2067,1579,2554,2026-01-12 11:23:00,2026-01-12 11:25:00,READY_FOR_SHIPMENT
PKG-00000466,SN-00000466,EXEC-000165,GIS-420-4000,WOODEN_CRATE,461.51,2453,1447,2455,2026-01-12 11:43:00,2026-01-12 11:45:00,READY_FOR_SHIPMENT
PKG-00000467,SN-00000467,EXEC-000165,GIS-420-4000,WOODEN_CRATE,272.68,2720,1453,1788,2026-01-12 11:43:00,2026-01-12 11:45:00,READY_FOR_SHIPMENT
PKG-00000468,SN-00000468,EXEC-000166,GIS-245-4000,WOODEN_CRATE,261.63,2394,1593,2356,2026-01-12 12:03:00,2026-01-12 12:05:00,READY_FOR_SHIPMENT
PKG-00000469,SN-00000469,EXEC-000166,GIS-245-4000,WOODEN_CRATE,326.76,2127,1535,2140,2026-01-12 12:03:00,2026-01-12 12:05:00,READY_FOR_SHIPMENT
PKG-00000470,SN-00000470,EXEC-000167,GIS-245-4000,WOODEN_CRATE,301.63,2126,1710,2554,2026-01-12 12:23:00,2026-01-12 12:25:00,READY_FOR_SHIPMENT
PKG-00000471,SN-00000471,EXEC-000167,GIS-245-4000,WOODEN_CRATE,420.73,2431,1709,1547,2026-01-12 12:23:00,2026-01-12 12:25:00,READY_FOR_SHIPMENT
PKG-00000472,SN-00000472,EXEC-000167,GIS-245-4000,WOODEN_CRATE,258.72,2605,1717,2436,2026-01-12 12:23:00,2026-01-12 12:25:00,READY_FOR_SHIPMENT
PKG-00000473,SN-00000473,EXEC-000168,GIS-245-4000,WOODEN_CRATE,635.68,2240,1797,2222,2026-01-12 12:43:00,2026-01-12 12:45:00,READY_FOR_SHIPMENT
PKG-00000474,SN-00000474,EXEC-000168,GIS-245-4000,WOODEN_CRATE,240.92,2376,1706,2463,2026-01-12 12:43:00,2026-01-12 12:45:00,READY_FOR_SHIPMENT
PKG-00000475,SN-00000475,EXEC-000169,GIS-072-3150,WOODEN_CRATE,342.87,1816,1310,2382,2026-01-12 13:03:00,2026-01-12 13:05:00,READY_FOR_SHIPMENT
PKG-00000476,SN-00000476,EXEC-000169,GIS-072-3150,WOODEN_CRATE,277.59,2341,1574,2325,2026-01-12 13:03:00,2026-01-12 13:05:00,READY_FOR_SHIPMENT
PKG-00000477,SN-00000477,EXEC-000169,GIS-072-3150,WOODEN_CRATE,377.35,2620,1252,1898,2026-01-12 13:03:00,2026-01-12 13:05:00,READY_FOR_SHIPMENT
PKG-00000478,SN-00000478,EXEC-000170,GIS-072-3150,WOODEN_CRATE,375.89,2391,1275,2291,2026-01-12 13:23:00,2026-01-12 13:25:00,READY_FOR_SHIPMENT
PKG-00000479,SN-00000479,EXEC-000170,GIS-072-3150,WOODEN_CRATE,436.83,2926,1486,1743,2026-01-12 13:23:00,2026-01-12 13:25:00,READY_FOR_SHIPMENT
PKG-00000480,SN-00000480,EXEC-000170,GIS-072-3150,WOODEN_CRATE,275.33,1998,1603,2264,2026-01-12 13:23:00,2026-01-12 13:25:00,READY_FOR_SHIPMENT
PKG-00000481,SN-00000481,EXEC-000170,GIS-072-3150,WOODEN_CRATE,561.81,2494,1771,2248,2026-01-12 13:23:00,2026-01-12 13:25:00,READY_FOR_SHIPMENT
PKG-00000482,SN-00000482,EXEC-000171,GIS-072-2500,WOODEN_CRATE,544.64,2207,1721,2322,2026-01-13 07:03:00,2026-01-13 07:05:00,READY_FOR_SHIPMENT
PKG-00000483,SN-00000483,EXEC-000171,GIS-072-2500,WOODEN_CRATE,435.03,1892,1239,1780,2026-01-13 07:03:00,2026-01-13 07:05:00,READY_FOR_SHIPMENT
PKG-00000484,SN-00000484,EXEC-000171,GIS-072-2500,WOODEN_CRATE,526.84,2770,1731,2435,2026-01-13 07:03:00,2026-01-13 07:05:00,READY_FOR_SHIPMENT
PKG-00000485,SN-00000485,EXEC-000172,GIS-245-3150,WOODEN_CRATE,284.04,2855,1343,2171,2026-01-13 07:23:00,2026-01-13 07:25:00,READY_FOR_SHIPMENT
PKG-00000486,SN-00000486,EXEC-000172,GIS-245-3150,WOODEN_CRATE,620.49,2452,1366,2304,2026-01-13 07:23:00,2026-01-13 07:25:00,READY_FOR_SHIPMENT
PKG-00000487,SN-00000487,EXEC-000172,GIS-245-3150,WOODEN_CRATE,645.96,2412,1544,2538,2026-01-13 07:23:00,2026-01-13 07:25:00,READY_FOR_SHIPMENT
PKG-00000488,SN-00000488,EXEC-000173,GIS-145-3150,WOODEN_CRATE,576.16,2890,1701,2113,2026-01-13 07:43:00,2026-01-13 07:45:00,READY_FOR_SHIPMENT
PKG-00000489,SN-00000489,EXEC-000173,GIS-145-3150,WOODEN_CRATE,424.2,1834,1577,2178,2026-01-13 07:43:00,2026-01-13 07:45:00,READY_FOR_SHIPMENT
PKG-00000490,SN-00000490,EXEC-000173,GIS-145-3150,WOODEN_CRATE,509.74,2653,1797,2130,2026-01-13 07:43:00,2026-01-13 07:45:00,READY_FOR_SHIPMENT
PKG-00000491,SN-00000491,EXEC-000174,GIS-145-3150,WOODEN_CRATE,562.6,3088,1227,2471,2026-01-13 08:03:00,2026-01-13 08:05:00,READY_FOR_SHIPMENT
PKG-00000492,SN-00000492,EXEC-000174,GIS-145-3150,WOODEN_CRATE,334.18,3142,1792,1966,2026-01-13 08:03:00,2026-01-13 08:05:00,READY_FOR_SHIPMENT
PKG-00000493,SN-00000493,EXEC-000175,GIS-145-3150,WOODEN_CRATE,530.2,2995,1691,1849,2026-01-13 08:23:00,2026-01-13 08:25:00,READY_FOR_SHIPMENT
PKG-00000494,SN-00000494,EXEC-000175,GIS-145-3150,WOODEN_CRATE,445.42,3069,1589,1802,2026-01-13 08:23:00,2026-01-13 08:25:00,READY_FOR_SHIPMENT
PKG-00000495,SN-00000495,EXEC-000175,GIS-145-3150,WOODEN_CRATE,573.31,2296,1232,1725,2026-01-13 08:23:00,2026-01-13 08:25:00,READY_FOR_SHIPMENT
PKG-00000496,SN-00000496,EXEC-000175,GIS-145-3150,WOODEN_CRATE,302.04,2703,1521,2357,2026-01-13 08:23:00,2026-01-13 08:25:00,READY_FOR_SHIPMENT
PKG-00000497,SN-00000497,EXEC-000176,GIS-072-2500,WOODEN_CRATE,285.12,2217,1620,2527,2026-01-13 08:43:00,2026-01-13 08:45:00,READY_FOR_SHIPMENT
PKG-00000498,SN-00000498,EXEC-000176,GIS-072-2500,WOODEN_CRATE,553.24,2765,1263,1782,2026-01-13 08:43:00,2026-01-13 08:45:00,READY_FOR_SHIPMENT
PKG-00000499,SN-00000499,EXEC-000176,GIS-072-2500,WOODEN_CRATE,443.03,2948,1532,2479,2026-01-13 08:43:00,2026-01-13 08:45:00,READY_FOR_SHIPMENT
PKG-00000500,SN-00000500,EXEC-000176,GIS-072-2500,WOODEN_CRATE,445.96,2442,1377,2441,2026-01-13 08:43:00,2026-01-13 08:45:00,READY_FOR_SHIPMENT
PKG-00000501,SN-00000501,EXEC-000176,GIS-072-2500,WOODEN_CRATE,612.21,2501,1759,2225,2026-01-13 08:43:00,2026-01-13 08:45:00,READY_FOR_SHIPMENT
PKG-00000502,SN-00000502,EXEC-000177,GIS-072-2500,WOODEN_CRATE,510.62,3194,1470,2491,2026-01-13 09:03:00,2026-01-13 09:05:00,READY_FOR_SHIPMENT
PKG-00000503,SN-00000503,EXEC-000177,GIS-072-2500,WOODEN_CRATE,302.67,2304,1485,2111,2026-01-13 09:03:00,2026-01-13 09:05:00,READY_FOR_SHIPMENT
PKG-00000504,SN-00000504,EXEC-000177,GIS-072-2500,WOODEN_CRATE,316.69,2409,1495,1924,2026-01-13 09:03:00,2026-01-13 09:05:00,READY_FOR_SHIPMENT
PKG-00000505,SN-00000505,EXEC-000177,GIS-072-2500,WOODEN_CRATE,516.8,2801,1524,2482,2026-01-13 09:03:00,2026-01-13 09:05:00,READY_FOR_SHIPMENT
PKG-00000506,SN-00000506,EXEC-000178,GIS-145-3150,WOODEN_CRATE,369.99,2360,1494,1749,2026-01-13 09:23:00,2026-01-13 09:25:00,READY_FOR_SHIPMENT
PKG-00000507,SN-00000507,EXEC-000178,GIS-145-3150,WOODEN_CRATE,466.6,2912,1588,2308,2026-01-13 09:23:00,2026-01-13 09:25:00,READY_FOR_SHIPMENT
PKG-00000508,SN-00000508,EXEC-000178,GIS-145-3150,WOODEN_CRATE,571.9,2099,1497,1586,2026-01-13 09:23:00,2026-01-13 09:25:00,READY_FOR_SHIPMENT
PKG-00000509,SN-00000509,EXEC-000179,GIS-245-4000,WOODEN_CRATE,343.68,1961,1554,2405,2026-01-13 09:43:00,2026-01-13 09:45:00,READY_FOR_SHIPMENT
PKG-00000510,SN-00000510,EXEC-000179,GIS-245-4000,WOODEN_CRATE,502.07,2781,1419,1913,2026-01-13 09:43:00,2026-01-13 09:45:00,READY_FOR_SHIPMENT
PKG-00000511,SN-00000511,EXEC-000179,GIS-245-4000,WOODEN_CRATE,576.02,2355,1775,2056,2026-01-13 09:43:00,2026-01-13 09:45:00,READY_FOR_SHIPMENT
PKG-00000512,SN-00000512,EXEC-000180,GIS-145-4000,WOODEN_CRATE,279.03,3060,1800,1990,2026-01-13 10:03:00,2026-01-13 10:05:00,READY_FOR_SHIPMENT
PKG-00000513,SN-00000513,EXEC-000180,GIS-145-4000,WOODEN_CRATE,324.26,3171,1743,1962,2026-01-13 10:03:00,2026-01-13 10:05:00,READY_FOR_SHIPMENT
PKG-00000514,SN-00000514,EXEC-000180,GIS-145-4000,WOODEN_CRATE,494.32,1907,1302,2346,2026-01-13 10:03:00,2026-01-13 10:05:00,READY_FOR_SHIPMENT
PKG-00000515,SN-00000515,EXEC-000181,GIS-072-2500,WOODEN_CRATE,362.03,2767,1302,1781,2026-01-13 10:23:00,2026-01-13 10:25:00,READY_FOR_SHIPMENT
PKG-00000516,SN-00000516,EXEC-000181,GIS-072-2500,WOODEN_CRATE,222.23,2927,1361,2333,2026-01-13 10:23:00,2026-01-13 10:25:00,READY_FOR_SHIPMENT
PKG-00000517,SN-00000517,EXEC-000181,GIS-072-2500,WOODEN_CRATE,500.74,2774,1688,1908,2026-01-13 10:23:00,2026-01-13 10:25:00,READY_FOR_SHIPMENT
PKG-00000518,SN-00000518,EXEC-000181,GIS-072-2500,WOODEN_CRATE,545.04,2388,1528,2084,2026-01-13 10:23:00,2026-01-13 10:25:00,READY_FOR_SHIPMENT
PKG-00000519,SN-00000519,EXEC-000182,GIS-245-4000,WOODEN_CRATE,497.74,1983,1787,1975,2026-01-13 10:43:00,2026-01-13 10:45:00,READY_FOR_SHIPMENT
PKG-00000520,SN-00000520,EXEC-000182,GIS-245-4000,WOODEN_CRATE,450.12,1876,1379,2355,2026-01-13 10:43:00,2026-01-13 10:45:00,READY_FOR_SHIPMENT
PKG-00000521,SN-00000521,EXEC-000182,GIS-245-4000,WOODEN_CRATE,599.37,2160,1237,2313,2026-01-13 10:43:00,2026-01-13 10:45:00,READY_FOR_SHIPMENT
PKG-00000522,SN-00000522,EXEC-000183,GIS-145-4000,WOODEN_CRATE,558.82,2181,1496,1576,2026-01-13 11:03:00,2026-01-13 11:05:00,READY_FOR_SHIPMENT
PKG-00000523,SN-00000523,EXEC-000183,GIS-145-4000,WOODEN_CRATE,223.98,2963,1309,2186,2026-01-13 11:03:00,2026-01-13 11:05:00,READY_FOR_SHIPMENT
PKG-00000524,SN-00000524,EXEC-000184,GIS-145-4000,WOODEN_CRATE,342.36,3113,1756,2573,2026-01-13 11:23:00,2026-01-13 11:25:00,READY_FOR_SHIPMENT
PKG-00000525,SN-00000525,EXEC-000184,GIS-145-4000,WOODEN_CRATE,432.38,2074,1716,2458,2026-01-13 11:23:00,2026-01-13 11:25:00,READY_FOR_SHIPMENT
PKG-00000526,SN-00000526,EXEC-000184,GIS-145-4000,WOODEN_CRATE,337.32,2030,1538,1832,2026-01-13 11:23:00,2026-01-13 11:25:00,READY_FOR_SHIPMENT
PKG-00000527,SN-00000527,EXEC-000185,GIS-245-3150,WOODEN_CRATE,534.38,3127,1463,1881,2026-01-13 11:43:00,2026-01-13 11:45:00,READY_FOR_SHIPMENT
PKG-00000528,SN-00000528,EXEC-000186,GIS-072-2500,WOODEN_CRATE,226.06,2490,1502,1895,2026-01-13 12:03:00,2026-01-13 12:05:00,READY_FOR_SHIPMENT
PKG-00000529,SN-00000529,EXEC-000186,GIS-072-2500,WOODEN_CRATE,295.46,3108,1615,2375,2026-01-13 12:03:00,2026-01-13 12:05:00,READY_FOR_SHIPMENT
PKG-00000530,SN-00000530,EXEC-000186,GIS-072-2500,WOODEN_CRATE,441.57,1977,1610,1695,2026-01-13 12:03:00,2026-01-13 12:05:00,READY_FOR_SHIPMENT
PKG-00000531,SN-00000531,EXEC-000186,GIS-072-2500,WOODEN_CRATE,299.46,2087,1688,2162,2026-01-13 12:03:00,2026-01-13 12:05:00,READY_FOR_SHIPMENT
PKG-00000532,SN-00000532,EXEC-000187,GIS-072-3150,WOODEN_CRATE,622.4,1813,1467,2285,2026-01-13 12:23:00,2026-01-13 12:25:00,READY_FOR_SHIPMENT
PKG-00000533,SN-00000533,EXEC-000187,GIS-072-3150,WOODEN_CRATE,321.27,2346,1537,2118,2026-01-13 12:23:00,2026-01-13 12:25:00,READY_FOR_SHIPMENT
PKG-00000534,SN-00000534,EXEC-000187,GIS-072-3150,WOODEN_CRATE,470.46,2973,1211,2035,2026-01-13 12:23:00,2026-01-13 12:25:00,READY_FOR_SHIPMENT
PKG-00000535,SN-00000535,EXEC-000187,GIS-072-3150,WOODEN_CRATE,501.08,2283,1263,1742,2026-01-13 12:23:00,2026-01-13 12:25:00,READY_FOR_SHIPMENT
PKG-00000536,SN-00000536,EXEC-000188,GIS-145-3150,WOODEN_CRATE,420.12,2127,1615,2529,2026-01-13 12:43:00,2026-01-13 12:45:00,READY_FOR_SHIPMENT
PKG-00000537,SN-00000537,EXEC-000188,GIS-145-3150,WOODEN_CRATE,616.94,2436,1320,2104,2026-01-13 12:43:00,2026-01-13 12:45:00,READY_FOR_SHIPMENT
PKG-00000538,SN-00000538,EXEC-000188,GIS-145-3150,WOODEN_CRATE,378.04,2252,1424,1773,2026-01-13 12:43:00,2026-01-13 12:45:00,READY_FOR_SHIPMENT
PKG-00000539,SN-00000539,EXEC-000189,GIS-420-5000,WOODEN_CRATE,425.62,2731,1582,2351,2026-01-13 13:03:00,2026-01-13 13:05:00,READY_FOR_SHIPMENT
PKG-00000540,SN-00000540,EXEC-000189,GIS-420-5000,WOODEN_CRATE,521.83,2764,1750,1947,2026-01-13 13:03:00,2026-01-13 13:05:00,READY_FOR_SHIPMENT
PKG-00000541,SN-00000541,EXEC-000190,GIS-072-2500,WOODEN_CRATE,547.6,3193,1283,2576,2026-01-13 13:23:00,2026-01-13 13:25:00,READY_FOR_SHIPMENT
PKG-00000542,SN-00000542,EXEC-000190,GIS-072-2500,WOODEN_CRATE,412.1,2540,1279,1729,2026-01-13 13:23:00,2026-01-13 13:25:00,READY_FOR_SHIPMENT
PKG-00000543,SN-00000543,EXEC-000190,GIS-072-2500,WOODEN_CRATE,246.56,2921,1717,1914,2026-01-13 13:23:00,2026-01-13 13:25:00,READY_FOR_SHIPMENT
PKG-00000544,SN-00000544,EXEC-000191,GIS-072-2500,WOODEN_CRATE,466.26,2106,1368,2171,2026-01-13 13:43:00,2026-01-13 13:45:00,READY_FOR_SHIPMENT
PKG-00000545,SN-00000545,EXEC-000191,GIS-072-2500,WOODEN_CRATE,587.43,2704,1319,1920,2026-01-13 13:43:00,2026-01-13 13:45:00,READY_FOR_SHIPMENT
PKG-00000546,SN-00000546,EXEC-000191,GIS-072-2500,WOODEN_CRATE,528.27,2801,1293,2545,2026-01-13 13:43:00,2026-01-13 13:45:00,READY_FOR_SHIPMENT
PKG-00000547,SN-00000547,EXEC-000191,GIS-072-2500,WOODEN_CRATE,411.56,1913,1664,1770,2026-01-13 13:43:00,2026-01-13 13:45:00,READY_FOR_SHIPMENT
PKG-00000548,SN-00000548,EXEC-000192,GIS-072-2500,WOODEN_CRATE,440.7,2735,1777,1618,2026-01-13 14:03:00,2026-01-13 14:05:00,READY_FOR_SHIPMENT
PKG-00000549,SN-00000549,EXEC-000192,GIS-072-2500,WOODEN_CRATE,460.28,3177,1515,1544,2026-01-13 14:03:00,2026-01-13 14:05:00,READY_FOR_SHIPMENT
PKG-00000550,SN-00000550,EXEC-000192,GIS-072-2500,WOODEN_CRATE,390.26,1806,1423,1649,2026-01-13 14:03:00,2026-01-13 14:05:00,READY_FOR_SHIPMENT
PKG-00000551,SN-00000551,EXEC-000192,GIS-072-2500,WOODEN_CRATE,239.47,2505,1265,1623,2026-01-13 14:03:00,2026-01-13 14:05:00,READY_FOR_SHIPMENT
PKG-00000552,SN-00000552,EXEC-000192,GIS-072-2500,WOODEN_CRATE,621.87,1941,1683,1564,2026-01-13 14:03:00,2026-01-13 14:05:00,READY_FOR_SHIPMENT
PKG-00000553,SN-00000553,EXEC-000193,GIS-420-5000,WOODEN_CRATE,343.45,2168,1338,2360,2026-01-14 07:03:00,2026-01-14 07:05:00,READY_FOR_SHIPMENT
PKG-00000554,SN-00000554,EXEC-000194,GIS-170-4000,WOODEN_CRATE,381.02,2583,1659,2273,2026-01-14 07:23:00,2026-01-14 07:25:00,READY_FOR_SHIPMENT
PKG-00000555,SN-00000555,EXEC-000194,GIS-170-4000,WOODEN_CRATE,381.53,3198,1752,1772,2026-01-14 07:23:00,2026-01-14 07:25:00,READY_FOR_SHIPMENT
PKG-00000556,SN-00000556,EXEC-000195,GIS-245-3150,WOODEN_CRATE,501.02,2512,1321,1865,2026-01-14 07:43:00,2026-01-14 07:45:00,READY_FOR_SHIPMENT
PKG-00000557,SN-00000557,EXEC-000195,GIS-245-3150,WOODEN_CRATE,646.92,2604,1741,1760,2026-01-14 07:43:00,2026-01-14 07:45:00,READY_FOR_SHIPMENT
PKG-00000558,SN-00000558,EXEC-000195,GIS-245-3150,WOODEN_CRATE,532.98,2256,1203,1546,2026-01-14 07:43:00,2026-01-14 07:45:00,READY_FOR_SHIPMENT
PKG-00000559,SN-00000559,EXEC-000196,GIS-145-4000,WOODEN_CRATE,640.75,2748,1757,2368,2026-01-14 08:03:00,2026-01-14 08:05:00,READY_FOR_SHIPMENT
PKG-00000560,SN-00000560,EXEC-000196,GIS-145-4000,WOODEN_CRATE,448.73,2270,1453,2443,2026-01-14 08:03:00,2026-01-14 08:05:00,READY_FOR_SHIPMENT
PKG-00000561,SN-00000561,EXEC-000196,GIS-145-4000,WOODEN_CRATE,368.85,2364,1393,1731,2026-01-14 08:03:00,2026-01-14 08:05:00,READY_FOR_SHIPMENT
PKG-00000562,SN-00000562,EXEC-000197,GIS-072-3150,WOODEN_CRATE,233.85,3152,1629,1532,2026-01-14 08:23:00,2026-01-14 08:25:00,READY_FOR_SHIPMENT
PKG-00000563,SN-00000563,EXEC-000197,GIS-072-3150,WOODEN_CRATE,323.49,1937,1303,1568,2026-01-14 08:23:00,2026-01-14 08:25:00,READY_FOR_SHIPMENT
PKG-00000564,SN-00000564,EXEC-000197,GIS-072-3150,WOODEN_CRATE,411.97,3176,1249,2001,2026-01-14 08:23:00,2026-01-14 08:25:00,READY_FOR_SHIPMENT
PKG-00000565,SN-00000565,EXEC-000197,GIS-072-3150,WOODEN_CRATE,538.43,2623,1649,1979,2026-01-14 08:23:00,2026-01-14 08:25:00,READY_FOR_SHIPMENT
PKG-00000566,SN-00000566,EXEC-000197,GIS-072-3150,WOODEN_CRATE,452.1,1915,1343,2531,2026-01-14 08:23:00,2026-01-14 08:25:00,READY_FOR_SHIPMENT
PKG-00000567,SN-00000567,EXEC-000198,GIS-245-3150,WOODEN_CRATE,647.2,2279,1789,2153,2026-01-14 08:43:00,2026-01-14 08:45:00,READY_FOR_SHIPMENT
PKG-00000568,SN-00000568,EXEC-000199,GIS-072-2500,WOODEN_CRATE,468.31,3177,1528,1985,2026-01-14 09:03:00,2026-01-14 09:05:00,READY_FOR_SHIPMENT
PKG-00000569,SN-00000569,EXEC-000199,GIS-072-2500,WOODEN_CRATE,349.76,2093,1733,1952,2026-01-14 09:03:00,2026-01-14 09:05:00,READY_FOR_SHIPMENT
PKG-00000570,SN-00000570,EXEC-000199,GIS-072-2500,WOODEN_CRATE,397.83,2363,1262,1858,2026-01-14 09:03:00,2026-01-14 09:05:00,READY_FOR_SHIPMENT
PKG-00000571,SN-00000571,EXEC-000200,GIS-170-4000,WOODEN_CRATE,489.18,2674,1769,2515,2026-01-14 09:23:00,2026-01-14 09:25:00,READY_FOR_SHIPMENT
PKG-00000572,SN-00000572,EXEC-000200,GIS-170-4000,WOODEN_CRATE,240.16,2505,1590,2574,2026-01-14 09:23:00,2026-01-14 09:25:00,READY_FOR_SHIPMENT
PKG-00000573,SN-00000573,EXEC-000200,GIS-170-4000,WOODEN_CRATE,357.06,2652,1618,1805,2026-01-14 09:23:00,2026-01-14 09:25:00,READY_FOR_SHIPMENT
PKG-00000574,SN-00000574,EXEC-000201,GIS-245-3150,WOODEN_CRATE,348.95,2176,1750,2469,2026-01-14 09:43:00,2026-01-14 09:45:00,READY_FOR_SHIPMENT
PKG-00000575,SN-00000575,EXEC-000202,GIS-300-4000,WOODEN_CRATE,323.62,2261,1507,1795,2026-01-14 10:03:00,2026-01-14 10:05:00,READY_FOR_SHIPMENT
PKG-00000576,SN-00000576,EXEC-000203,GIS-245-4000,WOODEN_CRATE,566.48,1918,1775,2345,2026-01-14 10:23:00,2026-01-14 10:25:00,READY_FOR_SHIPMENT
PKG-00000577,SN-00000577,EXEC-000203,GIS-245-4000,WOODEN_CRATE,636.15,2941,1742,1774,2026-01-14 10:23:00,2026-01-14 10:25:00,READY_FOR_SHIPMENT
PKG-00000578,SN-00000578,EXEC-000203,GIS-245-4000,WOODEN_CRATE,387.02,2322,1408,2176,2026-01-14 10:23:00,2026-01-14 10:25:00,READY_FOR_SHIPMENT
PKG-00000579,SN-00000579,EXEC-000204,GIS-072-2500,WOODEN_CRATE,498.08,2721,1579,1689,2026-01-14 10:43:00,2026-01-14 10:45:00,READY_FOR_SHIPMENT
PKG-00000580,SN-00000580,EXEC-000204,GIS-072-2500,WOODEN_CRATE,450.32,2190,1252,2049,2026-01-14 10:43:00,2026-01-14 10:45:00,READY_FOR_SHIPMENT
PKG-00000581,SN-00000581,EXEC-000204,GIS-072-2500,WOODEN_CRATE,382.18,3038,1240,1649,2026-01-14 10:43:00,2026-01-14 10:45:00,READY_FOR_SHIPMENT
PKG-00000582,SN-00000582,EXEC-000204,GIS-072-2500,WOODEN_CRATE,300.91,3003,1772,1944,2026-01-14 10:43:00,2026-01-14 10:45:00,READY_FOR_SHIPMENT
PKG-00000583,SN-00000583,EXEC-000204,GIS-072-2500,WOODEN_CRATE,426.14,2481,1510,1531,2026-01-14 10:43:00,2026-01-14 10:45:00,READY_FOR_SHIPMENT
PKG-00000584,SN-00000584,EXEC-000205,GIS-145-3150,WOODEN_CRATE,311.08,2189,1320,2480,2026-01-14 11:03:00,2026-01-14 11:05:00,READY_FOR_SHIPMENT
PKG-00000585,SN-00000585,EXEC-000205,GIS-145-3150,WOODEN_CRATE,613.21,3037,1409,2312,2026-01-14 11:03:00,2026-01-14 11:05:00,READY_FOR_SHIPMENT
PKG-00000586,SN-00000586,EXEC-000205,GIS-145-3150,WOODEN_CRATE,613.5,2930,1529,2079,2026-01-14 11:03:00,2026-01-14 11:05:00,READY_FOR_SHIPMENT
PKG-00000587,SN-00000587,EXEC-000206,GIS-072-2500,WOODEN_CRATE,383.68,2892,1567,2131,2026-01-14 11:23:00,2026-01-14 11:25:00,READY_FOR_SHIPMENT
PKG-00000588,SN-00000588,EXEC-000206,GIS-072-2500,WOODEN_CRATE,332.47,2850,1709,2454,2026-01-14 11:23:00,2026-01-14 11:25:00,READY_FOR_SHIPMENT
PKG-00000589,SN-00000589,EXEC-000206,GIS-072-2500,WOODEN_CRATE,262.4,2761,1527,1916,2026-01-14 11:23:00,2026-01-14 11:25:00,READY_FOR_SHIPMENT
PKG-00000590,SN-00000590,EXEC-000206,GIS-072-2500,WOODEN_CRATE,379.4,2647,1246,1953,2026-01-14 11:23:00,2026-01-14 11:25:00,READY_FOR_SHIPMENT
PKG-00000591,SN-00000591,EXEC-000206,GIS-072-2500,WOODEN_CRATE,538.74,1833,1467,2355,2026-01-14 11:23:00,2026-01-14 11:25:00,READY_FOR_SHIPMENT
PKG-00000592,SN-00000592,EXEC-000207,GIS-300-4000,WOODEN_CRATE,346.93,2201,1537,1971,2026-01-14 11:43:00,2026-01-14 11:45:00,READY_FOR_SHIPMENT
PKG-00000593,SN-00000593,EXEC-000207,GIS-300-4000,WOODEN_CRATE,383.33,2303,1711,2191,2026-01-14 11:43:00,2026-01-14 11:45:00,READY_FOR_SHIPMENT
PKG-00000594,SN-00000594,EXEC-000208,GIS-550-5000,WOODEN_CRATE,330.65,2800,1702,2443,2026-01-14 12:03:00,2026-01-14 12:05:00,READY_FOR_SHIPMENT
PKG-00000595,SN-00000595,EXEC-000209,GIS-300-4000,WOODEN_CRATE,292.34,2521,1373,1786,2026-01-14 12:23:00,2026-01-14 12:25:00,READY_FOR_SHIPMENT
PKG-00000596,SN-00000596,EXEC-000210,GIS-245-4000,WOODEN_CRATE,529.73,2800,1388,1620,2026-01-14 12:43:00,2026-01-14 12:45:00,READY_FOR_SHIPMENT
PKG-00000597,SN-00000597,EXEC-000210,GIS-245-4000,WOODEN_CRATE,445.3,1952,1249,1513,2026-01-14 12:43:00,2026-01-14 12:45:00,READY_FOR_SHIPMENT
PKG-00000598,SN-00000598,EXEC-000210,GIS-245-4000,WOODEN_CRATE,397.33,3091,1436,1639,2026-01-14 12:43:00,2026-01-14 12:45:00,READY_FOR_SHIPMENT
PKG-00000599,SN-00000599,EXEC-000211,GIS-420-4000,WOODEN_CRATE,524.08,1818,1423,2535,2026-01-15 07:03:00,2026-01-15 07:05:00,READY_FOR_SHIPMENT
PKG-00000600,SN-00000600,EXEC-000211,GIS-420-4000,WOODEN_CRATE,416.08,1923,1694,2499,2026-01-15 07:03:00,2026-01-15 07:05:00,READY_FOR_SHIPMENT
PKG-00000601,SN-00000601,EXEC-000212,GIS-300-4000,WOODEN_CRATE,226.76,2889,1764,2342,2026-01-15 07:23:00,2026-01-15 07:25:00,READY_FOR_SHIPMENT
PKG-00000602,SN-00000602,EXEC-000212,GIS-300-4000,WOODEN_CRATE,225.1,2884,1481,2597,2026-01-15 07:23:00,2026-01-15 07:25:00,READY_FOR_SHIPMENT
PKG-00000603,SN-00000603,EXEC-000213,GIS-072-3150,WOODEN_CRATE,640.32,1835,1714,2381,2026-01-15 07:43:00,2026-01-15 07:45:00,READY_FOR_SHIPMENT
PKG-00000604,SN-00000604,EXEC-000213,GIS-072-3150,WOODEN_CRATE,566.65,2167,1309,1697,2026-01-15 07:43:00,2026-01-15 07:45:00,READY_FOR_SHIPMENT
PKG-00000605,SN-00000605,EXEC-000213,GIS-072-3150,WOODEN_CRATE,445.49,2293,1396,2578,2026-01-15 07:43:00,2026-01-15 07:45:00,READY_FOR_SHIPMENT
PKG-00000606,SN-00000606,EXEC-000214,GIS-145-4000,WOODEN_CRATE,328.54,2525,1473,2312,2026-01-15 08:03:00,2026-01-15 08:05:00,READY_FOR_SHIPMENT
PKG-00000607,SN-00000607,EXEC-000214,GIS-145-4000,WOODEN_CRATE,253.98,2631,1670,1998,2026-01-15 08:03:00,2026-01-15 08:05:00,READY_FOR_SHIPMENT
PKG-00000608,SN-00000608,EXEC-000214,GIS-145-4000,WOODEN_CRATE,645.8,2262,1507,1665,2026-01-15 08:03:00,2026-01-15 08:05:00,READY_FOR_SHIPMENT
PKG-00000609,SN-00000609,EXEC-000215,GIS-245-3150,WOODEN_CRATE,501.11,3130,1232,1691,2026-01-15 08:23:00,2026-01-15 08:25:00,READY_FOR_SHIPMENT
PKG-00000610,SN-00000610,EXEC-000215,GIS-245-3150,WOODEN_CRATE,394.27,2572,1765,2474,2026-01-15 08:23:00,2026-01-15 08:25:00,READY_FOR_SHIPMENT
PKG-00000611,SN-00000611,EXEC-000216,GIS-300-4000,WOODEN_CRATE,244.13,1819,1375,1669,2026-01-15 08:43:00,2026-01-15 08:45:00,READY_FOR_SHIPMENT
PKG-00000612,SN-00000612,EXEC-000217,GIS-145-3150,WOODEN_CRATE,434.94,2688,1539,1695,2026-01-15 09:03:00,2026-01-15 09:05:00,READY_FOR_SHIPMENT
PKG-00000613,SN-00000613,EXEC-000217,GIS-145-3150,WOODEN_CRATE,604.76,1887,1435,1932,2026-01-15 09:03:00,2026-01-15 09:05:00,READY_FOR_SHIPMENT
PKG-00000614,SN-00000614,EXEC-000217,GIS-145-3150,WOODEN_CRATE,607.55,2960,1686,2055,2026-01-15 09:03:00,2026-01-15 09:05:00,READY_FOR_SHIPMENT
PKG-00000615,SN-00000615,EXEC-000218,GIS-420-4000,WOODEN_CRATE,240.02,1952,1487,1567,2026-01-15 09:23:00,2026-01-15 09:25:00,READY_FOR_SHIPMENT
PKG-00000616,SN-00000616,EXEC-000218,GIS-420-4000,WOODEN_CRATE,297.12,2444,1216,1924,2026-01-15 09:23:00,2026-01-15 09:25:00,READY_FOR_SHIPMENT
PKG-00000617,SN-00000617,EXEC-000219,GIS-145-4000,WOODEN_CRATE,472.43,2615,1278,2112,2026-01-15 09:43:00,2026-01-15 09:45:00,READY_FOR_SHIPMENT
PKG-00000618,SN-00000618,EXEC-000219,GIS-145-4000,WOODEN_CRATE,289.85,2292,1780,2296,2026-01-15 09:43:00,2026-01-15 09:45:00,READY_FOR_SHIPMENT
PKG-00000619,SN-00000619,EXEC-000220,GIS-245-3150,WOODEN_CRATE,511.13,2907,1539,2286,2026-01-15 10:03:00,2026-01-15 10:05:00,READY_FOR_SHIPMENT
PKG-00000620,SN-00000620,EXEC-000220,GIS-245-3150,WOODEN_CRATE,544.91,2086,1280,2525,2026-01-15 10:03:00,2026-01-15 10:05:00,READY_FOR_SHIPMENT
PKG-00000621,SN-00000621,EXEC-000221,GIS-072-3150,WOODEN_CRATE,540.55,2508,1254,1700,2026-01-15 10:23:00,2026-01-15 10:25:00,READY_FOR_SHIPMENT
PKG-00000622,SN-00000622,EXEC-000221,GIS-072-3150,WOODEN_CRATE,407.95,1955,1548,2312,2026-01-15 10:23:00,2026-01-15 10:25:00,READY_FOR_SHIPMENT
PKG-00000623,SN-00000623,EXEC-000221,GIS-072-3150,WOODEN_CRATE,636.64,2468,1230,2059,2026-01-15 10:23:00,2026-01-15 10:25:00,READY_FOR_SHIPMENT
PKG-00000624,SN-00000624,EXEC-000221,GIS-072-3150,WOODEN_CRATE,556.93,2722,1702,1967,2026-01-15 10:23:00,2026-01-15 10:25:00,READY_FOR_SHIPMENT
PKG-00000625,SN-00000625,EXEC-000222,GIS-145-4000,WOODEN_CRATE,373.0,2568,1642,1880,2026-01-15 10:43:00,2026-01-15 10:45:00,READY_FOR_SHIPMENT
PKG-00000626,SN-00000626,EXEC-000222,GIS-145-4000,WOODEN_CRATE,512.27,3153,1589,1675,2026-01-15 10:43:00,2026-01-15 10:45:00,READY_FOR_SHIPMENT
PKG-00000627,SN-00000627,EXEC-000223,GIS-072-3150,WOODEN_CRATE,552.03,2404,1452,1650,2026-01-15 11:03:00,2026-01-15 11:05:00,READY_FOR_SHIPMENT
PKG-00000628,SN-00000628,EXEC-000223,GIS-072-3150,WOODEN_CRATE,255.28,2115,1589,1815,2026-01-15 11:03:00,2026-01-15 11:05:00,READY_FOR_SHIPMENT
PKG-00000629,SN-00000629,EXEC-000223,GIS-072-3150,WOODEN_CRATE,538.05,2448,1569,1718,2026-01-15 11:03:00,2026-01-15 11:05:00,READY_FOR_SHIPMENT
PKG-00000630,SN-00000630,EXEC-000223,GIS-072-3150,WOODEN_CRATE,259.35,2431,1655,2237,2026-01-15 11:03:00,2026-01-15 11:05:00,READY_FOR_SHIPMENT
PKG-00000631,SN-00000631,EXEC-000223,GIS-072-3150,WOODEN_CRATE,547.38,2009,1335,1678,2026-01-15 11:03:00,2026-01-15 11:05:00,READY_FOR_SHIPMENT
PKG-00000632,SN-00000632,EXEC-000224,GIS-245-3150,WOODEN_CRATE,300.58,2719,1770,2549,2026-01-15 11:23:00,2026-01-15 11:25:00,READY_FOR_SHIPMENT
PKG-00000633,SN-00000633,EXEC-000224,GIS-245-3150,WOODEN_CRATE,395.46,1853,1291,2224,2026-01-15 11:23:00,2026-01-15 11:25:00,READY_FOR_SHIPMENT
PKG-00000634,SN-00000634,EXEC-000225,GIS-145-4000,WOODEN_CRATE,458.31,3022,1532,2288,2026-01-15 11:43:00,2026-01-15 11:45:00,READY_FOR_SHIPMENT
PKG-00000635,SN-00000635,EXEC-000225,GIS-145-4000,WOODEN_CRATE,225.31,2647,1597,1673,2026-01-15 11:43:00,2026-01-15 11:45:00,READY_FOR_SHIPMENT
PKG-00000636,SN-00000636,EXEC-000225,GIS-145-4000,WOODEN_CRATE,531.68,2945,1448,2567,2026-01-15 11:43:00,2026-01-15 11:45:00,READY_FOR_SHIPMENT
PKG-00000637,SN-00000637,EXEC-000226,GIS-170-4000,WOODEN_CRATE,292.92,2579,1373,1784,2026-01-15 12:03:00,2026-01-15 12:05:00,READY_FOR_SHIPMENT
PKG-00000638,SN-00000638,EXEC-000226,GIS-170-4000,WOODEN_CRATE,335.64,2349,1704,1798,2026-01-15 12:03:00,2026-01-15 12:05:00,READY_FOR_SHIPMENT
PKG-00000639,SN-00000639,EXEC-000226,GIS-170-4000,WOODEN_CRATE,247.2,2690,1482,2362,2026-01-15 12:03:00,2026-01-15 12:05:00,READY_FOR_SHIPMENT
PKG-00000640,SN-00000640,EXEC-000227,GIS-072-3150,WOODEN_CRATE,348.89,1957,1569,2015,2026-01-15 12:23:00,2026-01-15 12:25:00,READY_FOR_SHIPMENT
PKG-00000641,SN-00000641,EXEC-000227,GIS-072-3150,WOODEN_CRATE,626.02,3080,1707,1900,2026-01-15 12:23:00,2026-01-15 12:25:00,READY_FOR_SHIPMENT
PKG-00000642,SN-00000642,EXEC-000227,GIS-072-3150,WOODEN_CRATE,416.88,2077,1511,1513,2026-01-15 12:23:00,2026-01-15 12:25:00,READY_FOR_SHIPMENT
PKG-00000643,SN-00000643,EXEC-000227,GIS-072-3150,WOODEN_CRATE,627.99,2480,1589,2174,2026-01-15 12:23:00,2026-01-15 12:25:00,READY_FOR_SHIPMENT
PKG-00000644,SN-00000644,EXEC-000228,GIS-245-3150,WOODEN_CRATE,409.3,2681,1339,2115,2026-01-15 12:43:00,2026-01-15 12:45:00,READY_FOR_SHIPMENT
PKG-00000645,SN-00000645,EXEC-000228,GIS-245-3150,WOODEN_CRATE,357.89,2211,1690,2143,2026-01-15 12:43:00,2026-01-15 12:45:00,READY_FOR_SHIPMENT
PKG-00000646,SN-00000646,EXEC-000229,GIS-145-4000,WOODEN_CRATE,296.38,2615,1526,2096,2026-01-15 13:03:00,2026-01-15 13:05:00,READY_FOR_SHIPMENT
PKG-00000647,SN-00000647,EXEC-000229,GIS-145-4000,WOODEN_CRATE,536.0,3096,1702,1996,2026-01-15 13:03:00,2026-01-15 13:05:00,READY_FOR_SHIPMENT
PKG-00000648,SN-00000648,EXEC-000229,GIS-145-4000,WOODEN_CRATE,360.13,2374,1602,2247,2026-01-15 13:03:00,2026-01-15 13:05:00,READY_FOR_SHIPMENT
PKG-00000649,SN-00000649,EXEC-000229,GIS-145-4000,WOODEN_CRATE,268.97,2954,1404,1868,2026-01-15 13:03:00,2026-01-15 13:05:00,READY_FOR_SHIPMENT
PKG-00000650,SN-00000650,EXEC-000230,GIS-072-3150,WOODEN_CRATE,513.14,2926,1227,2445,2026-01-15 13:23:00,2026-01-15 13:25:00,READY_FOR_SHIPMENT
PKG-00000651,SN-00000651,EXEC-000230,GIS-072-3150,WOODEN_CRATE,625.48,2229,1648,2096,2026-01-15 13:23:00,2026-01-15 13:25:00,READY_FOR_SHIPMENT
PKG-00000652,SN-00000652,EXEC-000230,GIS-072-3150,WOODEN_CRATE,577.45,1941,1618,2522,2026-01-15 13:23:00,2026-01-15 13:25:00,READY_FOR_SHIPMENT
PKG-00000653,SN-00000653,EXEC-000230,GIS-072-3150,WOODEN_CRATE,279.85,2420,1447,2017,2026-01-15 13:23:00,2026-01-15 13:25:00,READY_FOR_SHIPMENT
PKG-00000654,SN-00000654,EXEC-000231,GIS-170-4000,WOODEN_CRATE,503.23,2666,1586,1651,2026-01-15 13:43:00,2026-01-15 13:45:00,READY_FOR_SHIPMENT
PKG-00000655,SN-00000655,EXEC-000231,GIS-170-4000,WOODEN_CRATE,413.1,3024,1690,2320,2026-01-15 13:43:00,2026-01-15 13:45:00,READY_FOR_SHIPMENT
PKG-00000656,SN-00000656,EXEC-000231,GIS-170-4000,WOODEN_CRATE,449.78,2656,1756,1575,2026-01-15 13:43:00,2026-01-15 13:45:00,READY_FOR_SHIPMENT
PKG-00000657,SN-00000657,EXEC-000232,GIS-300-4000,WOODEN_CRATE,560.01,2536,1749,1674,2026-01-15 14:03:00,2026-01-15 14:05:00,READY_FOR_SHIPMENT
PKG-00000658,SN-00000658,EXEC-000232,GIS-300-4000,WOODEN_CRATE,267.03,2308,1563,1840,2026-01-15 14:03:00,2026-01-15 14:05:00,READY_FOR_SHIPMENT
PKG-00000659,SN-00000659,EXEC-000233,GIS-072-3150,WOODEN_CRATE,498.21,1890,1776,2318,2026-01-15 14:23:00,2026-01-15 14:25:00,READY_FOR_SHIPMENT
PKG-00000660,SN-00000660,EXEC-000233,GIS-072-3150,WOODEN_CRATE,635.73,2479,1640,1716,2026-01-15 14:23:00,2026-01-15 14:25:00,READY_FOR_SHIPMENT
PKG-00000661,SN-00000661,EXEC-000233,GIS-072-3150,WOODEN_CRATE,224.54,2329,1427,2545,2026-01-15 14:23:00,2026-01-15 14:25:00,READY_FOR_SHIPMENT
PKG-00000662,SN-00000662,EXEC-000234,GIS-072-2500,WOODEN_CRATE,541.15,2942,1794,1952,2026-01-15 14:43:00,2026-01-15 14:45:00,READY_FOR_SHIPMENT
PKG-00000663,SN-00000663,EXEC-000234,GIS-072-2500,WOODEN_CRATE,411.68,2601,1674,2524,2026-01-15 14:43:00,2026-01-15 14:45:00,READY_FOR_SHIPMENT
PKG-00000664,SN-00000664,EXEC-000234,GIS-072-2500,WOODEN_CRATE,284.82,1850,1694,1714,2026-01-15 14:43:00,2026-01-15 14:45:00,READY_FOR_SHIPMENT
PKG-00000665,SN-00000665,EXEC-000235,GIS-072-3150,WOODEN_CRATE,347.04,1975,1318,1790,2026-01-16 07:03:00,2026-01-16 07:05:00,READY_FOR_SHIPMENT
PKG-00000666,SN-00000666,EXEC-000235,GIS-072-3150,WOODEN_CRATE,369.78,2502,1666,1923,2026-01-16 07:03:00,2026-01-16 07:05:00,READY_FOR_SHIPMENT
PKG-00000667,SN-00000667,EXEC-000235,GIS-072-3150,WOODEN_CRATE,444.08,2513,1687,1699,2026-01-16 07:03:00,2026-01-16 07:05:00,READY_FOR_SHIPMENT
PKG-00000668,SN-00000668,EXEC-000236,GIS-245-4000,WOODEN_CRATE,408.41,2726,1526,1637,2026-01-16 07:23:00,2026-01-16 07:25:00,READY_FOR_SHIPMENT
PKG-00000669,SN-00000669,EXEC-000237,GIS-170-4000,WOODEN_CRATE,349.11,2035,1223,2202,2026-01-16 07:43:00,2026-01-16 07:45:00,READY_FOR_SHIPMENT
PKG-00000670,SN-00000670,EXEC-000237,GIS-170-4000,WOODEN_CRATE,498.63,3186,1368,1999,2026-01-16 07:43:00,2026-01-16 07:45:00,READY_FOR_SHIPMENT
PKG-00000671,SN-00000671,EXEC-000237,GIS-170-4000,WOODEN_CRATE,441.88,2930,1363,2177,2026-01-16 07:43:00,2026-01-16 07:45:00,READY_FOR_SHIPMENT
PKG-00000672,SN-00000672,EXEC-000238,GIS-145-3150,WOODEN_CRATE,460.74,2746,1437,2329,2026-01-16 08:03:00,2026-01-16 08:05:00,READY_FOR_SHIPMENT
PKG-00000673,SN-00000673,EXEC-000238,GIS-145-3150,WOODEN_CRATE,490.8,2181,1642,2310,2026-01-16 08:03:00,2026-01-16 08:05:00,READY_FOR_SHIPMENT
PKG-00000674,SN-00000674,EXEC-000239,GIS-300-4000,WOODEN_CRATE,232.55,3057,1402,2420,2026-01-16 08:23:00,2026-01-16 08:25:00,READY_FOR_SHIPMENT
PKG-00000675,SN-00000675,EXEC-000240,GIS-145-3150,WOODEN_CRATE,474.65,2596,1204,1939,2026-01-16 08:43:00,2026-01-16 08:45:00,READY_FOR_SHIPMENT
PKG-00000676,SN-00000676,EXEC-000240,GIS-145-3150,WOODEN_CRATE,308.49,1928,1791,1708,2026-01-16 08:43:00,2026-01-16 08:45:00,READY_FOR_SHIPMENT
PKG-00000677,SN-00000677,EXEC-000241,GIS-245-3150,WOODEN_CRATE,563.79,2899,1391,2249,2026-01-16 09:03:00,2026-01-16 09:05:00,READY_FOR_SHIPMENT
PKG-00000678,SN-00000678,EXEC-000242,GIS-170-4000,WOODEN_CRATE,360.17,2737,1316,2037,2026-01-16 09:23:00,2026-01-16 09:25:00,READY_FOR_SHIPMENT
PKG-00000679,SN-00000679,EXEC-000242,GIS-170-4000,WOODEN_CRATE,508.4,2802,1740,2141,2026-01-16 09:23:00,2026-01-16 09:25:00,READY_FOR_SHIPMENT
PKG-00000680,SN-00000680,EXEC-000242,GIS-170-4000,WOODEN_CRATE,476.7,3051,1601,1733,2026-01-16 09:23:00,2026-01-16 09:25:00,READY_FOR_SHIPMENT
PKG-00000681,SN-00000681,EXEC-000243,GIS-072-3150,WOODEN_CRATE,369.61,2737,1376,2109,2026-01-16 09:43:00,2026-01-16 09:45:00,READY_FOR_SHIPMENT
PKG-00000682,SN-00000682,EXEC-000243,GIS-072-3150,WOODEN_CRATE,615.03,3008,1286,1774,2026-01-16 09:43:00,2026-01-16 09:45:00,READY_FOR_SHIPMENT
PKG-00000683,SN-00000683,EXEC-000243,GIS-072-3150,WOODEN_CRATE,354.67,2288,1512,1739,2026-01-16 09:43:00,2026-01-16 09:45:00,READY_FOR_SHIPMENT
PKG-00000684,SN-00000684,EXEC-000243,GIS-072-3150,WOODEN_CRATE,298.71,2089,1723,2295,2026-01-16 09:43:00,2026-01-16 09:45:00,READY_FOR_SHIPMENT
PKG-00000685,SN-00000685,EXEC-000243,GIS-072-3150,WOODEN_CRATE,399.84,2082,1788,2285,2026-01-16 09:43:00,2026-01-16 09:45:00,READY_FOR_SHIPMENT
PKG-00000686,SN-00000686,EXEC-000244,GIS-170-4000,WOODEN_CRATE,401.91,2796,1750,1854,2026-01-16 10:03:00,2026-01-16 10:05:00,READY_FOR_SHIPMENT
PKG-00000687,SN-00000687,EXEC-000244,GIS-170-4000,WOODEN_CRATE,458.61,2802,1495,1787,2026-01-16 10:03:00,2026-01-16 10:05:00,READY_FOR_SHIPMENT
PKG-00000688,SN-00000688,EXEC-000245,GIS-145-3150,WOODEN_CRATE,300.45,2723,1254,2235,2026-01-16 10:23:00,2026-01-16 10:25:00,READY_FOR_SHIPMENT
PKG-00000689,SN-00000689,EXEC-000245,GIS-145-3150,WOODEN_CRATE,629.29,2792,1339,1899,2026-01-16 10:23:00,2026-01-16 10:25:00,READY_FOR_SHIPMENT
PKG-00000690,SN-00000690,EXEC-000245,GIS-145-3150,WOODEN_CRATE,570.54,2950,1717,2513,2026-01-16 10:23:00,2026-01-16 10:25:00,READY_FOR_SHIPMENT
PKG-00000691,SN-00000691,EXEC-000246,GIS-170-4000,WOODEN_CRATE,395.93,2807,1625,2409,2026-01-16 10:43:00,2026-01-16 10:45:00,READY_FOR_SHIPMENT
PKG-00000692,SN-00000692,EXEC-000246,GIS-170-4000,WOODEN_CRATE,430.14,1969,1778,1563,2026-01-16 10:43:00,2026-01-16 10:45:00,READY_FOR_SHIPMENT
PKG-00000693,SN-00000693,EXEC-000246,GIS-170-4000,WOODEN_CRATE,562.23,2251,1499,1566,2026-01-16 10:43:00,2026-01-16 10:45:00,READY_FOR_SHIPMENT
PKG-00000694,SN-00000694,EXEC-000247,GIS-170-4000,WOODEN_CRATE,338.19,2901,1495,1844,2026-01-16 11:03:00,2026-01-16 11:05:00,READY_FOR_SHIPMENT
PKG-00000695,SN-00000695,EXEC-000247,GIS-170-4000,WOODEN_CRATE,555.72,2958,1707,2546,2026-01-16 11:03:00,2026-01-16 11:05:00,READY_FOR_SHIPMENT
PKG-00000696,SN-00000696,EXEC-000248,GIS-072-3150,WOODEN_CRATE,268.68,2033,1474,2251,2026-01-16 11:23:00,2026-01-16 11:25:00,READY_FOR_SHIPMENT
PKG-00000697,SN-00000697,EXEC-000248,GIS-072-3150,WOODEN_CRATE,453.08,1885,1651,1947,2026-01-16 11:23:00,2026-01-16 11:25:00,READY_FOR_SHIPMENT
PKG-00000698,SN-00000698,EXEC-000248,GIS-072-3150,WOODEN_CRATE,645.6,2009,1453,2109,2026-01-16 11:23:00,2026-01-16 11:25:00,READY_FOR_SHIPMENT
PKG-00000699,SN-00000699,EXEC-000249,GIS-072-2500,WOODEN_CRATE,596.17,1866,1660,2038,2026-01-16 11:43:00,2026-01-16 11:45:00,READY_FOR_SHIPMENT
PKG-00000700,SN-00000700,EXEC-000249,GIS-072-2500,WOODEN_CRATE,369.89,1978,1649,1740,2026-01-16 11:43:00,2026-01-16 11:45:00,READY_FOR_SHIPMENT
PKG-00000701,SN-00000701,EXEC-000249,GIS-072-2500,WOODEN_CRATE,553.52,2285,1414,2218,2026-01-16 11:43:00,2026-01-16 11:45:00,READY_FOR_SHIPMENT
PKG-00000702,SN-00000702,EXEC-000250,GIS-072-2500,WOODEN_CRATE,590.25,3049,1638,1839,2026-01-16 12:03:00,2026-01-16 12:05:00,READY_FOR_SHIPMENT
PKG-00000703,SN-00000703,EXEC-000250,GIS-072-2500,WOODEN_CRATE,484.95,2223,1411,1621,2026-01-16 12:03:00,2026-01-16 12:05:00,READY_FOR_SHIPMENT
PKG-00000704,SN-00000704,EXEC-000250,GIS-072-2500,WOODEN_CRATE,465.13,2890,1487,1844,2026-01-16 12:03:00,2026-01-16 12:05:00,READY_FOR_SHIPMENT
PKG-00000705,SN-00000705,EXEC-000251,GIS-245-3150,WOODEN_CRATE,359.17,2399,1496,2047,2026-01-16 12:23:00,2026-01-16 12:25:00,READY_FOR_SHIPMENT
PKG-00000706,SN-00000706,EXEC-000251,GIS-245-3150,WOODEN_CRATE,629.53,2853,1297,1777,2026-01-16 12:23:00,2026-01-16 12:25:00,READY_FOR_SHIPMENT
PKG-00000707,SN-00000707,EXEC-000252,GIS-072-3150,WOODEN_CRATE,633.99,2642,1260,2067,2026-01-16 12:43:00,2026-01-16 12:45:00,READY_FOR_SHIPMENT
PKG-00000708,SN-00000708,EXEC-000252,GIS-072-3150,WOODEN_CRATE,592.83,2059,1335,2011,2026-01-16 12:43:00,2026-01-16 12:45:00,READY_FOR_SHIPMENT
PKG-00000709,SN-00000709,EXEC-000252,GIS-072-3150,WOODEN_CRATE,282.88,2459,1453,2304,2026-01-16 12:43:00,2026-01-16 12:45:00,READY_FOR_SHIPMENT
PKG-00000710,SN-00000710,EXEC-000252,GIS-072-3150,WOODEN_CRATE,430.47,2982,1475,2348,2026-01-16 12:43:00,2026-01-16 12:45:00,READY_FOR_SHIPMENT
PKG-00000711,SN-00000711,EXEC-000252,GIS-072-3150,WOODEN_CRATE,381.32,1954,1295,2325,2026-01-16 12:43:00,2026-01-16 12:45:00,READY_FOR_SHIPMENT
PKG-00000712,SN-00000712,EXEC-000253,GIS-300-4000,WOODEN_CRATE,441.71,2369,1577,2431,2026-01-16 13:03:00,2026-01-16 13:05:00,READY_FOR_SHIPMENT
PKG-00000713,SN-00000713,EXEC-000254,GIS-420-5000,WOODEN_CRATE,628.61,2470,1795,1505,2026-01-16 13:23:00,2026-01-16 13:25:00,READY_FOR_SHIPMENT
PKG-00000714,SN-00000714,EXEC-000255,GIS-145-4000,WOODEN_CRATE,593.63,1990,1669,2233,2026-01-16 13:43:00,2026-01-16 13:45:00,READY_FOR_SHIPMENT
PKG-00000715,SN-00000715,EXEC-000255,GIS-145-4000,WOODEN_CRATE,585.55,2894,1607,1946,2026-01-16 13:43:00,2026-01-16 13:45:00,READY_FOR_SHIPMENT
PKG-00000716,SN-00000716,EXEC-000255,GIS-145-4000,WOODEN_CRATE,636.3,2233,1706,2049,2026-01-16 13:43:00,2026-01-16 13:45:00,READY_FOR_SHIPMENT
PKG-00000717,SN-00000717,EXEC-000255,GIS-145-4000,WOODEN_CRATE,358.83,2380,1545,1767,2026-01-16 13:43:00,2026-01-16 13:45:00,READY_FOR_SHIPMENT
PKG-00000718,SN-00000718,EXEC-000256,GIS-072-3150,WOODEN_CRATE,463.44,2793,1551,1599,2026-01-16 14:03:00,2026-01-16 14:05:00,READY_FOR_SHIPMENT
PKG-00000719,SN-00000719,EXEC-000256,GIS-072-3150,WOODEN_CRATE,239.76,3082,1670,1533,2026-01-16 14:03:00,2026-01-16 14:05:00,READY_FOR_SHIPMENT
PKG-00000720,SN-00000720,EXEC-000256,GIS-072-3150,WOODEN_CRATE,273.42,2123,1651,2434,2026-01-16 14:03:00,2026-01-16 14:05:00,READY_FOR_SHIPMENT
PKG-00000721,SN-00000721,EXEC-000257,GIS-245-4000,WOODEN_CRATE,220.29,2676,1407,1770,2026-01-17 07:03:00,2026-01-17 07:05:00,READY_FOR_SHIPMENT
PKG-00000722,SN-00000722,EXEC-000257,GIS-245-4000,WOODEN_CRATE,599.32,2418,1362,2061,2026-01-17 07:03:00,2026-01-17 07:05:00,READY_FOR_SHIPMENT
PKG-00000723,SN-00000723,EXEC-000257,GIS-245-4000,WOODEN_CRATE,260.14,2538,1456,1668,2026-01-17 07:03:00,2026-01-17 07:05:00,READY_FOR_SHIPMENT
PKG-00000724,SN-00000724,EXEC-000258,GIS-170-4000,WOODEN_CRATE,379.89,3128,1369,1606,2026-01-17 07:23:00,2026-01-17 07:25:00,READY_FOR_SHIPMENT
PKG-00000725,SN-00000725,EXEC-000258,GIS-170-4000,WOODEN_CRATE,390.43,2425,1439,2379,2026-01-17 07:23:00,2026-01-17 07:25:00,READY_FOR_SHIPMENT
PKG-00000726,SN-00000726,EXEC-000258,GIS-170-4000,WOODEN_CRATE,501.86,1994,1201,1937,2026-01-17 07:23:00,2026-01-17 07:25:00,READY_FOR_SHIPMENT
PKG-00000727,SN-00000727,EXEC-000259,GIS-145-4000,WOODEN_CRATE,425.03,2071,1431,2563,2026-01-17 07:43:00,2026-01-17 07:45:00,READY_FOR_SHIPMENT
PKG-00000728,SN-00000728,EXEC-000259,GIS-145-4000,WOODEN_CRATE,512.39,1819,1208,2203,2026-01-17 07:43:00,2026-01-17 07:45:00,READY_FOR_SHIPMENT
PKG-00000729,SN-00000729,EXEC-000259,GIS-145-4000,WOODEN_CRATE,571.36,2664,1335,2478,2026-01-17 07:43:00,2026-01-17 07:45:00,READY_FOR_SHIPMENT
PKG-00000730,SN-00000730,EXEC-000260,GIS-420-5000,WOODEN_CRATE,250.46,2584,1291,1709,2026-01-17 08:03:00,2026-01-17 08:05:00,READY_FOR_SHIPMENT
PKG-00000731,SN-00000731,EXEC-000260,GIS-420-5000,WOODEN_CRATE,264.38,2552,1506,1780,2026-01-17 08:03:00,2026-01-17 08:05:00,READY_FOR_SHIPMENT
PKG-00000732,SN-00000732,EXEC-000261,GIS-170-4000,WOODEN_CRATE,384.57,2072,1346,1640,2026-01-17 08:23:00,2026-01-17 08:25:00,READY_FOR_SHIPMENT
PKG-00000733,SN-00000733,EXEC-000261,GIS-170-4000,WOODEN_CRATE,448.12,1817,1368,2401,2026-01-17 08:23:00,2026-01-17 08:25:00,READY_FOR_SHIPMENT
PKG-00000734,SN-00000734,EXEC-000261,GIS-170-4000,WOODEN_CRATE,371.01,2236,1355,2343,2026-01-17 08:23:00,2026-01-17 08:25:00,READY_FOR_SHIPMENT
PKG-00000735,SN-00000735,EXEC-000262,GIS-170-4000,WOODEN_CRATE,484.91,2706,1422,1677,2026-01-17 08:43:00,2026-01-17 08:45:00,READY_FOR_SHIPMENT
PKG-00000736,SN-00000736,EXEC-000262,GIS-170-4000,WOODEN_CRATE,605.53,2086,1326,2286,2026-01-17 08:43:00,2026-01-17 08:45:00,READY_FOR_SHIPMENT
PKG-00000737,SN-00000737,EXEC-000263,GIS-550-5000,WOODEN_CRATE,371.16,2679,1522,1786,2026-01-17 09:03:00,2026-01-17 09:05:00,READY_FOR_SHIPMENT
PKG-00000738,SN-00000738,EXEC-000264,GIS-170-4000,WOODEN_CRATE,326.55,3120,1286,2008,2026-01-17 09:23:00,2026-01-17 09:25:00,READY_FOR_SHIPMENT
PKG-00000739,SN-00000739,EXEC-000264,GIS-170-4000,WOODEN_CRATE,457.96,3028,1491,1554,2026-01-17 09:23:00,2026-01-17 09:25:00,READY_FOR_SHIPMENT
PKG-00000740,SN-00000740,EXEC-000265,GIS-245-3150,WOODEN_CRATE,584.59,3148,1508,1920,2026-01-17 09:43:00,2026-01-17 09:45:00,READY_FOR_SHIPMENT
PKG-00000741,SN-00000741,EXEC-000265,GIS-245-3150,WOODEN_CRATE,442.63,2843,1393,2302,2026-01-17 09:43:00,2026-01-17 09:45:00,READY_FOR_SHIPMENT
PKG-00000742,SN-00000742,EXEC-000266,GIS-245-4000,WOODEN_CRATE,347.08,1911,1445,2513,2026-01-17 10:03:00,2026-01-17 10:05:00,READY_FOR_SHIPMENT
PKG-00000743,SN-00000743,EXEC-000267,GIS-245-3150,WOODEN_CRATE,385.93,2293,1711,1645,2026-01-17 10:23:00,2026-01-17 10:25:00,READY_FOR_SHIPMENT
PKG-00000744,SN-00000744,EXEC-000267,GIS-245-3150,WOODEN_CRATE,447.16,1824,1569,2148,2026-01-17 10:23:00,2026-01-17 10:25:00,READY_FOR_SHIPMENT
PKG-00000745,SN-00000745,EXEC-000268,GIS-170-4000,WOODEN_CRATE,276.75,2964,1630,2248,2026-01-17 10:43:00,2026-01-17 10:45:00,READY_FOR_SHIPMENT
PKG-00000746,SN-00000746,EXEC-000268,GIS-170-4000,WOODEN_CRATE,454.93,2153,1682,1649,2026-01-17 10:43:00,2026-01-17 10:45:00,READY_FOR_SHIPMENT
PKG-00000747,SN-00000747,EXEC-000268,GIS-170-4000,WOODEN_CRATE,227.18,1938,1214,2036,2026-01-17 10:43:00,2026-01-17 10:45:00,READY_FOR_SHIPMENT
PKG-00000748,SN-00000748,EXEC-000269,GIS-145-4000,WOODEN_CRATE,312.77,1923,1607,2537,2026-01-17 11:03:00,2026-01-17 11:05:00,READY_FOR_SHIPMENT
PKG-00000749,SN-00000749,EXEC-000269,GIS-145-4000,WOODEN_CRATE,343.19,2826,1625,2367,2026-01-17 11:03:00,2026-01-17 11:05:00,READY_FOR_SHIPMENT
PKG-00000750,SN-00000750,EXEC-000269,GIS-145-4000,WOODEN_CRATE,521.78,1968,1749,1812,2026-01-17 11:03:00,2026-01-17 11:05:00,READY_FOR_SHIPMENT
PKG-00000751,SN-00000751,EXEC-000270,GIS-245-3150,WOODEN_CRATE,339.31,2434,1280,2547,2026-01-17 11:23:00,2026-01-17 11:25:00,READY_FOR_SHIPMENT
PKG-00000752,SN-00000752,EXEC-000271,GIS-245-3150,WOODEN_CRATE,616.0,2118,1749,2169,2026-01-17 11:43:00,2026-01-17 11:45:00,READY_FOR_SHIPMENT
PKG-00000753,SN-00000753,EXEC-000271,GIS-245-3150,WOODEN_CRATE,388.01,3099,1267,2135,2026-01-17 11:43:00,2026-01-17 11:45:00,READY_FOR_SHIPMENT
PKG-00000754,SN-00000754,EXEC-000272,GIS-145-3150,WOODEN_CRATE,520.43,2288,1259,2000,2026-01-17 12:03:00,2026-01-17 12:05:00,READY_FOR_SHIPMENT
PKG-00000755,SN-00000755,EXEC-000272,GIS-145-3150,WOODEN_CRATE,257.07,2689,1318,2428,2026-01-17 12:03:00,2026-01-17 12:05:00,READY_FOR_SHIPMENT
PKG-00000756,SN-00000756,EXEC-000272,GIS-145-3150,WOODEN_CRATE,483.29,1912,1516,1859,2026-01-17 12:03:00,2026-01-17 12:05:00,READY_FOR_SHIPMENT
PKG-00000757,SN-00000757,EXEC-000272,GIS-145-3150,WOODEN_CRATE,271.36,2081,1211,1835,2026-01-17 12:03:00,2026-01-17 12:05:00,READY_FOR_SHIPMENT
PKG-00000758,SN-00000758,EXEC-000273,GIS-072-2500,WOODEN_CRATE,433.46,2510,1735,2559,2026-01-17 12:23:00,2026-01-17 12:25:00,READY_FOR_SHIPMENT
PKG-00000759,SN-00000759,EXEC-000273,GIS-072-2500,WOODEN_CRATE,556.68,2330,1370,2261,2026-01-17 12:23:00,2026-01-17 12:25:00,READY_FOR_SHIPMENT
PKG-00000760,SN-00000760,EXEC-000273,GIS-072-2500,WOODEN_CRATE,274.58,2350,1320,1560,2026-01-17 12:23:00,2026-01-17 12:25:00,READY_FOR_SHIPMENT
PKG-00000761,SN-00000761,EXEC-000273,GIS-072-2500,WOODEN_CRATE,364.05,2679,1478,2572,2026-01-17 12:23:00,2026-01-17 12:25:00,READY_FOR_SHIPMENT
PKG-00000762,SN-00000762,EXEC-000274,GIS-550-5000,WOODEN_CRATE,247.46,2980,1278,2516,2026-01-17 12:43:00,2026-01-17 12:45:00,READY_FOR_SHIPMENT
PKG-00000763,SN-00000763,EXEC-000275,GIS-145-4000,WOODEN_CRATE,415.74,2537,1256,2523,2026-01-17 13:03:00,2026-01-17 13:05:00,READY_FOR_SHIPMENT
PKG-00000764,SN-00000764,EXEC-000275,GIS-145-4000,WOODEN_CRATE,589.52,2141,1576,1822,2026-01-17 13:03:00,2026-01-17 13:05:00,READY_FOR_SHIPMENT
PKG-00000765,SN-00000765,EXEC-000276,GIS-145-4000,WOODEN_CRATE,329.7,2010,1787,1736,2026-01-18 07:03:00,2026-01-18 07:05:00,READY_FOR_SHIPMENT
PKG-00000766,SN-00000766,EXEC-000276,GIS-145-4000,WOODEN_CRATE,318.21,2842,1202,1590,2026-01-18 07:03:00,2026-01-18 07:05:00,READY_FOR_SHIPMENT
PKG-00000767,SN-00000767,EXEC-000277,GIS-145-3150,WOODEN_CRATE,589.24,1825,1450,1594,2026-01-18 07:23:00,2026-01-18 07:25:00,READY_FOR_SHIPMENT
PKG-00000768,SN-00000768,EXEC-000277,GIS-145-3150,WOODEN_CRATE,422.86,2584,1353,1866,2026-01-18 07:23:00,2026-01-18 07:25:00,READY_FOR_SHIPMENT
PKG-00000769,SN-00000769,EXEC-000277,GIS-145-3150,WOODEN_CRATE,620.4,1872,1766,2358,2026-01-18 07:23:00,2026-01-18 07:25:00,READY_FOR_SHIPMENT
PKG-00000770,SN-00000770,EXEC-000278,GIS-245-4000,WOODEN_CRATE,316.54,2308,1626,2155,2026-01-18 07:43:00,2026-01-18 07:45:00,READY_FOR_SHIPMENT
PKG-00000771,SN-00000771,EXEC-000279,GIS-072-2500,WOODEN_CRATE,336.64,1959,1785,2263,2026-01-18 08:03:00,2026-01-18 08:05:00,READY_FOR_SHIPMENT
PKG-00000772,SN-00000772,EXEC-000279,GIS-072-2500,WOODEN_CRATE,271.34,3178,1253,1867,2026-01-18 08:03:00,2026-01-18 08:05:00,READY_FOR_SHIPMENT
PKG-00000773,SN-00000773,EXEC-000279,GIS-072-2500,WOODEN_CRATE,315.97,2856,1247,2321,2026-01-18 08:03:00,2026-01-18 08:05:00,READY_FOR_SHIPMENT
PKG-00000774,SN-00000774,EXEC-000279,GIS-072-2500,WOODEN_CRATE,249.64,2752,1489,2136,2026-01-18 08:03:00,2026-01-18 08:05:00,READY_FOR_SHIPMENT
PKG-00000775,SN-00000775,EXEC-000280,GIS-245-3150,WOODEN_CRATE,360.74,2932,1667,1516,2026-01-18 08:23:00,2026-01-18 08:25:00,READY_FOR_SHIPMENT
PKG-00000776,SN-00000776,EXEC-000281,GIS-245-3150,WOODEN_CRATE,378.64,2397,1777,2122,2026-01-18 08:43:00,2026-01-18 08:45:00,READY_FOR_SHIPMENT
PKG-00000777,SN-00000777,EXEC-000282,GIS-145-3150,WOODEN_CRATE,538.02,2296,1675,2254,2026-01-18 09:03:00,2026-01-18 09:05:00,READY_FOR_SHIPMENT
PKG-00000778,SN-00000778,EXEC-000282,GIS-145-3150,WOODEN_CRATE,474.43,2810,1400,2002,2026-01-18 09:03:00,2026-01-18 09:05:00,READY_FOR_SHIPMENT
PKG-00000779,SN-00000779,EXEC-000283,GIS-072-2500,WOODEN_CRATE,284.74,2639,1224,1977,2026-01-18 09:23:00,2026-01-18 09:25:00,READY_FOR_SHIPMENT
PKG-00000780,SN-00000780,EXEC-000283,GIS-072-2500,WOODEN_CRATE,452.86,3102,1209,2186,2026-01-18 09:23:00,2026-01-18 09:25:00,READY_FOR_SHIPMENT
PKG-00000781,SN-00000781,EXEC-000283,GIS-072-2500,WOODEN_CRATE,220.63,3146,1585,2129,2026-01-18 09:23:00,2026-01-18 09:25:00,READY_FOR_SHIPMENT
PKG-00000782,SN-00000782,EXEC-000284,GIS-072-2500,WOODEN_CRATE,264.7,2885,1443,2359,2026-01-18 09:43:00,2026-01-18 09:45:00,READY_FOR_SHIPMENT
PKG-00000783,SN-00000783,EXEC-000284,GIS-072-2500,WOODEN_CRATE,431.57,1922,1345,2073,2026-01-18 09:43:00,2026-01-18 09:45:00,READY_FOR_SHIPMENT
PKG-00000784,SN-00000784,EXEC-000284,GIS-072-2500,WOODEN_CRATE,260.0,2274,1732,2345,2026-01-18 09:43:00,2026-01-18 09:45:00,READY_FOR_SHIPMENT
PKG-00000785,SN-00000785,EXEC-000285,GIS-245-3150,WOODEN_CRATE,521.36,2562,1669,1673,2026-01-18 10:03:00,2026-01-18 10:05:00,READY_FOR_SHIPMENT
PKG-00000786,SN-00000786,EXEC-000285,GIS-245-3150,WOODEN_CRATE,469.73,2835,1336,2307,2026-01-18 10:03:00,2026-01-18 10:05:00,READY_FOR_SHIPMENT
PKG-00000787,SN-00000787,EXEC-000285,GIS-245-3150,WOODEN_CRATE,252.18,2962,1263,2390,2026-01-18 10:03:00,2026-01-18 10:05:00,READY_FOR_SHIPMENT
PKG-00000788,SN-00000788,EXEC-000286,GIS-145-3150,WOODEN_CRATE,504.85,2067,1442,2097,2026-01-18 10:23:00,2026-01-18 10:25:00,READY_FOR_SHIPMENT
PKG-00000789,SN-00000789,EXEC-000286,GIS-145-3150,WOODEN_CRATE,332.23,2445,1602,2168,2026-01-18 10:23:00,2026-01-18 10:25:00,READY_FOR_SHIPMENT
PKG-00000790,SN-00000790,EXEC-000286,GIS-145-3150,WOODEN_CRATE,356.76,2356,1439,1652,2026-01-18 10:23:00,2026-01-18 10:25:00,READY_FOR_SHIPMENT
PKG-00000791,SN-00000791,EXEC-000287,GIS-072-3150,WOODEN_CRATE,625.73,2078,1798,1723,2026-01-18 10:43:00,2026-01-18 10:45:00,READY_FOR_SHIPMENT
PKG-00000792,SN-00000792,EXEC-000287,GIS-072-3150,WOODEN_CRATE,286.83,2136,1660,2454,2026-01-18 10:43:00,2026-01-18 10:45:00,READY_FOR_SHIPMENT
PKG-00000793,SN-00000793,EXEC-000287,GIS-072-3150,WOODEN_CRATE,355.03,2047,1748,2233,2026-01-18 10:43:00,2026-01-18 10:45:00,READY_FOR_SHIPMENT
PKG-00000794,SN-00000794,EXEC-000287,GIS-072-3150,WOODEN_CRATE,634.79,2225,1662,2131,2026-01-18 10:43:00,2026-01-18 10:45:00,READY_FOR_SHIPMENT
PKG-00000795,SN-00000795,EXEC-000287,GIS-072-3150,WOODEN_CRATE,419.24,2045,1292,1822,2026-01-18 10:43:00,2026-01-18 10:45:00,READY_FOR_SHIPMENT
PKG-00000796,SN-00000796,EXEC-000288,GIS-072-3150,WOODEN_CRATE,567.27,2423,1241,1940,2026-01-18 11:03:00,2026-01-18 11:05:00,READY_FOR_SHIPMENT
PKG-00000797,SN-00000797,EXEC-000288,GIS-072-3150,WOODEN_CRATE,579.45,2471,1351,1686,2026-01-18 11:03:00,2026-01-18 11:05:00,READY_FOR_SHIPMENT
PKG-00000798,SN-00000798,EXEC-000288,GIS-072-3150,WOODEN_CRATE,525.8,2528,1605,2551,2026-01-18 11:03:00,2026-01-18 11:05:00,READY_FOR_SHIPMENT
PKG-00000799,SN-00000799,EXEC-000288,GIS-072-3150,WOODEN_CRATE,241.05,2412,1466,1856,2026-01-18 11:03:00,2026-01-18 11:05:00,READY_FOR_SHIPMENT
PKG-00000800,SN-00000800,EXEC-000288,GIS-072-3150,WOODEN_CRATE,233.37,2628,1663,2011,2026-01-18 11:03:00,2026-01-18 11:05:00,READY_FOR_SHIPMENT
PKG-00000801,SN-00000801,EXEC-000289,GIS-420-4000,WOODEN_CRATE,260.73,2008,1343,1748,2026-01-18 11:23:00,2026-01-18 11:25:00,READY_FOR_SHIPMENT
PKG-00000802,SN-00000802,EXEC-000290,GIS-245-4000,WOODEN_CRATE,225.14,2255,1333,1905,2026-01-18 11:43:00,2026-01-18 11:45:00,READY_FOR_SHIPMENT
PKG-00000803,SN-00000803,EXEC-000290,GIS-245-4000,WOODEN_CRATE,574.18,2562,1286,2030,2026-01-18 11:43:00,2026-01-18 11:45:00,READY_FOR_SHIPMENT
PKG-00000804,SN-00000804,EXEC-000291,GIS-245-4000,WOODEN_CRATE,614.49,1953,1222,1632,2026-01-18 12:03:00,2026-01-18 12:05:00,READY_FOR_SHIPMENT
PKG-00000805,SN-00000805,EXEC-000291,GIS-245-4000,WOODEN_CRATE,305.03,3122,1654,1763,2026-01-18 12:03:00,2026-01-18 12:05:00,READY_FOR_SHIPMENT
PKG-00000806,SN-00000806,EXEC-000292,GIS-072-3150,WOODEN_CRATE,259.55,2479,1325,1587,2026-01-18 12:23:00,2026-01-18 12:25:00,READY_FOR_SHIPMENT
PKG-00000807,SN-00000807,EXEC-000292,GIS-072-3150,WOODEN_CRATE,625.18,1903,1372,2387,2026-01-18 12:23:00,2026-01-18 12:25:00,READY_FOR_SHIPMENT
PKG-00000808,SN-00000808,EXEC-000292,GIS-072-3150,WOODEN_CRATE,573.32,2608,1708,1560,2026-01-18 12:23:00,2026-01-18 12:25:00,READY_FOR_SHIPMENT
PKG-00000809,SN-00000809,EXEC-000292,GIS-072-3150,WOODEN_CRATE,384.57,2673,1376,2224,2026-01-18 12:23:00,2026-01-18 12:25:00,READY_FOR_SHIPMENT
PKG-00000810,SN-00000810,EXEC-000293,GIS-170-4000,WOODEN_CRATE,312.33,2183,1481,2073,2026-01-18 12:43:00,2026-01-18 12:45:00,READY_FOR_SHIPMENT
PKG-00000811,SN-00000811,EXEC-000293,GIS-170-4000,WOODEN_CRATE,411.78,2104,1235,2003,2026-01-18 12:43:00,2026-01-18 12:45:00,READY_FOR_SHIPMENT
PKG-00000812,SN-00000812,EXEC-000293,GIS-170-4000,WOODEN_CRATE,498.33,2821,1621,2481,2026-01-18 12:43:00,2026-01-18 12:45:00,READY_FOR_SHIPMENT
PKG-00000813,SN-00000813,EXEC-000294,GIS-145-3150,WOODEN_CRATE,246.22,2372,1592,1781,2026-01-18 13:03:00,2026-01-18 13:05:00,READY_FOR_SHIPMENT
PKG-00000814,SN-00000814,EXEC-000294,GIS-145-3150,WOODEN_CRATE,400.27,3116,1738,2010,2026-01-18 13:03:00,2026-01-18 13:05:00,READY_FOR_SHIPMENT
PKG-00000815,SN-00000815,EXEC-000294,GIS-145-3150,WOODEN_CRATE,491.22,2913,1219,2283,2026-01-18 13:03:00,2026-01-18 13:05:00,READY_FOR_SHIPMENT
PKG-00000816,SN-00000816,EXEC-000295,GIS-170-4000,WOODEN_CRATE,556.22,2535,1691,2492,2026-01-18 13:23:00,2026-01-18 13:25:00,READY_FOR_SHIPMENT
PKG-00000817,SN-00000817,EXEC-000295,GIS-170-4000,WOODEN_CRATE,367.93,2958,1714,2158,2026-01-18 13:23:00,2026-01-18 13:25:00,READY_FOR_SHIPMENT
PKG-00000818,SN-00000818,EXEC-000295,GIS-170-4000,WOODEN_CRATE,387.0,2168,1226,2153,2026-01-18 13:23:00,2026-01-18 13:25:00,READY_FOR_SHIPMENT
PKG-00000819,SN-00000819,EXEC-000296,GIS-145-3150,WOODEN_CRATE,476.76,1860,1487,1619,2026-01-18 13:43:00,2026-01-18 13:45:00,READY_FOR_SHIPMENT
PKG-00000820,SN-00000820,EXEC-000296,GIS-145-3150,WOODEN_CRATE,567.72,2766,1742,2232,2026-01-18 13:43:00,2026-01-18 13:45:00,READY_FOR_SHIPMENT
PKG-00000821,SN-00000821,EXEC-000297,GIS-072-3150,WOODEN_CRATE,549.74,2276,1363,1705,2026-01-18 14:03:00,2026-01-18 14:05:00,READY_FOR_SHIPMENT
PKG-00000822,SN-00000822,EXEC-000297,GIS-072-3150,WOODEN_CRATE,326.58,2293,1472,2592,2026-01-18 14:03:00,2026-01-18 14:05:00,READY_FOR_SHIPMENT
PKG-00000823,SN-00000823,EXEC-000297,GIS-072-3150,WOODEN_CRATE,571.0,1914,1424,2295,2026-01-18 14:03:00,2026-01-18 14:05:00,READY_FOR_SHIPMENT
PKG-00000824,SN-00000824,EXEC-000297,GIS-072-3150,WOODEN_CRATE,372.57,2155,1380,1984,2026-01-18 14:03:00,2026-01-18 14:05:00,READY_FOR_SHIPMENT
PKG-00000825,SN-00000825,EXEC-000298,GIS-145-3150,WOODEN_CRATE,474.78,2534,1228,2220,2026-01-19 07:03:00,2026-01-19 07:05:00,READY_FOR_SHIPMENT
PKG-00000826,SN-00000826,EXEC-000298,GIS-145-3150,WOODEN_CRATE,627.45,2954,1345,1885,2026-01-19 07:03:00,2026-01-19 07:05:00,READY_FOR_SHIPMENT
PKG-00000827,SN-00000827,EXEC-000298,GIS-145-3150,WOODEN_CRATE,579.78,2808,1755,2132,2026-01-19 07:03:00,2026-01-19 07:05:00,READY_FOR_SHIPMENT
PKG-00000828,SN-00000828,EXEC-000299,GIS-245-3150,WOODEN_CRATE,295.49,1877,1292,1615,2026-01-19 07:23:00,2026-01-19 07:25:00,READY_FOR_SHIPMENT
PKG-00000829,SN-00000829,EXEC-000299,GIS-245-3150,WOODEN_CRATE,320.03,2248,1220,2578,2026-01-19 07:23:00,2026-01-19 07:25:00,READY_FOR_SHIPMENT
PKG-00000830,SN-00000830,EXEC-000300,GIS-245-3150,WOODEN_CRATE,425.54,2479,1406,1767,2026-01-19 07:43:00,2026-01-19 07:45:00,READY_FOR_SHIPMENT
PKG-00000831,SN-00000831,EXEC-000300,GIS-245-3150,WOODEN_CRATE,366.53,2163,1531,1621,2026-01-19 07:43:00,2026-01-19 07:45:00,READY_FOR_SHIPMENT
PKG-00000832,SN-00000832,EXEC-000300,GIS-245-3150,WOODEN_CRATE,229.42,3001,1345,1727,2026-01-19 07:43:00,2026-01-19 07:45:00,READY_FOR_SHIPMENT
PKG-00000833,SN-00000833,EXEC-000301,GIS-145-4000,WOODEN_CRATE,583.99,2547,1274,2265,2026-01-19 08:03:00,2026-01-19 08:05:00,READY_FOR_SHIPMENT
PKG-00000834,SN-00000834,EXEC-000301,GIS-145-4000,WOODEN_CRATE,522.95,3156,1605,1706,2026-01-19 08:03:00,2026-01-19 08:05:00,READY_FOR_SHIPMENT
PKG-00000835,SN-00000835,EXEC-000302,GIS-550-5000,WOODEN_CRATE,364.72,2460,1339,1822,2026-01-19 08:23:00,2026-01-19 08:25:00,READY_FOR_SHIPMENT
PKG-00000836,SN-00000836,EXEC-000303,GIS-072-2500,WOODEN_CRATE,534.91,2694,1698,2149,2026-01-19 08:43:00,2026-01-19 08:45:00,READY_FOR_SHIPMENT
PKG-00000837,SN-00000837,EXEC-000303,GIS-072-2500,WOODEN_CRATE,294.91,2950,1565,1957,2026-01-19 08:43:00,2026-01-19 08:45:00,READY_FOR_SHIPMENT
PKG-00000838,SN-00000838,EXEC-000303,GIS-072-2500,WOODEN_CRATE,506.18,2159,1587,2128,2026-01-19 08:43:00,2026-01-19 08:45:00,READY_FOR_SHIPMENT
PKG-00000839,SN-00000839,EXEC-000303,GIS-072-2500,WOODEN_CRATE,535.62,2403,1330,1863,2026-01-19 08:43:00,2026-01-19 08:45:00,READY_FOR_SHIPMENT
PKG-00000840,SN-00000840,EXEC-000304,GIS-420-4000,WOODEN_CRATE,533.4,2973,1600,1566,2026-01-19 09:03:00,2026-01-19 09:05:00,READY_FOR_SHIPMENT
PKG-00000841,SN-00000841,EXEC-000305,GIS-145-3150,WOODEN_CRATE,298.3,2451,1426,1713,2026-01-19 09:23:00,2026-01-19 09:25:00,READY_FOR_SHIPMENT
PKG-00000842,SN-00000842,EXEC-000305,GIS-145-3150,WOODEN_CRATE,622.78,2088,1539,1659,2026-01-19 09:23:00,2026-01-19 09:25:00,READY_FOR_SHIPMENT
PKG-00000843,SN-00000843,EXEC-000305,GIS-145-3150,WOODEN_CRATE,322.34,2454,1371,1681,2026-01-19 09:23:00,2026-01-19 09:25:00,READY_FOR_SHIPMENT
PKG-00000844,SN-00000844,EXEC-000305,GIS-145-3150,WOODEN_CRATE,573.31,3172,1543,2414,2026-01-19 09:23:00,2026-01-19 09:25:00,READY_FOR_SHIPMENT
PKG-00000845,SN-00000845,EXEC-000306,GIS-072-2500,WOODEN_CRATE,224.9,2229,1455,1638,2026-01-19 09:43:00,2026-01-19 09:45:00,READY_FOR_SHIPMENT
PKG-00000846,SN-00000846,EXEC-000306,GIS-072-2500,WOODEN_CRATE,370.71,2021,1201,1598,2026-01-19 09:43:00,2026-01-19 09:45:00,READY_FOR_SHIPMENT
PKG-00000847,SN-00000847,EXEC-000306,GIS-072-2500,WOODEN_CRATE,385.95,2659,1370,2347,2026-01-19 09:43:00,2026-01-19 09:45:00,READY_FOR_SHIPMENT
PKG-00000848,SN-00000848,EXEC-000306,GIS-072-2500,WOODEN_CRATE,432.03,2575,1559,2268,2026-01-19 09:43:00,2026-01-19 09:45:00,READY_FOR_SHIPMENT
PKG-00000849,SN-00000849,EXEC-000307,GIS-245-3150,WOODEN_CRATE,263.61,2781,1791,1961,2026-01-19 10:03:00,2026-01-19 10:05:00,READY_FOR_SHIPMENT
PKG-00000850,SN-00000850,EXEC-000307,GIS-245-3150,WOODEN_CRATE,289.94,1950,1234,2103,2026-01-19 10:03:00,2026-01-19 10:05:00,READY_FOR_SHIPMENT
PKG-00000851,SN-00000851,EXEC-000307,GIS-245-3150,WOODEN_CRATE,228.63,2334,1307,1651,2026-01-19 10:03:00,2026-01-19 10:05:00,READY_FOR_SHIPMENT
PKG-00000852,SN-00000852,EXEC-000308,GIS-145-3150,WOODEN_CRATE,366.98,2568,1364,1653,2026-01-19 10:23:00,2026-01-19 10:25:00,READY_FOR_SHIPMENT
PKG-00000853,SN-00000853,EXEC-000308,GIS-145-3150,WOODEN_CRATE,455.23,1990,1546,2488,2026-01-19 10:23:00,2026-01-19 10:25:00,READY_FOR_SHIPMENT
PKG-00000854,SN-00000854,EXEC-000308,GIS-145-3150,WOODEN_CRATE,522.94,2683,1368,2389,2026-01-19 10:23:00,2026-01-19 10:25:00,READY_FOR_SHIPMENT
PKG-00000855,SN-00000855,EXEC-000308,GIS-145-3150,WOODEN_CRATE,287.55,2007,1539,1920,2026-01-19 10:23:00,2026-01-19 10:25:00,READY_FOR_SHIPMENT
PKG-00000856,SN-00000856,EXEC-000309,GIS-145-3150,WOODEN_CRATE,638.99,2638,1767,2043,2026-01-19 10:43:00,2026-01-19 10:45:00,READY_FOR_SHIPMENT
PKG-00000857,SN-00000857,EXEC-000309,GIS-145-3150,WOODEN_CRATE,504.06,2409,1443,1696,2026-01-19 10:43:00,2026-01-19 10:45:00,READY_FOR_SHIPMENT
PKG-00000858,SN-00000858,EXEC-000309,GIS-145-3150,WOODEN_CRATE,241.34,2970,1762,2505,2026-01-19 10:43:00,2026-01-19 10:45:00,READY_FOR_SHIPMENT
PKG-00000859,SN-00000859,EXEC-000310,GIS-420-4000,WOODEN_CRATE,286.04,2538,1203,2375,2026-01-19 11:03:00,2026-01-19 11:05:00,READY_FOR_SHIPMENT
PKG-00000860,SN-00000860,EXEC-000310,GIS-420-4000,WOODEN_CRATE,257.68,3155,1691,1908,2026-01-19 11:03:00,2026-01-19 11:05:00,READY_FOR_SHIPMENT
PKG-00000861,SN-00000861,EXEC-000311,GIS-072-2500,WOODEN_CRATE,261.7,2223,1374,2097,2026-01-19 11:23:00,2026-01-19 11:25:00,READY_FOR_SHIPMENT
PKG-00000862,SN-00000862,EXEC-000311,GIS-072-2500,WOODEN_CRATE,640.13,2769,1318,2131,2026-01-19 11:23:00,2026-01-19 11:25:00,READY_FOR_SHIPMENT
PKG-00000863,SN-00000863,EXEC-000311,GIS-072-2500,WOODEN_CRATE,557.5,2764,1700,2042,2026-01-19 11:23:00,2026-01-19 11:25:00,READY_FOR_SHIPMENT
PKG-00000864,SN-00000864,EXEC-000312,GIS-245-3150,WOODEN_CRATE,259.19,2914,1596,1878,2026-01-19 11:43:00,2026-01-19 11:45:00,READY_FOR_SHIPMENT
PKG-00000865,SN-00000865,EXEC-000312,GIS-245-3150,WOODEN_CRATE,379.54,2581,1578,1882,2026-01-19 11:43:00,2026-01-19 11:45:00,READY_FOR_SHIPMENT
PKG-00000866,SN-00000866,EXEC-000313,GIS-245-4000,WOODEN_CRATE,411.68,2339,1650,2452,2026-01-19 12:03:00,2026-01-19 12:05:00,READY_FOR_SHIPMENT
PKG-00000867,SN-00000867,EXEC-000313,GIS-245-4000,WOODEN_CRATE,333.26,2350,1777,1626,2026-01-19 12:03:00,2026-01-19 12:05:00,READY_FOR_SHIPMENT
PKG-00000868,SN-00000868,EXEC-000314,GIS-245-4000,WOODEN_CRATE,284.99,3166,1299,1675,2026-01-19 12:23:00,2026-01-19 12:25:00,READY_FOR_SHIPMENT
PKG-00000869,SN-00000869,EXEC-000314,GIS-245-4000,WOODEN_CRATE,507.3,2908,1623,1965,2026-01-19 12:23:00,2026-01-19 12:25:00,READY_FOR_SHIPMENT
PKG-00000870,SN-00000870,EXEC-000314,GIS-245-4000,WOODEN_CRATE,458.05,2592,1735,2357,2026-01-19 12:23:00,2026-01-19 12:25:00,READY_FOR_SHIPMENT
PKG-00000871,SN-00000871,EXEC-000315,GIS-145-3150,WOODEN_CRATE,635.22,2772,1786,1982,2026-01-19 12:43:00,2026-01-19 12:45:00,READY_FOR_SHIPMENT
PKG-00000872,SN-00000872,EXEC-000315,GIS-145-3150,WOODEN_CRATE,424.79,1961,1604,1571,2026-01-19 12:43:00,2026-01-19 12:45:00,READY_FOR_SHIPMENT
PKG-00000873,SN-00000873,EXEC-000315,GIS-145-3150,WOODEN_CRATE,435.9,2858,1785,1801,2026-01-19 12:43:00,2026-01-19 12:45:00,READY_FOR_SHIPMENT
PKG-00000874,SN-00000874,EXEC-000315,GIS-145-3150,WOODEN_CRATE,271.72,2719,1377,1842,2026-01-19 12:43:00,2026-01-19 12:45:00,READY_FOR_SHIPMENT
PKG-00000875,SN-00000875,EXEC-000316,GIS-072-2500,WOODEN_CRATE,638.03,2194,1329,1587,2026-01-19 13:03:00,2026-01-19 13:05:00,READY_FOR_SHIPMENT
PKG-00000876,SN-00000876,EXEC-000316,GIS-072-2500,WOODEN_CRATE,402.05,3199,1645,1913,2026-01-19 13:03:00,2026-01-19 13:05:00,READY_FOR_SHIPMENT
PKG-00000877,SN-00000877,EXEC-000316,GIS-072-2500,WOODEN_CRATE,648.83,3084,1351,2028,2026-01-19 13:03:00,2026-01-19 13:05:00,READY_FOR_SHIPMENT
PKG-00000878,SN-00000878,EXEC-000316,GIS-072-2500,WOODEN_CRATE,357.49,1937,1289,2294,2026-01-19 13:03:00,2026-01-19 13:05:00,READY_FOR_SHIPMENT
PKG-00000879,SN-00000879,EXEC-000317,GIS-072-3150,WOODEN_CRATE,459.24,2930,1533,2065,2026-01-19 13:23:00,2026-01-19 13:25:00,READY_FOR_SHIPMENT
PKG-00000880,SN-00000880,EXEC-000317,GIS-072-3150,WOODEN_CRATE,443.47,1825,1735,2359,2026-01-19 13:23:00,2026-01-19 13:25:00,READY_FOR_SHIPMENT
PKG-00000881,SN-00000881,EXEC-000317,GIS-072-3150,WOODEN_CRATE,268.38,2106,1351,1705,2026-01-19 13:23:00,2026-01-19 13:25:00,READY_FOR_SHIPMENT
PKG-00000882,SN-00000882,EXEC-000317,GIS-072-3150,WOODEN_CRATE,617.72,2952,1303,2085,2026-01-19 13:23:00,2026-01-19 13:25:00,READY_FOR_SHIPMENT
PKG-00000883,SN-00000883,EXEC-000318,GIS-072-3150,WOODEN_CRATE,593.01,2504,1620,2040,2026-01-19 13:43:00,2026-01-19 13:45:00,READY_FOR_SHIPMENT
PKG-00000884,SN-00000884,EXEC-000318,GIS-072-3150,WOODEN_CRATE,384.71,2794,1785,2468,2026-01-19 13:43:00,2026-01-19 13:45:00,READY_FOR_SHIPMENT
PKG-00000885,SN-00000885,EXEC-000318,GIS-072-3150,WOODEN_CRATE,236.11,2364,1612,1794,2026-01-19 13:43:00,2026-01-19 13:45:00,READY_FOR_SHIPMENT
PKG-00000886,SN-00000886,EXEC-000318,GIS-072-3150,WOODEN_CRATE,485.85,3194,1611,1579,2026-01-19 13:43:00,2026-01-19 13:45:00,READY_FOR_SHIPMENT
PKG-00000887,SN-00000887,EXEC-000319,GIS-245-4000,WOODEN_CRATE,390.19,2478,1443,1600,2026-01-19 14:03:00,2026-01-19 14:05:00,READY_FOR_SHIPMENT
PKG-00000888,SN-00000888,EXEC-000320,GIS-170-4000,WOODEN_CRATE,540.67,2350,1581,1541,2026-01-19 14:23:00,2026-01-19 14:25:00,READY_FOR_SHIPMENT
PKG-00000889,SN-00000889,EXEC-000320,GIS-170-4000,WOODEN_CRATE,365.28,2420,1518,2074,2026-01-19 14:23:00,2026-01-19 14:25:00,READY_FOR_SHIPMENT
PKG-00000890,SN-00000890,EXEC-000320,GIS-170-4000,WOODEN_CRATE,582.42,2001,1433,1775,2026-01-19 14:23:00,2026-01-19 14:25:00,READY_FOR_SHIPMENT
PKG-00000891,SN-00000891,EXEC-000321,GIS-072-3150,WOODEN_CRATE,349.21,2707,1528,2051,2026-01-19 14:43:00,2026-01-19 14:45:00,READY_FOR_SHIPMENT
PKG-00000892,SN-00000892,EXEC-000321,GIS-072-3150,WOODEN_CRATE,533.38,3038,1291,1884,2026-01-19 14:43:00,2026-01-19 14:45:00,READY_FOR_SHIPMENT
PKG-00000893,SN-00000893,EXEC-000321,GIS-072-3150,WOODEN_CRATE,409.94,2633,1696,2557,2026-01-19 14:43:00,2026-01-19 14:45:00,READY_FOR_SHIPMENT
PKG-00000894,SN-00000894,EXEC-000321,GIS-072-3150,WOODEN_CRATE,592.89,1915,1727,1825,2026-01-19 14:43:00,2026-01-19 14:45:00,READY_FOR_SHIPMENT
PKG-00000895,SN-00000895,EXEC-000321,GIS-072-3150,WOODEN_CRATE,248.22,2837,1613,1777,2026-01-19 14:43:00,2026-01-19 14:45:00,READY_FOR_SHIPMENT
PKG-00000896,SN-00000896,EXEC-000322,GIS-245-3150,WOODEN_CRATE,555.62,2873,1782,1559,2026-01-20 07:03:00,2026-01-20 07:05:00,READY_FOR_SHIPMENT
PKG-00000897,SN-00000897,EXEC-000322,GIS-245-3150,WOODEN_CRATE,294.71,2211,1259,2010,2026-01-20 07:03:00,2026-01-20 07:05:00,READY_FOR_SHIPMENT
PKG-00000898,SN-00000898,EXEC-000323,GIS-072-2500,WOODEN_CRATE,234.22,1903,1569,1907,2026-01-20 07:23:00,2026-01-20 07:25:00,READY_FOR_SHIPMENT
PKG-00000899,SN-00000899,EXEC-000323,GIS-072-2500,WOODEN_CRATE,337.81,2750,1717,2312,2026-01-20 07:23:00,2026-01-20 07:25:00,READY_FOR_SHIPMENT
PKG-00000900,SN-00000900,EXEC-000323,GIS-072-2500,WOODEN_CRATE,493.23,2053,1231,1995,2026-01-20 07:23:00,2026-01-20 07:25:00,READY_FOR_SHIPMENT
PKG-00000901,SN-00000901,EXEC-000323,GIS-072-2500,WOODEN_CRATE,380.16,3016,1656,1863,2026-01-20 07:23:00,2026-01-20 07:25:00,READY_FOR_SHIPMENT
PKG-00000902,SN-00000902,EXEC-000324,GIS-245-3150,WOODEN_CRATE,633.02,2771,1800,2216,2026-01-20 07:43:00,2026-01-20 07:45:00,READY_FOR_SHIPMENT
PKG-00000903,SN-00000903,EXEC-000325,GIS-420-5000,WOODEN_CRATE,368.03,2329,1292,2083,2026-01-20 08:03:00,2026-01-20 08:05:00,READY_FOR_SHIPMENT
PKG-00000904,SN-00000904,EXEC-000325,GIS-420-5000,WOODEN_CRATE,231.8,1901,1366,1938,2026-01-20 08:03:00,2026-01-20 08:05:00,READY_FOR_SHIPMENT
PKG-00000905,SN-00000905,EXEC-000326,GIS-145-3150,WOODEN_CRATE,588.56,3125,1430,1923,2026-01-20 08:23:00,2026-01-20 08:25:00,READY_FOR_SHIPMENT
PKG-00000906,SN-00000906,EXEC-000326,GIS-145-3150,WOODEN_CRATE,335.71,2638,1725,1541,2026-01-20 08:23:00,2026-01-20 08:25:00,READY_FOR_SHIPMENT
PKG-00000907,SN-00000907,EXEC-000326,GIS-145-3150,WOODEN_CRATE,591.79,3197,1209,2470,2026-01-20 08:23:00,2026-01-20 08:25:00,READY_FOR_SHIPMENT
PKG-00000908,SN-00000908,EXEC-000327,GIS-145-3150,WOODEN_CRATE,611.95,3125,1377,1517,2026-01-20 08:43:00,2026-01-20 08:45:00,READY_FOR_SHIPMENT
PKG-00000909,SN-00000909,EXEC-000327,GIS-145-3150,WOODEN_CRATE,316.22,3045,1512,2063,2026-01-20 08:43:00,2026-01-20 08:45:00,READY_FOR_SHIPMENT
PKG-00000910,SN-00000910,EXEC-000327,GIS-145-3150,WOODEN_CRATE,402.24,2571,1557,2440,2026-01-20 08:43:00,2026-01-20 08:45:00,READY_FOR_SHIPMENT
PKG-00000911,SN-00000911,EXEC-000328,GIS-072-2500,WOODEN_CRATE,328.36,2755,1509,2566,2026-01-20 09:03:00,2026-01-20 09:05:00,READY_FOR_SHIPMENT
PKG-00000912,SN-00000912,EXEC-000328,GIS-072-2500,WOODEN_CRATE,574.45,2613,1798,1709,2026-01-20 09:03:00,2026-01-20 09:05:00,READY_FOR_SHIPMENT
PKG-00000913,SN-00000913,EXEC-000328,GIS-072-2500,WOODEN_CRATE,223.16,3156,1583,2078,2026-01-20 09:03:00,2026-01-20 09:05:00,READY_FOR_SHIPMENT
PKG-00000914,SN-00000914,EXEC-000328,GIS-072-2500,WOODEN_CRATE,348.34,2021,1693,1630,2026-01-20 09:03:00,2026-01-20 09:05:00,READY_FOR_SHIPMENT
PKG-00000915,SN-00000915,EXEC-000329,GIS-170-4000,WOODEN_CRATE,364.6,2366,1532,2067,2026-01-20 09:23:00,2026-01-20 09:25:00,READY_FOR_SHIPMENT
PKG-00000916,SN-00000916,EXEC-000329,GIS-170-4000,WOODEN_CRATE,332.29,3134,1505,1885,2026-01-20 09:23:00,2026-01-20 09:25:00,READY_FOR_SHIPMENT
PKG-00000917,SN-00000917,EXEC-000329,GIS-170-4000,WOODEN_CRATE,284.47,2292,1258,2327,2026-01-20 09:23:00,2026-01-20 09:25:00,READY_FOR_SHIPMENT
PKG-00000918,SN-00000918,EXEC-000330,GIS-300-4000,WOODEN_CRATE,504.03,3194,1343,1552,2026-01-20 09:43:00,2026-01-20 09:45:00,READY_FOR_SHIPMENT
PKG-00000919,SN-00000919,EXEC-000330,GIS-300-4000,WOODEN_CRATE,501.82,2405,1465,2357,2026-01-20 09:43:00,2026-01-20 09:45:00,READY_FOR_SHIPMENT
PKG-00000920,SN-00000920,EXEC-000331,GIS-170-4000,WOODEN_CRATE,393.98,1872,1797,1888,2026-01-20 10:03:00,2026-01-20 10:05:00,READY_FOR_SHIPMENT
PKG-00000921,SN-00000921,EXEC-000331,GIS-170-4000,WOODEN_CRATE,367.56,2255,1747,2474,2026-01-20 10:03:00,2026-01-20 10:05:00,READY_FOR_SHIPMENT
PKG-00000922,SN-00000922,EXEC-000332,GIS-245-4000,WOODEN_CRATE,609.81,3175,1567,2538,2026-01-20 10:23:00,2026-01-20 10:25:00,READY_FOR_SHIPMENT
PKG-00000923,SN-00000923,EXEC-000332,GIS-245-4000,WOODEN_CRATE,349.08,2148,1771,1870,2026-01-20 10:23:00,2026-01-20 10:25:00,READY_FOR_SHIPMENT
PKG-00000924,SN-00000924,EXEC-000333,GIS-072-3150,WOODEN_CRATE,346.33,2764,1331,2029,2026-01-20 10:43:00,2026-01-20 10:45:00,READY_FOR_SHIPMENT
PKG-00000925,SN-00000925,EXEC-000333,GIS-072-3150,WOODEN_CRATE,531.83,2944,1387,2187,2026-01-20 10:43:00,2026-01-20 10:45:00,READY_FOR_SHIPMENT
PKG-00000926,SN-00000926,EXEC-000333,GIS-072-3150,WOODEN_CRATE,501.41,2255,1563,1957,2026-01-20 10:43:00,2026-01-20 10:45:00,READY_FOR_SHIPMENT
PKG-00000927,SN-00000927,EXEC-000333,GIS-072-3150,WOODEN_CRATE,540.01,2428,1630,2178,2026-01-20 10:43:00,2026-01-20 10:45:00,READY_FOR_SHIPMENT
PKG-00000928,SN-00000928,EXEC-000334,GIS-072-3150,WOODEN_CRATE,379.82,2999,1501,2449,2026-01-20 11:03:00,2026-01-20 11:05:00,READY_FOR_SHIPMENT
PKG-00000929,SN-00000929,EXEC-000334,GIS-072-3150,WOODEN_CRATE,586.02,2763,1254,1645,2026-01-20 11:03:00,2026-01-20 11:05:00,READY_FOR_SHIPMENT
PKG-00000930,SN-00000930,EXEC-000334,GIS-072-3150,WOODEN_CRATE,423.05,2198,1712,1745,2026-01-20 11:03:00,2026-01-20 11:05:00,READY_FOR_SHIPMENT
PKG-00000931,SN-00000931,EXEC-000334,GIS-072-3150,WOODEN_CRATE,593.02,2581,1742,2111,2026-01-20 11:03:00,2026-01-20 11:05:00,READY_FOR_SHIPMENT
PKG-00000932,SN-00000932,EXEC-000335,GIS-245-3150,WOODEN_CRATE,397.64,2108,1340,1910,2026-01-20 11:23:00,2026-01-20 11:25:00,READY_FOR_SHIPMENT
PKG-00000933,SN-00000933,EXEC-000335,GIS-245-3150,WOODEN_CRATE,367.35,2966,1668,1793,2026-01-20 11:23:00,2026-01-20 11:25:00,READY_FOR_SHIPMENT
PKG-00000934,SN-00000934,EXEC-000335,GIS-245-3150,WOODEN_CRATE,356.04,2169,1282,2498,2026-01-20 11:23:00,2026-01-20 11:25:00,READY_FOR_SHIPMENT
PKG-00000935,SN-00000935,EXEC-000336,GIS-072-2500,WOODEN_CRATE,363.03,2162,1520,1618,2026-01-20 11:43:00,2026-01-20 11:45:00,READY_FOR_SHIPMENT
PKG-00000936,SN-00000936,EXEC-000336,GIS-072-2500,WOODEN_CRATE,222.03,2360,1414,1845,2026-01-20 11:43:00,2026-01-20 11:45:00,READY_FOR_SHIPMENT
PKG-00000937,SN-00000937,EXEC-000336,GIS-072-2500,WOODEN_CRATE,467.8,2124,1701,1680,2026-01-20 11:43:00,2026-01-20 11:45:00,READY_FOR_SHIPMENT
PKG-00000938,SN-00000938,EXEC-000337,GIS-245-3150,WOODEN_CRATE,275.64,2688,1639,2326,2026-01-20 12:03:00,2026-01-20 12:05:00,READY_FOR_SHIPMENT
PKG-00000939,SN-00000939,EXEC-000337,GIS-245-3150,WOODEN_CRATE,404.48,2777,1592,1509,2026-01-20 12:03:00,2026-01-20 12:05:00,READY_FOR_SHIPMENT
PKG-00000940,SN-00000940,EXEC-000338,GIS-072-2500,WOODEN_CRATE,236.22,2208,1582,1528,2026-01-20 12:23:00,2026-01-20 12:25:00,READY_FOR_SHIPMENT
PKG-00000941,SN-00000941,EXEC-000338,GIS-072-2500,WOODEN_CRATE,603.56,2887,1395,1536,2026-01-20 12:23:00,2026-01-20 12:25:00,READY_FOR_SHIPMENT
PKG-00000942,SN-00000942,EXEC-000338,GIS-072-2500,WOODEN_CRATE,511.0,3083,1454,1963,2026-01-20 12:23:00,2026-01-20 12:25:00,READY_FOR_SHIPMENT
PKG-00000943,SN-00000943,EXEC-000338,GIS-072-2500,WOODEN_CRATE,518.22,2505,1519,1764,2026-01-20 12:23:00,2026-01-20 12:25:00,READY_FOR_SHIPMENT
PKG-00000944,SN-00000944,EXEC-000339,GIS-072-2500,WOODEN_CRATE,264.16,2830,1513,1842,2026-01-20 12:43:00,2026-01-20 12:45:00,READY_FOR_SHIPMENT
PKG-00000945,SN-00000945,EXEC-000339,GIS-072-2500,WOODEN_CRATE,248.07,1893,1505,2095,2026-01-20 12:43:00,2026-01-20 12:45:00,READY_FOR_SHIPMENT
PKG-00000946,SN-00000946,EXEC-000339,GIS-072-2500,WOODEN_CRATE,416.05,2865,1736,2191,2026-01-20 12:43:00,2026-01-20 12:45:00,READY_FOR_SHIPMENT
PKG-00000947,SN-00000947,EXEC-000339,GIS-072-2500,WOODEN_CRATE,406.48,2074,1550,2503,2026-01-20 12:43:00,2026-01-20 12:45:00,READY_FOR_SHIPMENT
PKG-00000948,SN-00000948,EXEC-000340,GIS-145-3150,WOODEN_CRATE,374.48,2185,1368,2326,2026-01-20 13:03:00,2026-01-20 13:05:00,READY_FOR_SHIPMENT
PKG-00000949,SN-00000949,EXEC-000340,GIS-145-3150,WOODEN_CRATE,228.22,2259,1334,1932,2026-01-20 13:03:00,2026-01-20 13:05:00,READY_FOR_SHIPMENT
PKG-00000950,SN-00000950,EXEC-000341,GIS-145-4000,WOODEN_CRATE,535.65,3007,1716,1846,2026-01-20 13:23:00,2026-01-20 13:25:00,READY_FOR_SHIPMENT
PKG-00000951,SN-00000951,EXEC-000341,GIS-145-4000,WOODEN_CRATE,272.96,3132,1238,2268,2026-01-20 13:23:00,2026-01-20 13:25:00,READY_FOR_SHIPMENT
PKG-00000952,SN-00000952,EXEC-000341,GIS-145-4000,WOODEN_CRATE,596.91,2323,1747,1599,2026-01-20 13:23:00,2026-01-20 13:25:00,READY_FOR_SHIPMENT
PKG-00000953,SN-00000953,EXEC-000342,GIS-420-4000,WOODEN_CRATE,475.39,1898,1310,1540,2026-01-20 13:43:00,2026-01-20 13:45:00,READY_FOR_SHIPMENT
PKG-00000954,SN-00000954,EXEC-000343,GIS-420-5000,WOODEN_CRATE,240.74,2037,1626,2409,2026-01-21 07:03:00,2026-01-21 07:05:00,READY_FOR_SHIPMENT
PKG-00000955,SN-00000955,EXEC-000343,GIS-420-5000,WOODEN_CRATE,383.51,2920,1458,2471,2026-01-21 07:03:00,2026-01-21 07:05:00,READY_FOR_SHIPMENT
PKG-00000956,SN-00000956,EXEC-000344,GIS-145-3150,WOODEN_CRATE,521.8,2220,1209,2116,2026-01-21 07:23:00,2026-01-21 07:25:00,READY_FOR_SHIPMENT
PKG-00000957,SN-00000957,EXEC-000344,GIS-145-3150,WOODEN_CRATE,400.97,2006,1732,2052,2026-01-21 07:23:00,2026-01-21 07:25:00,READY_FOR_SHIPMENT
PKG-00000958,SN-00000958,EXEC-000345,GIS-072-2500,WOODEN_CRATE,487.8,2080,1628,1714,2026-01-21 07:43:00,2026-01-21 07:45:00,READY_FOR_SHIPMENT
PKG-00000959,SN-00000959,EXEC-000345,GIS-072-2500,WOODEN_CRATE,439.98,3065,1320,2078,2026-01-21 07:43:00,2026-01-21 07:45:00,READY_FOR_SHIPMENT
PKG-00000960,SN-00000960,EXEC-000345,GIS-072-2500,WOODEN_CRATE,269.03,2017,1709,1906,2026-01-21 07:43:00,2026-01-21 07:45:00,READY_FOR_SHIPMENT
PKG-00000961,SN-00000961,EXEC-000346,GIS-245-3150,WOODEN_CRATE,481.87,2338,1735,1913,2026-01-21 08:03:00,2026-01-21 08:05:00,READY_FOR_SHIPMENT
PKG-00000962,SN-00000962,EXEC-000346,GIS-245-3150,WOODEN_CRATE,373.91,2639,1502,1828,2026-01-21 08:03:00,2026-01-21 08:05:00,READY_FOR_SHIPMENT
PKG-00000963,SN-00000963,EXEC-000347,GIS-245-4000,WOODEN_CRATE,236.94,2816,1412,2484,2026-01-21 08:23:00,2026-01-21 08:25:00,READY_FOR_SHIPMENT
PKG-00000964,SN-00000964,EXEC-000347,GIS-245-4000,WOODEN_CRATE,362.16,1805,1213,1682,2026-01-21 08:23:00,2026-01-21 08:25:00,READY_FOR_SHIPMENT
PKG-00000965,SN-00000965,EXEC-000348,GIS-145-3150,WOODEN_CRATE,609.96,2975,1705,1805,2026-01-21 08:43:00,2026-01-21 08:45:00,READY_FOR_SHIPMENT
PKG-00000966,SN-00000966,EXEC-000348,GIS-145-3150,WOODEN_CRATE,628.26,2847,1276,1707,2026-01-21 08:43:00,2026-01-21 08:45:00,READY_FOR_SHIPMENT
PKG-00000967,SN-00000967,EXEC-000348,GIS-145-3150,WOODEN_CRATE,609.06,3119,1436,2435,2026-01-21 08:43:00,2026-01-21 08:45:00,READY_FOR_SHIPMENT
PKG-00000968,SN-00000968,EXEC-000349,GIS-145-4000,WOODEN_CRATE,645.13,2406,1470,2450,2026-01-21 09:03:00,2026-01-21 09:05:00,READY_FOR_SHIPMENT
PKG-00000969,SN-00000969,EXEC-000349,GIS-145-4000,WOODEN_CRATE,241.53,2157,1240,2095,2026-01-21 09:03:00,2026-01-21 09:05:00,READY_FOR_SHIPMENT
PKG-00000970,SN-00000970,EXEC-000349,GIS-145-4000,WOODEN_CRATE,374.89,3186,1520,2372,2026-01-21 09:03:00,2026-01-21 09:05:00,READY_FOR_SHIPMENT
PKG-00000971,SN-00000971,EXEC-000349,GIS-145-4000,WOODEN_CRATE,537.57,1994,1246,1519,2026-01-21 09:03:00,2026-01-21 09:05:00,READY_FOR_SHIPMENT
PKG-00000972,SN-00000972,EXEC-000350,GIS-072-3150,WOODEN_CRATE,586.36,3158,1374,2173,2026-01-21 09:23:00,2026-01-21 09:25:00,READY_FOR_SHIPMENT
PKG-00000973,SN-00000973,EXEC-000350,GIS-072-3150,WOODEN_CRATE,373.74,2696,1474,1690,2026-01-21 09:23:00,2026-01-21 09:25:00,READY_FOR_SHIPMENT
PKG-00000974,SN-00000974,EXEC-000350,GIS-072-3150,WOODEN_CRATE,380.23,2501,1387,1733,2026-01-21 09:23:00,2026-01-21 09:25:00,READY_FOR_SHIPMENT
PKG-00000975,SN-00000975,EXEC-000350,GIS-072-3150,WOODEN_CRATE,392.33,2734,1478,2289,2026-01-21 09:23:00,2026-01-21 09:25:00,READY_FOR_SHIPMENT
PKG-00000976,SN-00000976,EXEC-000351,GIS-420-5000,WOODEN_CRATE,516.66,2779,1631,1841,2026-01-21 09:43:00,2026-01-21 09:45:00,READY_FOR_SHIPMENT
PKG-00000977,SN-00000977,EXEC-000352,GIS-145-4000,WOODEN_CRATE,268.61,1920,1363,1712,2026-01-21 10:03:00,2026-01-21 10:05:00,READY_FOR_SHIPMENT
PKG-00000978,SN-00000978,EXEC-000352,GIS-145-4000,WOODEN_CRATE,398.89,3009,1694,2397,2026-01-21 10:03:00,2026-01-21 10:05:00,READY_FOR_SHIPMENT
PKG-00000979,SN-00000979,EXEC-000352,GIS-145-4000,WOODEN_CRATE,297.94,2577,1567,1559,2026-01-21 10:03:00,2026-01-21 10:05:00,READY_FOR_SHIPMENT
PKG-00000980,SN-00000980,EXEC-000352,GIS-145-4000,WOODEN_CRATE,590.91,2067,1694,2499,2026-01-21 10:03:00,2026-01-21 10:05:00,READY_FOR_SHIPMENT
PKG-00000981,SN-00000981,EXEC-000353,GIS-170-4000,WOODEN_CRATE,268.56,2642,1651,1594,2026-01-21 10:23:00,2026-01-21 10:25:00,READY_FOR_SHIPMENT
PKG-00000982,SN-00000982,EXEC-000353,GIS-170-4000,WOODEN_CRATE,247.23,3141,1521,1525,2026-01-21 10:23:00,2026-01-21 10:25:00,READY_FOR_SHIPMENT
PKG-00000983,SN-00000983,EXEC-000354,GIS-245-3150,WOODEN_CRATE,522.96,3188,1737,1958,2026-01-21 10:43:00,2026-01-21 10:45:00,READY_FOR_SHIPMENT
PKG-00000984,SN-00000984,EXEC-000354,GIS-245-3150,WOODEN_CRATE,640.5,3171,1546,2563,2026-01-21 10:43:00,2026-01-21 10:45:00,READY_FOR_SHIPMENT
PKG-00000985,SN-00000985,EXEC-000355,GIS-145-3150,WOODEN_CRATE,444.93,3066,1297,2386,2026-01-21 11:03:00,2026-01-21 11:05:00,READY_FOR_SHIPMENT
PKG-00000986,SN-00000986,EXEC-000355,GIS-145-3150,WOODEN_CRATE,504.54,2309,1693,2208,2026-01-21 11:03:00,2026-01-21 11:05:00,READY_FOR_SHIPMENT
PKG-00000987,SN-00000987,EXEC-000355,GIS-145-3150,WOODEN_CRATE,505.4,3113,1594,1804,2026-01-21 11:03:00,2026-01-21 11:05:00,READY_FOR_SHIPMENT
PKG-00000988,SN-00000988,EXEC-000356,GIS-072-2500,WOODEN_CRATE,580.78,2943,1255,1523,2026-01-21 11:23:00,2026-01-21 11:25:00,READY_FOR_SHIPMENT
PKG-00000989,SN-00000989,EXEC-000356,GIS-072-2500,WOODEN_CRATE,496.66,2121,1717,2461,2026-01-21 11:23:00,2026-01-21 11:25:00,READY_FOR_SHIPMENT
PKG-00000990,SN-00000990,EXEC-000356,GIS-072-2500,WOODEN_CRATE,586.3,2138,1276,2506,2026-01-21 11:23:00,2026-01-21 11:25:00,READY_FOR_SHIPMENT
PKG-00000991,SN-00000991,EXEC-000357,GIS-145-4000,WOODEN_CRATE,357.87,2477,1484,1603,2026-01-21 11:43:00,2026-01-21 11:45:00,READY_FOR_SHIPMENT
PKG-00000992,SN-00000992,EXEC-000357,GIS-145-4000,WOODEN_CRATE,437.98,2927,1587,2325,2026-01-21 11:43:00,2026-01-21 11:45:00,READY_FOR_SHIPMENT
PKG-00000993,SN-00000993,EXEC-000358,GIS-145-4000,WOODEN_CRATE,571.35,1961,1670,2409,2026-01-21 12:03:00,2026-01-21 12:05:00,READY_FOR_SHIPMENT
PKG-00000994,SN-00000994,EXEC-000358,GIS-145-4000,WOODEN_CRATE,564.54,2717,1290,2520,2026-01-21 12:03:00,2026-01-21 12:05:00,READY_FOR_SHIPMENT
PKG-00000995,SN-00000995,EXEC-000358,GIS-145-4000,WOODEN_CRATE,412.24,2043,1709,1536,2026-01-21 12:03:00,2026-01-21 12:05:00,READY_FOR_SHIPMENT
PKG-00000996,SN-00000996,EXEC-000359,GIS-245-3150,WOODEN_CRATE,264.14,2644,1236,1500,2026-01-21 12:23:00,2026-01-21 12:25:00,READY_FOR_SHIPMENT
PKG-00000997,SN-00000997,EXEC-000359,GIS-245-3150,WOODEN_CRATE,575.14,3037,1511,2541,2026-01-21 12:23:00,2026-01-21 12:25:00,READY_FOR_SHIPMENT
PKG-00000998,SN-00000998,EXEC-000359,GIS-245-3150,WOODEN_CRATE,461.8,3140,1667,2198,2026-01-21 12:23:00,2026-01-21 12:25:00,READY_FOR_SHIPMENT
PKG-00000999,SN-00000999,EXEC-000360,GIS-145-4000,WOODEN_CRATE,376.24,1911,1428,2430,2026-01-21 12:43:00,2026-01-21 12:45:00,READY_FOR_SHIPMENT
PKG-00001000,SN-00001000,EXEC-000360,GIS-145-4000,WOODEN_CRATE,362.75,3069,1684,2244,2026-01-21 12:43:00,2026-01-21 12:45:00,READY_FOR_SHIPMENT
PKG-00001001,SN-00001001,EXEC-000360,GIS-145-4000,WOODEN_CRATE,527.84,2033,1299,1954,2026-01-21 12:43:00,2026-01-21 12:45:00,READY_FOR_SHIPMENT
PKG-00001002,SN-00001002,EXEC-000360,GIS-145-4000,WOODEN_CRATE,220.94,2527,1498,2569,2026-01-21 12:43:00,2026-01-21 12:45:00,READY_FOR_SHIPMENT
PKG-00001003,SN-00001003,EXEC-000361,GIS-072-3150,WOODEN_CRATE,380.77,2017,1246,1836,2026-01-21 13:03:00,2026-01-21 13:05:00,READY_FOR_SHIPMENT
PKG-00001004,SN-00001004,EXEC-000361,GIS-072-3150,WOODEN_CRATE,431.74,2638,1309,2020,2026-01-21 13:03:00,2026-01-21 13:05:00,READY_FOR_SHIPMENT
PKG-00001005,SN-00001005,EXEC-000361,GIS-072-3150,WOODEN_CRATE,482.67,2184,1323,2304,2026-01-21 13:03:00,2026-01-21 13:05:00,READY_FOR_SHIPMENT
PKG-00001006,SN-00001006,EXEC-000361,GIS-072-3150,WOODEN_CRATE,312.7,2190,1546,1720,2026-01-21 13:03:00,2026-01-21 13:05:00,READY_FOR_SHIPMENT
PKG-00001007,SN-00001007,EXEC-000362,GIS-300-4000,WOODEN_CRATE,545.57,1895,1326,2422,2026-01-21 13:23:00,2026-01-21 13:25:00,READY_FOR_SHIPMENT
PKG-00001008,SN-00001008,EXEC-000362,GIS-300-4000,WOODEN_CRATE,416.68,3006,1716,1775,2026-01-21 13:23:00,2026-01-21 13:25:00,READY_FOR_SHIPMENT
PKG-00001009,SN-00001009,EXEC-000363,GIS-072-3150,WOODEN_CRATE,634.46,1808,1743,1599,2026-01-21 13:43:00,2026-01-21 13:45:00,READY_FOR_SHIPMENT
PKG-00001010,SN-00001010,EXEC-000363,GIS-072-3150,WOODEN_CRATE,457.89,2686,1799,2489,2026-01-21 13:43:00,2026-01-21 13:45:00,READY_FOR_SHIPMENT
PKG-00001011,SN-00001011,EXEC-000363,GIS-072-3150,WOODEN_CRATE,617.48,2162,1792,1855,2026-01-21 13:43:00,2026-01-21 13:45:00,READY_FOR_SHIPMENT
PKG-00001012,SN-00001012,EXEC-000363,GIS-072-3150,WOODEN_CRATE,534.11,2062,1306,2293,2026-01-21 13:43:00,2026-01-21 13:45:00,READY_FOR_SHIPMENT
PKG-00001013,SN-00001013,EXEC-000363,GIS-072-3150,WOODEN_CRATE,502.73,3041,1529,2532,2026-01-21 13:43:00,2026-01-21 13:45:00,READY_FOR_SHIPMENT
PKG-00001014,SN-00001014,EXEC-000364,GIS-145-3150,WOODEN_CRATE,599.0,2657,1454,2060,2026-01-21 14:03:00,2026-01-21 14:05:00,READY_FOR_SHIPMENT
PKG-00001015,SN-00001015,EXEC-000364,GIS-145-3150,WOODEN_CRATE,391.08,2502,1501,2427,2026-01-21 14:03:00,2026-01-21 14:05:00,READY_FOR_SHIPMENT
PKG-00001016,SN-00001016,EXEC-000365,GIS-072-2500,WOODEN_CRATE,566.06,2082,1622,2549,2026-01-21 14:23:00,2026-01-21 14:25:00,READY_FOR_SHIPMENT
PKG-00001017,SN-00001017,EXEC-000365,GIS-072-2500,WOODEN_CRATE,348.53,2921,1521,1945,2026-01-21 14:23:00,2026-01-21 14:25:00,READY_FOR_SHIPMENT
PKG-00001018,SN-00001018,EXEC-000365,GIS-072-2500,WOODEN_CRATE,306.38,3078,1497,2207,2026-01-21 14:23:00,2026-01-21 14:25:00,READY_FOR_SHIPMENT
PKG-00001019,SN-00001019,EXEC-000365,GIS-072-2500,WOODEN_CRATE,616.11,2071,1382,2531,2026-01-21 14:23:00,2026-01-21 14:25:00,READY_FOR_SHIPMENT
PKG-00001020,SN-00001020,EXEC-000365,GIS-072-2500,WOODEN_CRATE,453.27,3104,1530,1736,2026-01-21 14:23:00,2026-01-21 14:25:00,READY_FOR_SHIPMENT
PKG-00001021,SN-00001021,EXEC-000366,GIS-420-4000,WOODEN_CRATE,547.13,2951,1691,2354,2026-01-21 14:43:00,2026-01-21 14:45:00,READY_FOR_SHIPMENT
PKG-00001022,SN-00001022,EXEC-000366,GIS-420-4000,WOODEN_CRATE,509.92,2893,1492,2365,2026-01-21 14:43:00,2026-01-21 14:45:00,READY_FOR_SHIPMENT
PKG-00001023,SN-00001023,EXEC-000367,GIS-072-3150,WOODEN_CRATE,567.57,2870,1309,1551,2026-01-22 07:03:00,2026-01-22 07:05:00,READY_FOR_SHIPMENT
PKG-00001024,SN-00001024,EXEC-000367,GIS-072-3150,WOODEN_CRATE,383.77,1908,1257,1909,2026-01-22 07:03:00,2026-01-22 07:05:00,READY_FOR_SHIPMENT
PKG-00001025,SN-00001025,EXEC-000367,GIS-072-3150,WOODEN_CRATE,334.8,2129,1493,2013,2026-01-22 07:03:00,2026-01-22 07:05:00,READY_FOR_SHIPMENT
PKG-00001026,SN-00001026,EXEC-000368,GIS-300-4000,WOODEN_CRATE,282.96,1927,1502,1917,2026-01-22 07:23:00,2026-01-22 07:25:00,READY_FOR_SHIPMENT
PKG-00001027,SN-00001027,EXEC-000369,GIS-245-3150,WOODEN_CRATE,544.05,1866,1567,2426,2026-01-22 07:43:00,2026-01-22 07:45:00,READY_FOR_SHIPMENT
PKG-00001028,SN-00001028,EXEC-000369,GIS-245-3150,WOODEN_CRATE,264.07,3183,1775,1959,2026-01-22 07:43:00,2026-01-22 07:45:00,READY_FOR_SHIPMENT
PKG-00001029,SN-00001029,EXEC-000369,GIS-245-3150,WOODEN_CRATE,539.24,2949,1598,1986,2026-01-22 07:43:00,2026-01-22 07:45:00,READY_FOR_SHIPMENT
PKG-00001030,SN-00001030,EXEC-000370,GIS-072-2500,WOODEN_CRATE,439.7,2389,1248,2281,2026-01-22 08:03:00,2026-01-22 08:05:00,READY_FOR_SHIPMENT
PKG-00001031,SN-00001031,EXEC-000370,GIS-072-2500,WOODEN_CRATE,386.65,2440,1765,1610,2026-01-22 08:03:00,2026-01-22 08:05:00,READY_FOR_SHIPMENT
PKG-00001032,SN-00001032,EXEC-000370,GIS-072-2500,WOODEN_CRATE,225.58,2314,1407,2407,2026-01-22 08:03:00,2026-01-22 08:05:00,READY_FOR_SHIPMENT
PKG-00001033,SN-00001033,EXEC-000370,GIS-072-2500,WOODEN_CRATE,576.89,3097,1576,1902,2026-01-22 08:03:00,2026-01-22 08:05:00,READY_FOR_SHIPMENT
PKG-00001034,SN-00001034,EXEC-000371,GIS-072-2500,WOODEN_CRATE,553.74,2196,1501,2419,2026-01-22 08:23:00,2026-01-22 08:25:00,READY_FOR_SHIPMENT
PKG-00001035,SN-00001035,EXEC-000371,GIS-072-2500,WOODEN_CRATE,296.29,3198,1276,1882,2026-01-22 08:23:00,2026-01-22 08:25:00,READY_FOR_SHIPMENT
PKG-00001036,SN-00001036,EXEC-000371,GIS-072-2500,WOODEN_CRATE,633.86,2852,1322,2272,2026-01-22 08:23:00,2026-01-22 08:25:00,READY_FOR_SHIPMENT
PKG-00001037,SN-00001037,EXEC-000371,GIS-072-2500,WOODEN_CRATE,237.47,2371,1769,2041,2026-01-22 08:23:00,2026-01-22 08:25:00,READY_FOR_SHIPMENT
PKG-00001038,SN-00001038,EXEC-000371,GIS-072-2500,WOODEN_CRATE,275.93,2996,1461,1511,2026-01-22 08:23:00,2026-01-22 08:25:00,READY_FOR_SHIPMENT
PKG-00001039,SN-00001039,EXEC-000372,GIS-300-4000,WOODEN_CRATE,362.14,2117,1240,1814,2026-01-22 08:43:00,2026-01-22 08:45:00,READY_FOR_SHIPMENT
PKG-00001040,SN-00001040,EXEC-000373,GIS-300-4000,WOODEN_CRATE,619.31,3022,1252,2116,2026-01-22 09:03:00,2026-01-22 09:05:00,READY_FOR_SHIPMENT
PKG-00001041,SN-00001041,EXEC-000374,GIS-072-2500,WOODEN_CRATE,430.94,2972,1763,2233,2026-01-22 09:23:00,2026-01-22 09:25:00,READY_FOR_SHIPMENT
PKG-00001042,SN-00001042,EXEC-000374,GIS-072-2500,WOODEN_CRATE,251.34,2450,1738,1950,2026-01-22 09:23:00,2026-01-22 09:25:00,READY_FOR_SHIPMENT
PKG-00001043,SN-00001043,EXEC-000374,GIS-072-2500,WOODEN_CRATE,631.5,2866,1269,2534,2026-01-22 09:23:00,2026-01-22 09:25:00,READY_FOR_SHIPMENT
PKG-00001044,SN-00001044,EXEC-000374,GIS-072-2500,WOODEN_CRATE,288.53,2912,1749,2326,2026-01-22 09:23:00,2026-01-22 09:25:00,READY_FOR_SHIPMENT
PKG-00001045,SN-00001045,EXEC-000374,GIS-072-2500,WOODEN_CRATE,259.54,2253,1418,2179,2026-01-22 09:23:00,2026-01-22 09:25:00,READY_FOR_SHIPMENT
PKG-00001046,SN-00001046,EXEC-000375,GIS-300-4000,WOODEN_CRATE,362.36,2401,1423,2586,2026-01-22 09:43:00,2026-01-22 09:45:00,READY_FOR_SHIPMENT
PKG-00001047,SN-00001047,EXEC-000376,GIS-145-4000,WOODEN_CRATE,424.19,2949,1209,1734,2026-01-22 10:03:00,2026-01-22 10:05:00,READY_FOR_SHIPMENT
PKG-00001048,SN-00001048,EXEC-000376,GIS-145-4000,WOODEN_CRATE,507.64,2712,1446,1999,2026-01-22 10:03:00,2026-01-22 10:05:00,READY_FOR_SHIPMENT
PKG-00001049,SN-00001049,EXEC-000377,GIS-300-4000,WOODEN_CRATE,632.33,3197,1528,2281,2026-01-22 10:23:00,2026-01-22 10:25:00,READY_FOR_SHIPMENT
PKG-00001050,SN-00001050,EXEC-000378,GIS-245-4000,WOODEN_CRATE,613.85,2032,1595,2025,2026-01-22 10:43:00,2026-01-22 10:45:00,READY_FOR_SHIPMENT
PKG-00001051,SN-00001051,EXEC-000379,GIS-072-2500,WOODEN_CRATE,452.3,2379,1225,2558,2026-01-22 11:03:00,2026-01-22 11:05:00,READY_FOR_SHIPMENT
PKG-00001052,SN-00001052,EXEC-000379,GIS-072-2500,WOODEN_CRATE,573.51,2567,1726,2541,2026-01-22 11:03:00,2026-01-22 11:05:00,READY_FOR_SHIPMENT
PKG-00001053,SN-00001053,EXEC-000379,GIS-072-2500,WOODEN_CRATE,411.59,1889,1503,1894,2026-01-22 11:03:00,2026-01-22 11:05:00,READY_FOR_SHIPMENT
PKG-00001054,SN-00001054,EXEC-000379,GIS-072-2500,WOODEN_CRATE,357.73,1968,1298,1842,2026-01-22 11:03:00,2026-01-22 11:05:00,READY_FOR_SHIPMENT
PKG-00001055,SN-00001055,EXEC-000380,GIS-245-4000,WOODEN_CRATE,637.8,2901,1746,1515,2026-01-22 11:23:00,2026-01-22 11:25:00,READY_FOR_SHIPMENT
PKG-00001056,SN-00001056,EXEC-000380,GIS-245-4000,WOODEN_CRATE,489.58,2231,1418,2368,2026-01-22 11:23:00,2026-01-22 11:25:00,READY_FOR_SHIPMENT
PKG-00001057,SN-00001057,EXEC-000380,GIS-245-4000,WOODEN_CRATE,579.34,2221,1750,2391,2026-01-22 11:23:00,2026-01-22 11:25:00,READY_FOR_SHIPMENT
PKG-00001058,SN-00001058,EXEC-000381,GIS-072-2500,WOODEN_CRATE,498.02,1947,1357,1548,2026-01-22 11:43:00,2026-01-22 11:45:00,READY_FOR_SHIPMENT
PKG-00001059,SN-00001059,EXEC-000381,GIS-072-2500,WOODEN_CRATE,417.47,2479,1238,1679,2026-01-22 11:43:00,2026-01-22 11:45:00,READY_FOR_SHIPMENT
PKG-00001060,SN-00001060,EXEC-000381,GIS-072-2500,WOODEN_CRATE,251.5,2164,1457,1644,2026-01-22 11:43:00,2026-01-22 11:45:00,READY_FOR_SHIPMENT
PKG-00001061,SN-00001061,EXEC-000381,GIS-072-2500,WOODEN_CRATE,467.23,2266,1464,2334,2026-01-22 11:43:00,2026-01-22 11:45:00,READY_FOR_SHIPMENT
PKG-00001062,SN-00001062,EXEC-000382,GIS-145-4000,WOODEN_CRATE,386.85,3090,1614,2386,2026-01-22 12:03:00,2026-01-22 12:05:00,READY_FOR_SHIPMENT
PKG-00001063,SN-00001063,EXEC-000382,GIS-145-4000,WOODEN_CRATE,356.05,2597,1321,2595,2026-01-22 12:03:00,2026-01-22 12:05:00,READY_FOR_SHIPMENT
PKG-00001064,SN-00001064,EXEC-000383,GIS-072-3150,WOODEN_CRATE,222.54,3066,1264,1593,2026-01-22 12:23:00,2026-01-22 12:25:00,READY_FOR_SHIPMENT
PKG-00001065,SN-00001065,EXEC-000383,GIS-072-3150,WOODEN_CRATE,521.38,1948,1566,2529,2026-01-22 12:23:00,2026-01-22 12:25:00,READY_FOR_SHIPMENT
PKG-00001066,SN-00001066,EXEC-000383,GIS-072-3150,WOODEN_CRATE,265.64,2417,1288,2076,2026-01-22 12:23:00,2026-01-22 12:25:00,READY_FOR_SHIPMENT
PKG-00001067,SN-00001067,EXEC-000383,GIS-072-3150,WOODEN_CRATE,549.07,2696,1590,2309,2026-01-22 12:23:00,2026-01-22 12:25:00,READY_FOR_SHIPMENT
PKG-00001068,SN-00001068,EXEC-000383,GIS-072-3150,WOODEN_CRATE,573.51,1863,1685,1820,2026-01-22 12:23:00,2026-01-22 12:25:00,READY_FOR_SHIPMENT
PKG-00001069,SN-00001069,EXEC-000384,GIS-245-4000,WOODEN_CRATE,449.39,2079,1600,2104,2026-01-22 12:43:00,2026-01-22 12:45:00,READY_FOR_SHIPMENT
PKG-00001070,SN-00001070,EXEC-000384,GIS-245-4000,WOODEN_CRATE,632.86,2095,1505,2264,2026-01-22 12:43:00,2026-01-22 12:45:00,READY_FOR_SHIPMENT
PKG-00001071,SN-00001071,EXEC-000384,GIS-245-4000,WOODEN_CRATE,631.68,1822,1766,1789,2026-01-22 12:43:00,2026-01-22 12:45:00,READY_FOR_SHIPMENT
PKG-00001072,SN-00001072,EXEC-000385,GIS-145-4000,WOODEN_CRATE,272.99,1810,1786,2307,2026-01-22 13:03:00,2026-01-22 13:05:00,READY_FOR_SHIPMENT
PKG-00001073,SN-00001073,EXEC-000385,GIS-145-4000,WOODEN_CRATE,450.98,1974,1512,1930,2026-01-22 13:03:00,2026-01-22 13:05:00,READY_FOR_SHIPMENT
PKG-00001074,SN-00001074,EXEC-000386,GIS-145-4000,WOODEN_CRATE,541.77,2504,1416,2345,2026-01-22 13:23:00,2026-01-22 13:25:00,READY_FOR_SHIPMENT
PKG-00001075,SN-00001075,EXEC-000386,GIS-145-4000,WOODEN_CRATE,609.42,2849,1345,1829,2026-01-22 13:23:00,2026-01-22 13:25:00,READY_FOR_SHIPMENT
PKG-00001076,SN-00001076,EXEC-000386,GIS-145-4000,WOODEN_CRATE,299.12,3063,1458,1897,2026-01-22 13:23:00,2026-01-22 13:25:00,READY_FOR_SHIPMENT
PKG-00001077,SN-00001077,EXEC-000387,GIS-145-4000,WOODEN_CRATE,269.29,3174,1780,1611,2026-01-23 07:03:00,2026-01-23 07:05:00,READY_FOR_SHIPMENT
PKG-00001078,SN-00001078,EXEC-000387,GIS-145-4000,WOODEN_CRATE,586.1,2924,1672,1649,2026-01-23 07:03:00,2026-01-23 07:05:00,READY_FOR_SHIPMENT
PKG-00001079,SN-00001079,EXEC-000387,GIS-145-4000,WOODEN_CRATE,344.98,1937,1456,1701,2026-01-23 07:03:00,2026-01-23 07:05:00,READY_FOR_SHIPMENT
PKG-00001080,SN-00001080,EXEC-000388,GIS-072-2500,WOODEN_CRATE,304.89,2989,1698,2177,2026-01-23 07:23:00,2026-01-23 07:25:00,READY_FOR_SHIPMENT
PKG-00001081,SN-00001081,EXEC-000388,GIS-072-2500,WOODEN_CRATE,373.57,3174,1440,1704,2026-01-23 07:23:00,2026-01-23 07:25:00,READY_FOR_SHIPMENT
PKG-00001082,SN-00001082,EXEC-000388,GIS-072-2500,WOODEN_CRATE,342.61,1942,1398,2150,2026-01-23 07:23:00,2026-01-23 07:25:00,READY_FOR_SHIPMENT
PKG-00001083,SN-00001083,EXEC-000388,GIS-072-2500,WOODEN_CRATE,428.92,2472,1513,1812,2026-01-23 07:23:00,2026-01-23 07:25:00,READY_FOR_SHIPMENT
PKG-00001084,SN-00001084,EXEC-000388,GIS-072-2500,WOODEN_CRATE,463.19,2546,1523,2377,2026-01-23 07:23:00,2026-01-23 07:25:00,READY_FOR_SHIPMENT
PKG-00001085,SN-00001085,EXEC-000389,GIS-072-2500,WOODEN_CRATE,292.51,2441,1452,1953,2026-01-23 07:43:00,2026-01-23 07:45:00,READY_FOR_SHIPMENT
PKG-00001086,SN-00001086,EXEC-000389,GIS-072-2500,WOODEN_CRATE,526.25,3112,1646,2066,2026-01-23 07:43:00,2026-01-23 07:45:00,READY_FOR_SHIPMENT
PKG-00001087,SN-00001087,EXEC-000389,GIS-072-2500,WOODEN_CRATE,581.25,2075,1539,2482,2026-01-23 07:43:00,2026-01-23 07:45:00,READY_FOR_SHIPMENT
PKG-00001088,SN-00001088,EXEC-000389,GIS-072-2500,WOODEN_CRATE,419.02,2534,1512,2497,2026-01-23 07:43:00,2026-01-23 07:45:00,READY_FOR_SHIPMENT
PKG-00001089,SN-00001089,EXEC-000389,GIS-072-2500,WOODEN_CRATE,457.22,2159,1283,2074,2026-01-23 07:43:00,2026-01-23 07:45:00,READY_FOR_SHIPMENT
PKG-00001090,SN-00001090,EXEC-000390,GIS-145-4000,WOODEN_CRATE,589.25,2086,1751,1902,2026-01-23 08:03:00,2026-01-23 08:05:00,READY_FOR_SHIPMENT
PKG-00001091,SN-00001091,EXEC-000390,GIS-145-4000,WOODEN_CRATE,333.19,3083,1278,1654,2026-01-23 08:03:00,2026-01-23 08:05:00,READY_FOR_SHIPMENT
PKG-00001092,SN-00001092,EXEC-000390,GIS-145-4000,WOODEN_CRATE,603.61,2838,1231,2329,2026-01-23 08:03:00,2026-01-23 08:05:00,READY_FOR_SHIPMENT
PKG-00001093,SN-00001093,EXEC-000391,GIS-170-4000,WOODEN_CRATE,550.76,2235,1237,2033,2026-01-23 08:23:00,2026-01-23 08:25:00,READY_FOR_SHIPMENT
PKG-00001094,SN-00001094,EXEC-000391,GIS-170-4000,WOODEN_CRATE,453.69,2905,1683,1804,2026-01-23 08:23:00,2026-01-23 08:25:00,READY_FOR_SHIPMENT
PKG-00001095,SN-00001095,EXEC-000391,GIS-170-4000,WOODEN_CRATE,377.3,2257,1497,1774,2026-01-23 08:23:00,2026-01-23 08:25:00,READY_FOR_SHIPMENT
PKG-00001096,SN-00001096,EXEC-000392,GIS-170-4000,WOODEN_CRATE,419.82,2845,1292,2312,2026-01-23 08:43:00,2026-01-23 08:45:00,READY_FOR_SHIPMENT
PKG-00001097,SN-00001097,EXEC-000392,GIS-170-4000,WOODEN_CRATE,376.46,1821,1444,1839,2026-01-23 08:43:00,2026-01-23 08:45:00,READY_FOR_SHIPMENT
PKG-00001098,SN-00001098,EXEC-000393,GIS-072-2500,WOODEN_CRATE,545.6,2087,1656,1826,2026-01-23 09:03:00,2026-01-23 09:05:00,READY_FOR_SHIPMENT
PKG-00001099,SN-00001099,EXEC-000393,GIS-072-2500,WOODEN_CRATE,297.03,2958,1349,2490,2026-01-23 09:03:00,2026-01-23 09:05:00,READY_FOR_SHIPMENT
PKG-00001100,SN-00001100,EXEC-000393,GIS-072-2500,WOODEN_CRATE,623.85,1882,1424,2498,2026-01-23 09:03:00,2026-01-23 09:05:00,READY_FOR_SHIPMENT
PKG-00001101,SN-00001101,EXEC-000393,GIS-072-2500,WOODEN_CRATE,319.65,2341,1578,1979,2026-01-23 09:03:00,2026-01-23 09:05:00,READY_FOR_SHIPMENT
PKG-00001102,SN-00001102,EXEC-000393,GIS-072-2500,WOODEN_CRATE,238.41,2223,1730,2239,2026-01-23 09:03:00,2026-01-23 09:05:00,READY_FOR_SHIPMENT
PKG-00001103,SN-00001103,EXEC-000394,GIS-245-4000,WOODEN_CRATE,386.88,2731,1247,1581,2026-01-23 09:23:00,2026-01-23 09:25:00,READY_FOR_SHIPMENT
PKG-00001104,SN-00001104,EXEC-000394,GIS-245-4000,WOODEN_CRATE,641.65,2463,1305,2567,2026-01-23 09:23:00,2026-01-23 09:25:00,READY_FOR_SHIPMENT
PKG-00001105,SN-00001105,EXEC-000394,GIS-245-4000,WOODEN_CRATE,492.43,2360,1469,1856,2026-01-23 09:23:00,2026-01-23 09:25:00,READY_FOR_SHIPMENT
PKG-00001106,SN-00001106,EXEC-000395,GIS-145-3150,WOODEN_CRATE,381.96,2575,1574,1659,2026-01-23 09:43:00,2026-01-23 09:45:00,READY_FOR_SHIPMENT
PKG-00001107,SN-00001107,EXEC-000395,GIS-145-3150,WOODEN_CRATE,442.17,2570,1428,2557,2026-01-23 09:43:00,2026-01-23 09:45:00,READY_FOR_SHIPMENT
PKG-00001108,SN-00001108,EXEC-000396,GIS-300-4000,WOODEN_CRATE,394.51,2506,1698,2487,2026-01-23 10:03:00,2026-01-23 10:05:00,READY_FOR_SHIPMENT
PKG-00001109,SN-00001109,EXEC-000396,GIS-300-4000,WOODEN_CRATE,601.48,1813,1713,1784,2026-01-23 10:03:00,2026-01-23 10:05:00,READY_FOR_SHIPMENT
PKG-00001110,SN-00001110,EXEC-000397,GIS-072-2500,WOODEN_CRATE,409.16,2271,1278,2553,2026-01-23 10:23:00,2026-01-23 10:25:00,READY_FOR_SHIPMENT
PKG-00001111,SN-00001111,EXEC-000397,GIS-072-2500,WOODEN_CRATE,496.7,2233,1353,1882,2026-01-23 10:23:00,2026-01-23 10:25:00,READY_FOR_SHIPMENT
PKG-00001112,SN-00001112,EXEC-000397,GIS-072-2500,WOODEN_CRATE,287.66,3032,1321,1971,2026-01-23 10:23:00,2026-01-23 10:25:00,READY_FOR_SHIPMENT
PKG-00001113,SN-00001113,EXEC-000397,GIS-072-2500,WOODEN_CRATE,398.28,2476,1316,2486,2026-01-23 10:23:00,2026-01-23 10:25:00,READY_FOR_SHIPMENT
PKG-00001114,SN-00001114,EXEC-000398,GIS-072-3150,WOODEN_CRATE,510.35,2781,1415,1830,2026-01-23 10:43:00,2026-01-23 10:45:00,READY_FOR_SHIPMENT
PKG-00001115,SN-00001115,EXEC-000398,GIS-072-3150,WOODEN_CRATE,498.32,2641,1222,1999,2026-01-23 10:43:00,2026-01-23 10:45:00,READY_FOR_SHIPMENT
PKG-00001116,SN-00001116,EXEC-000398,GIS-072-3150,WOODEN_CRATE,238.55,2974,1364,1775,2026-01-23 10:43:00,2026-01-23 10:45:00,READY_FOR_SHIPMENT
PKG-00001117,SN-00001117,EXEC-000399,GIS-145-4000,WOODEN_CRATE,490.7,1880,1786,1800,2026-01-23 11:03:00,2026-01-23 11:05:00,READY_FOR_SHIPMENT
PKG-00001118,SN-00001118,EXEC-000399,GIS-145-4000,WOODEN_CRATE,244.04,2328,1384,2558,2026-01-23 11:03:00,2026-01-23 11:05:00,READY_FOR_SHIPMENT
PKG-00001119,SN-00001119,EXEC-000400,GIS-072-2500,WOODEN_CRATE,632.04,3027,1777,1538,2026-01-23 11:23:00,2026-01-23 11:25:00,READY_FOR_SHIPMENT
PKG-00001120,SN-00001120,EXEC-000400,GIS-072-2500,WOODEN_CRATE,597.76,3155,1490,1675,2026-01-23 11:23:00,2026-01-23 11:25:00,READY_FOR_SHIPMENT
PKG-00001121,SN-00001121,EXEC-000400,GIS-072-2500,WOODEN_CRATE,313.14,3042,1682,2486,2026-01-23 11:23:00,2026-01-23 11:25:00,READY_FOR_SHIPMENT
PKG-00001122,SN-00001122,EXEC-000401,GIS-145-3150,WOODEN_CRATE,293.34,2641,1346,1872,2026-01-23 11:43:00,2026-01-23 11:45:00,READY_FOR_SHIPMENT
PKG-00001123,SN-00001123,EXEC-000401,GIS-145-3150,WOODEN_CRATE,487.98,2846,1470,1843,2026-01-23 11:43:00,2026-01-23 11:45:00,READY_FOR_SHIPMENT
PKG-00001124,SN-00001124,EXEC-000402,GIS-170-4000,WOODEN_CRATE,531.4,2501,1664,1640,2026-01-23 12:03:00,2026-01-23 12:05:00,READY_FOR_SHIPMENT
PKG-00001125,SN-00001125,EXEC-000402,GIS-170-4000,WOODEN_CRATE,318.82,2589,1335,1722,2026-01-23 12:03:00,2026-01-23 12:05:00,READY_FOR_SHIPMENT
PKG-00001126,SN-00001126,EXEC-000402,GIS-170-4000,WOODEN_CRATE,227.12,2870,1716,2359,2026-01-23 12:03:00,2026-01-23 12:05:00,READY_FOR_SHIPMENT
PKG-00001127,SN-00001127,EXEC-000403,GIS-145-3150,WOODEN_CRATE,575.4,3040,1298,1863,2026-01-23 12:23:00,2026-01-23 12:25:00,READY_FOR_SHIPMENT
PKG-00001128,SN-00001128,EXEC-000403,GIS-145-3150,WOODEN_CRATE,424.62,3059,1239,2588,2026-01-23 12:23:00,2026-01-23 12:25:00,READY_FOR_SHIPMENT
PKG-00001129,SN-00001129,EXEC-000403,GIS-145-3150,WOODEN_CRATE,436.43,2040,1295,2487,2026-01-23 12:23:00,2026-01-23 12:25:00,READY_FOR_SHIPMENT
PKG-00001130,SN-00001130,EXEC-000403,GIS-145-3150,WOODEN_CRATE,503.54,3035,1752,1502,2026-01-23 12:23:00,2026-01-23 12:25:00,READY_FOR_SHIPMENT
PKG-00001131,SN-00001131,EXEC-000404,GIS-145-3150,WOODEN_CRATE,605.7,3189,1641,2569,2026-01-23 12:43:00,2026-01-23 12:45:00,READY_FOR_SHIPMENT
PKG-00001132,SN-00001132,EXEC-000404,GIS-145-3150,WOODEN_CRATE,400.89,1888,1742,2378,2026-01-23 12:43:00,2026-01-23 12:45:00,READY_FOR_SHIPMENT
PKG-00001133,SN-00001133,EXEC-000404,GIS-145-3150,WOODEN_CRATE,318.68,2787,1590,2217,2026-01-23 12:43:00,2026-01-23 12:45:00,READY_FOR_SHIPMENT
PKG-00001134,SN-00001134,EXEC-000404,GIS-145-3150,WOODEN_CRATE,473.29,2979,1300,2371,2026-01-23 12:43:00,2026-01-23 12:45:00,READY_FOR_SHIPMENT
PKG-00001135,SN-00001135,EXEC-000405,GIS-170-4000,WOODEN_CRATE,277.57,2777,1438,1671,2026-01-24 07:03:00,2026-01-24 07:05:00,READY_FOR_SHIPMENT
PKG-00001136,SN-00001136,EXEC-000405,GIS-170-4000,WOODEN_CRATE,341.8,2913,1618,2027,2026-01-24 07:03:00,2026-01-24 07:05:00,READY_FOR_SHIPMENT
PKG-00001137,SN-00001137,EXEC-000405,GIS-170-4000,WOODEN_CRATE,301.28,1814,1791,2570,2026-01-24 07:03:00,2026-01-24 07:05:00,READY_FOR_SHIPMENT
PKG-00001138,SN-00001138,EXEC-000406,GIS-145-4000,WOODEN_CRATE,270.67,1814,1584,1920,2026-01-24 07:23:00,2026-01-24 07:25:00,READY_FOR_SHIPMENT
PKG-00001139,SN-00001139,EXEC-000406,GIS-145-4000,WOODEN_CRATE,515.74,2446,1618,2241,2026-01-24 07:23:00,2026-01-24 07:25:00,READY_FOR_SHIPMENT
PKG-00001140,SN-00001140,EXEC-000407,GIS-072-3150,WOODEN_CRATE,265.83,2672,1799,2019,2026-01-24 07:43:00,2026-01-24 07:45:00,READY_FOR_SHIPMENT
PKG-00001141,SN-00001141,EXEC-000407,GIS-072-3150,WOODEN_CRATE,332.36,2897,1633,2248,2026-01-24 07:43:00,2026-01-24 07:45:00,READY_FOR_SHIPMENT
PKG-00001142,SN-00001142,EXEC-000407,GIS-072-3150,WOODEN_CRATE,483.11,3193,1606,1917,2026-01-24 07:43:00,2026-01-24 07:45:00,READY_FOR_SHIPMENT
PKG-00001143,SN-00001143,EXEC-000408,GIS-170-4000,WOODEN_CRATE,397.69,2941,1694,1866,2026-01-24 08:03:00,2026-01-24 08:05:00,READY_FOR_SHIPMENT
PKG-00001144,SN-00001144,EXEC-000408,GIS-170-4000,WOODEN_CRATE,379.19,2936,1695,2019,2026-01-24 08:03:00,2026-01-24 08:05:00,READY_FOR_SHIPMENT
PKG-00001145,SN-00001145,EXEC-000409,GIS-170-4000,WOODEN_CRATE,645.06,2983,1552,2315,2026-01-24 08:23:00,2026-01-24 08:25:00,READY_FOR_SHIPMENT
PKG-00001146,SN-00001146,EXEC-000409,GIS-170-4000,WOODEN_CRATE,536.39,3150,1321,1970,2026-01-24 08:23:00,2026-01-24 08:25:00,READY_FOR_SHIPMENT
PKG-00001147,SN-00001147,EXEC-000409,GIS-170-4000,WOODEN_CRATE,412.04,2131,1302,1939,2026-01-24 08:23:00,2026-01-24 08:25:00,READY_FOR_SHIPMENT
PKG-00001148,SN-00001148,EXEC-000410,GIS-550-5000,WOODEN_CRATE,438.59,2493,1763,1606,2026-01-24 08:43:00,2026-01-24 08:45:00,READY_FOR_SHIPMENT
PKG-00001149,SN-00001149,EXEC-000411,GIS-170-4000,WOODEN_CRATE,289.12,3102,1205,1686,2026-01-24 09:03:00,2026-01-24 09:05:00,READY_FOR_SHIPMENT
PKG-00001150,SN-00001150,EXEC-000411,GIS-170-4000,WOODEN_CRATE,574.0,2765,1645,1680,2026-01-24 09:03:00,2026-01-24 09:05:00,READY_FOR_SHIPMENT
PKG-00001151,SN-00001151,EXEC-000412,GIS-245-3150,WOODEN_CRATE,247.55,2254,1579,1663,2026-01-24 09:23:00,2026-01-24 09:25:00,READY_FOR_SHIPMENT
PKG-00001152,SN-00001152,EXEC-000412,GIS-245-3150,WOODEN_CRATE,481.88,2587,1610,2567,2026-01-24 09:23:00,2026-01-24 09:25:00,READY_FOR_SHIPMENT
PKG-00001153,SN-00001153,EXEC-000412,GIS-245-3150,WOODEN_CRATE,343.18,3023,1258,1858,2026-01-24 09:23:00,2026-01-24 09:25:00,READY_FOR_SHIPMENT
PKG-00001154,SN-00001154,EXEC-000413,GIS-072-3150,WOODEN_CRATE,495.33,2699,1210,1913,2026-01-24 09:43:00,2026-01-24 09:45:00,READY_FOR_SHIPMENT
PKG-00001155,SN-00001155,EXEC-000413,GIS-072-3150,WOODEN_CRATE,585.74,2861,1492,1898,2026-01-24 09:43:00,2026-01-24 09:45:00,READY_FOR_SHIPMENT
PKG-00001156,SN-00001156,EXEC-000413,GIS-072-3150,WOODEN_CRATE,234.45,3027,1722,2556,2026-01-24 09:43:00,2026-01-24 09:45:00,READY_FOR_SHIPMENT
PKG-00001157,SN-00001157,EXEC-000413,GIS-072-3150,WOODEN_CRATE,520.33,3059,1373,1573,2026-01-24 09:43:00,2026-01-24 09:45:00,READY_FOR_SHIPMENT
PKG-00001158,SN-00001158,EXEC-000413,GIS-072-3150,WOODEN_CRATE,374.69,3141,1200,1822,2026-01-24 09:43:00,2026-01-24 09:45:00,READY_FOR_SHIPMENT
PKG-00001159,SN-00001159,EXEC-000414,GIS-420-5000,WOODEN_CRATE,257.34,2365,1609,2223,2026-01-24 10:03:00,2026-01-24 10:05:00,READY_FOR_SHIPMENT
PKG-00001160,SN-00001160,EXEC-000414,GIS-420-5000,WOODEN_CRATE,507.95,2630,1800,1910,2026-01-24 10:03:00,2026-01-24 10:05:00,READY_FOR_SHIPMENT
PKG-00001161,SN-00001161,EXEC-000415,GIS-300-4000,WOODEN_CRATE,442.63,1940,1292,2082,2026-01-24 10:23:00,2026-01-24 10:25:00,READY_FOR_SHIPMENT
PKG-00001162,SN-00001162,EXEC-000415,GIS-300-4000,WOODEN_CRATE,532.24,2945,1796,2212,2026-01-24 10:23:00,2026-01-24 10:25:00,READY_FOR_SHIPMENT
PKG-00001163,SN-00001163,EXEC-000416,GIS-245-4000,WOODEN_CRATE,369.41,2366,1431,1898,2026-01-24 10:43:00,2026-01-24 10:45:00,READY_FOR_SHIPMENT
PKG-00001164,SN-00001164,EXEC-000417,GIS-145-4000,WOODEN_CRATE,415.55,2627,1788,1509,2026-01-24 11:03:00,2026-01-24 11:05:00,READY_FOR_SHIPMENT
PKG-00001165,SN-00001165,EXEC-000417,GIS-145-4000,WOODEN_CRATE,332.28,2633,1718,1718,2026-01-24 11:03:00,2026-01-24 11:05:00,READY_FOR_SHIPMENT
PKG-00001166,SN-00001166,EXEC-000417,GIS-145-4000,WOODEN_CRATE,460.21,2830,1501,2196,2026-01-24 11:03:00,2026-01-24 11:05:00,READY_FOR_SHIPMENT
PKG-00001167,SN-00001167,EXEC-000418,GIS-145-3150,WOODEN_CRATE,627.22,2851,1463,2012,2026-01-24 11:23:00,2026-01-24 11:25:00,READY_FOR_SHIPMENT
PKG-00001168,SN-00001168,EXEC-000418,GIS-145-3150,WOODEN_CRATE,518.5,2572,1776,2490,2026-01-24 11:23:00,2026-01-24 11:25:00,READY_FOR_SHIPMENT
PKG-00001169,SN-00001169,EXEC-000418,GIS-145-3150,WOODEN_CRATE,551.09,2495,1669,2443,2026-01-24 11:23:00,2026-01-24 11:25:00,READY_FOR_SHIPMENT
PKG-00001170,SN-00001170,EXEC-000419,GIS-145-3150,WOODEN_CRATE,605.51,1856,1693,1738,2026-01-24 11:43:00,2026-01-24 11:45:00,READY_FOR_SHIPMENT
PKG-00001171,SN-00001171,EXEC-000419,GIS-145-3150,WOODEN_CRATE,330.86,2583,1425,1970,2026-01-24 11:43:00,2026-01-24 11:45:00,READY_FOR_SHIPMENT
PKG-00001172,SN-00001172,EXEC-000419,GIS-145-3150,WOODEN_CRATE,564.07,2644,1561,2557,2026-01-24 11:43:00,2026-01-24 11:45:00,READY_FOR_SHIPMENT
PKG-00001173,SN-00001173,EXEC-000419,GIS-145-3150,WOODEN_CRATE,450.33,2339,1454,2088,2026-01-24 11:43:00,2026-01-24 11:45:00,READY_FOR_SHIPMENT
PKG-00001174,SN-00001174,EXEC-000420,GIS-420-4000,WOODEN_CRATE,259.99,3179,1550,1655,2026-01-24 12:03:00,2026-01-24 12:05:00,READY_FOR_SHIPMENT
PKG-00001175,SN-00001175,EXEC-000421,GIS-170-4000,WOODEN_CRATE,458.46,2165,1687,2142,2026-01-24 12:23:00,2026-01-24 12:25:00,READY_FOR_SHIPMENT
PKG-00001176,SN-00001176,EXEC-000421,GIS-170-4000,WOODEN_CRATE,372.02,2974,1475,1874,2026-01-24 12:23:00,2026-01-24 12:25:00,READY_FOR_SHIPMENT
PKG-00001177,SN-00001177,EXEC-000422,GIS-245-3150,WOODEN_CRATE,627.26,3199,1394,2521,2026-01-24 12:43:00,2026-01-24 12:45:00,READY_FOR_SHIPMENT
PKG-00001178,SN-00001178,EXEC-000422,GIS-245-3150,WOODEN_CRATE,536.96,2280,1447,2043,2026-01-24 12:43:00,2026-01-24 12:45:00,READY_FOR_SHIPMENT
PKG-00001179,SN-00001179,EXEC-000423,GIS-145-3150,WOODEN_CRATE,308.91,2215,1455,2229,2026-01-24 13:03:00,2026-01-24 13:05:00,READY_FOR_SHIPMENT
PKG-00001180,SN-00001180,EXEC-000423,GIS-145-3150,WOODEN_CRATE,287.08,2018,1322,1660,2026-01-24 13:03:00,2026-01-24 13:05:00,READY_FOR_SHIPMENT
PKG-00001181,SN-00001181,EXEC-000424,GIS-072-2500,WOODEN_CRATE,510.6,3158,1704,1513,2026-01-24 13:23:00,2026-01-24 13:25:00,READY_FOR_SHIPMENT
PKG-00001182,SN-00001182,EXEC-000424,GIS-072-2500,WOODEN_CRATE,548.63,2908,1243,2487,2026-01-24 13:23:00,2026-01-24 13:25:00,READY_FOR_SHIPMENT
PKG-00001183,SN-00001183,EXEC-000424,GIS-072-2500,WOODEN_CRATE,379.61,2445,1704,2062,2026-01-24 13:23:00,2026-01-24 13:25:00,READY_FOR_SHIPMENT
PKG-00001184,SN-00001184,EXEC-000424,GIS-072-2500,WOODEN_CRATE,431.05,2846,1486,2314,2026-01-24 13:23:00,2026-01-24 13:25:00,READY_FOR_SHIPMENT
PKG-00001185,SN-00001185,EXEC-000425,GIS-245-3150,WOODEN_CRATE,315.5,2981,1331,1610,2026-01-25 07:03:00,2026-01-25 07:05:00,READY_FOR_SHIPMENT
PKG-00001186,SN-00001186,EXEC-000425,GIS-245-3150,WOODEN_CRATE,446.07,2666,1689,1566,2026-01-25 07:03:00,2026-01-25 07:05:00,READY_FOR_SHIPMENT
PKG-00001187,SN-00001187,EXEC-000426,GIS-145-3150,WOODEN_CRATE,436.06,2606,1378,2436,2026-01-25 07:23:00,2026-01-25 07:25:00,READY_FOR_SHIPMENT
PKG-00001188,SN-00001188,EXEC-000426,GIS-145-3150,WOODEN_CRATE,639.9,2861,1671,2146,2026-01-25 07:23:00,2026-01-25 07:25:00,READY_FOR_SHIPMENT
PKG-00001189,SN-00001189,EXEC-000427,GIS-170-4000,WOODEN_CRATE,516.36,1824,1415,2277,2026-01-25 07:43:00,2026-01-25 07:45:00,READY_FOR_SHIPMENT
PKG-00001190,SN-00001190,EXEC-000427,GIS-170-4000,WOODEN_CRATE,469.83,2466,1570,2031,2026-01-25 07:43:00,2026-01-25 07:45:00,READY_FOR_SHIPMENT
PKG-00001191,SN-00001191,EXEC-000428,GIS-420-5000,WOODEN_CRATE,300.48,2338,1442,2051,2026-01-25 08:03:00,2026-01-25 08:05:00,READY_FOR_SHIPMENT
PKG-00001192,SN-00001192,EXEC-000429,GIS-072-3150,WOODEN_CRATE,422.68,3055,1551,2249,2026-01-25 08:23:00,2026-01-25 08:25:00,READY_FOR_SHIPMENT
PKG-00001193,SN-00001193,EXEC-000429,GIS-072-3150,WOODEN_CRATE,299.08,2668,1415,2358,2026-01-25 08:23:00,2026-01-25 08:25:00,READY_FOR_SHIPMENT
PKG-00001194,SN-00001194,EXEC-000429,GIS-072-3150,WOODEN_CRATE,521.31,2562,1573,2320,2026-01-25 08:23:00,2026-01-25 08:25:00,READY_FOR_SHIPMENT
PKG-00001195,SN-00001195,EXEC-000430,GIS-245-4000,WOODEN_CRATE,340.24,2168,1785,1768,2026-01-25 08:43:00,2026-01-25 08:45:00,READY_FOR_SHIPMENT
PKG-00001196,SN-00001196,EXEC-000431,GIS-145-4000,WOODEN_CRATE,641.09,2268,1302,2052,2026-01-25 09:03:00,2026-01-25 09:05:00,READY_FOR_SHIPMENT
PKG-00001197,SN-00001197,EXEC-000431,GIS-145-4000,WOODEN_CRATE,565.76,2937,1642,2280,2026-01-25 09:03:00,2026-01-25 09:05:00,READY_FOR_SHIPMENT
PKG-00001198,SN-00001198,EXEC-000432,GIS-300-4000,WOODEN_CRATE,304.31,2106,1684,1519,2026-01-25 09:23:00,2026-01-25 09:25:00,READY_FOR_SHIPMENT
PKG-00001199,SN-00001199,EXEC-000432,GIS-300-4000,WOODEN_CRATE,295.94,2823,1337,2558,2026-01-25 09:23:00,2026-01-25 09:25:00,READY_FOR_SHIPMENT
PKG-00001200,SN-00001200,EXEC-000433,GIS-300-4000,WOODEN_CRATE,449.61,2446,1698,2114,2026-01-25 09:43:00,2026-01-25 09:45:00,READY_FOR_SHIPMENT
PKG-00001201,SN-00001201,EXEC-000434,GIS-145-4000,WOODEN_CRATE,327.92,2962,1248,2315,2026-01-25 10:03:00,2026-01-25 10:05:00,READY_FOR_SHIPMENT
PKG-00001202,SN-00001202,EXEC-000434,GIS-145-4000,WOODEN_CRATE,262.56,2134,1261,1941,2026-01-25 10:03:00,2026-01-25 10:05:00,READY_FOR_SHIPMENT
PKG-00001203,SN-00001203,EXEC-000435,GIS-170-4000,WOODEN_CRATE,569.94,2775,1298,2421,2026-01-25 10:23:00,2026-01-25 10:25:00,READY_FOR_SHIPMENT
PKG-00001204,SN-00001204,EXEC-000435,GIS-170-4000,WOODEN_CRATE,540.18,2332,1569,2237,2026-01-25 10:23:00,2026-01-25 10:25:00,READY_FOR_SHIPMENT
PKG-00001205,SN-00001205,EXEC-000435,GIS-170-4000,WOODEN_CRATE,460.95,2327,1552,1540,2026-01-25 10:23:00,2026-01-25 10:25:00,READY_FOR_SHIPMENT
PKG-00001206,SN-00001206,EXEC-000436,GIS-145-3150,WOODEN_CRATE,397.06,2519,1403,1857,2026-01-25 10:43:00,2026-01-25 10:45:00,READY_FOR_SHIPMENT
PKG-00001207,SN-00001207,EXEC-000436,GIS-145-3150,WOODEN_CRATE,641.13,2382,1563,2165,2026-01-25 10:43:00,2026-01-25 10:45:00,READY_FOR_SHIPMENT
PKG-00001208,SN-00001208,EXEC-000437,GIS-550-5000,WOODEN_CRATE,509.47,2798,1657,1660,2026-01-25 11:03:00,2026-01-25 11:05:00,READY_FOR_SHIPMENT
PKG-00001209,SN-00001209,EXEC-000438,GIS-420-5000,WOODEN_CRATE,383.86,2386,1674,1796,2026-01-25 11:23:00,2026-01-25 11:25:00,READY_FOR_SHIPMENT
PKG-00001210,SN-00001210,EXEC-000438,GIS-420-5000,WOODEN_CRATE,593.35,3111,1545,2363,2026-01-25 11:23:00,2026-01-25 11:25:00,READY_FOR_SHIPMENT
PKG-00001211,SN-00001211,EXEC-000439,GIS-420-4000,WOODEN_CRATE,491.45,2970,1614,1646,2026-01-25 11:43:00,2026-01-25 11:45:00,READY_FOR_SHIPMENT
PKG-00001212,SN-00001212,EXEC-000440,GIS-072-2500,WOODEN_CRATE,254.02,2503,1433,2142,2026-01-25 12:03:00,2026-01-25 12:05:00,READY_FOR_SHIPMENT
PKG-00001213,SN-00001213,EXEC-000440,GIS-072-2500,WOODEN_CRATE,356.26,2396,1473,2309,2026-01-25 12:03:00,2026-01-25 12:05:00,READY_FOR_SHIPMENT
PKG-00001214,SN-00001214,EXEC-000440,GIS-072-2500,WOODEN_CRATE,336.64,2711,1571,2566,2026-01-25 12:03:00,2026-01-25 12:05:00,READY_FOR_SHIPMENT
PKG-00001215,SN-00001215,EXEC-000440,GIS-072-2500,WOODEN_CRATE,635.18,2647,1371,1876,2026-01-25 12:03:00,2026-01-25 12:05:00,READY_FOR_SHIPMENT
PKG-00001216,SN-00001216,EXEC-000441,GIS-145-4000,WOODEN_CRATE,587.31,2056,1440,2015,2026-01-25 12:23:00,2026-01-25 12:25:00,READY_FOR_SHIPMENT
PKG-00001217,SN-00001217,EXEC-000441,GIS-145-4000,WOODEN_CRATE,624.39,1963,1415,1841,2026-01-25 12:23:00,2026-01-25 12:25:00,READY_FOR_SHIPMENT
PKG-00001218,SN-00001218,EXEC-000441,GIS-145-4000,WOODEN_CRATE,390.73,1995,1265,2469,2026-01-25 12:23:00,2026-01-25 12:25:00,READY_FOR_SHIPMENT
PKG-00001219,SN-00001219,EXEC-000442,GIS-245-4000,WOODEN_CRATE,455.83,1853,1606,2573,2026-01-25 12:43:00,2026-01-25 12:45:00,READY_FOR_SHIPMENT
PKG-00001220,SN-00001220,EXEC-000443,GIS-072-3150,WOODEN_CRATE,548.95,1970,1306,2037,2026-01-25 13:03:00,2026-01-25 13:05:00,READY_FOR_SHIPMENT
PKG-00001221,SN-00001221,EXEC-000443,GIS-072-3150,WOODEN_CRATE,485.78,1972,1599,2133,2026-01-25 13:03:00,2026-01-25 13:05:00,READY_FOR_SHIPMENT
PKG-00001222,SN-00001222,EXEC-000443,GIS-072-3150,WOODEN_CRATE,318.62,2381,1653,1758,2026-01-25 13:03:00,2026-01-25 13:05:00,READY_FOR_SHIPMENT
PKG-00001223,SN-00001223,EXEC-000443,GIS-072-3150,WOODEN_CRATE,276.45,2149,1229,1571,2026-01-25 13:03:00,2026-01-25 13:05:00,READY_FOR_SHIPMENT
PKG-00001224,SN-00001224,EXEC-000443,GIS-072-3150,WOODEN_CRATE,505.33,2466,1687,2456,2026-01-25 13:03:00,2026-01-25 13:05:00,READY_FOR_SHIPMENT
PKG-00001225,SN-00001225,EXEC-000444,GIS-145-4000,WOODEN_CRATE,639.24,2907,1478,2411,2026-01-25 13:23:00,2026-01-25 13:25:00,READY_FOR_SHIPMENT
PKG-00001226,SN-00001226,EXEC-000444,GIS-145-4000,WOODEN_CRATE,278.1,2904,1381,2435,2026-01-25 13:23:00,2026-01-25 13:25:00,READY_FOR_SHIPMENT
PKG-00001227,SN-00001227,EXEC-000445,GIS-145-3150,WOODEN_CRATE,491.35,3102,1777,2390,2026-01-25 13:43:00,2026-01-25 13:45:00,READY_FOR_SHIPMENT
PKG-00001228,SN-00001228,EXEC-000445,GIS-145-3150,WOODEN_CRATE,445.09,3109,1746,2134,2026-01-25 13:43:00,2026-01-25 13:45:00,READY_FOR_SHIPMENT
PKG-00001229,SN-00001229,EXEC-000445,GIS-145-3150,WOODEN_CRATE,610.84,2786,1752,1965,2026-01-25 13:43:00,2026-01-25 13:45:00,READY_FOR_SHIPMENT
PKG-00001230,SN-00001230,EXEC-000445,GIS-145-3150,WOODEN_CRATE,566.02,2704,1515,2249,2026-01-25 13:43:00,2026-01-25 13:45:00,READY_FOR_SHIPMENT
PKG-00001231,SN-00001231,EXEC-000446,GIS-245-3150,WOODEN_CRATE,397.25,2118,1510,1521,2026-01-25 14:03:00,2026-01-25 14:05:00,READY_FOR_SHIPMENT
PKG-00001232,SN-00001232,EXEC-000447,GIS-072-2500,WOODEN_CRATE,220.04,2079,1552,2087,2026-01-25 14:23:00,2026-01-25 14:25:00,READY_FOR_SHIPMENT
PKG-00001233,SN-00001233,EXEC-000447,GIS-072-2500,WOODEN_CRATE,421.76,1817,1703,2477,2026-01-25 14:23:00,2026-01-25 14:25:00,READY_FOR_SHIPMENT
PKG-00001234,SN-00001234,EXEC-000447,GIS-072-2500,WOODEN_CRATE,348.83,2681,1499,1973,2026-01-25 14:23:00,2026-01-25 14:25:00,READY_FOR_SHIPMENT
PKG-00001235,SN-00001235,EXEC-000448,GIS-245-4000,WOODEN_CRATE,562.61,2922,1582,1886,2026-01-26 07:03:00,2026-01-26 07:05:00,READY_FOR_SHIPMENT
PKG-00001236,SN-00001236,EXEC-000448,GIS-245-4000,WOODEN_CRATE,397.05,2948,1647,2308,2026-01-26 07:03:00,2026-01-26 07:05:00,READY_FOR_SHIPMENT
PKG-00001237,SN-00001237,EXEC-000448,GIS-245-4000,WOODEN_CRATE,327.46,3122,1599,2274,2026-01-26 07:03:00,2026-01-26 07:05:00,READY_FOR_SHIPMENT
PKG-00001238,SN-00001238,EXEC-000449,GIS-420-5000,WOODEN_CRATE,314.85,1962,1632,1990,2026-01-26 07:23:00,2026-01-26 07:25:00,READY_FOR_SHIPMENT
PKG-00001239,SN-00001239,EXEC-000449,GIS-420-5000,WOODEN_CRATE,442.14,3055,1478,2083,2026-01-26 07:23:00,2026-01-26 07:25:00,READY_FOR_SHIPMENT
PKG-00001240,SN-00001240,EXEC-000450,GIS-170-4000,WOODEN_CRATE,498.84,2889,1475,2345,2026-01-26 07:43:00,2026-01-26 07:45:00,READY_FOR_SHIPMENT
PKG-00001241,SN-00001241,EXEC-000450,GIS-170-4000,WOODEN_CRATE,300.84,1940,1386,1779,2026-01-26 07:43:00,2026-01-26 07:45:00,READY_FOR_SHIPMENT
PKG-00001242,SN-00001242,EXEC-000450,GIS-170-4000,WOODEN_CRATE,344.53,3104,1666,2427,2026-01-26 07:43:00,2026-01-26 07:45:00,READY_FOR_SHIPMENT
PKG-00001243,SN-00001243,EXEC-000451,GIS-420-4000,WOODEN_CRATE,337.02,3075,1703,1884,2026-01-26 08:03:00,2026-01-26 08:05:00,READY_FOR_SHIPMENT
PKG-00001244,SN-00001244,EXEC-000451,GIS-420-4000,WOODEN_CRATE,357.88,2111,1250,2595,2026-01-26 08:03:00,2026-01-26 08:05:00,READY_FOR_SHIPMENT
PKG-00001245,SN-00001245,EXEC-000452,GIS-170-4000,WOODEN_CRATE,229.52,2009,1488,2051,2026-01-26 08:23:00,2026-01-26 08:25:00,READY_FOR_SHIPMENT
PKG-00001246,SN-00001246,EXEC-000452,GIS-170-4000,WOODEN_CRATE,273.77,2697,1208,1976,2026-01-26 08:23:00,2026-01-26 08:25:00,READY_FOR_SHIPMENT
PKG-00001247,SN-00001247,EXEC-000453,GIS-145-4000,WOODEN_CRATE,258.78,1830,1705,1944,2026-01-26 08:43:00,2026-01-26 08:45:00,READY_FOR_SHIPMENT
PKG-00001248,SN-00001248,EXEC-000453,GIS-145-4000,WOODEN_CRATE,367.02,2438,1710,2260,2026-01-26 08:43:00,2026-01-26 08:45:00,READY_FOR_SHIPMENT
PKG-00001249,SN-00001249,EXEC-000453,GIS-145-4000,WOODEN_CRATE,419.38,1864,1538,1664,2026-01-26 08:43:00,2026-01-26 08:45:00,READY_FOR_SHIPMENT
PKG-00001250,SN-00001250,EXEC-000453,GIS-145-4000,WOODEN_CRATE,582.72,2099,1257,2045,2026-01-26 08:43:00,2026-01-26 08:45:00,READY_FOR_SHIPMENT
PKG-00001251,SN-00001251,EXEC-000454,GIS-072-3150,WOODEN_CRATE,553.53,1946,1756,2462,2026-01-26 09:03:00,2026-01-26 09:05:00,READY_FOR_SHIPMENT
PKG-00001252,SN-00001252,EXEC-000454,GIS-072-3150,WOODEN_CRATE,298.09,2312,1590,1525,2026-01-26 09:03:00,2026-01-26 09:05:00,READY_FOR_SHIPMENT
PKG-00001253,SN-00001253,EXEC-000454,GIS-072-3150,WOODEN_CRATE,272.44,2309,1594,2407,2026-01-26 09:03:00,2026-01-26 09:05:00,READY_FOR_SHIPMENT
PKG-00001254,SN-00001254,EXEC-000455,GIS-072-2500,WOODEN_CRATE,326.28,1868,1403,2443,2026-01-26 09:23:00,2026-01-26 09:25:00,READY_FOR_SHIPMENT
PKG-00001255,SN-00001255,EXEC-000455,GIS-072-2500,WOODEN_CRATE,536.19,1992,1733,1926,2026-01-26 09:23:00,2026-01-26 09:25:00,READY_FOR_SHIPMENT
PKG-00001256,SN-00001256,EXEC-000455,GIS-072-2500,WOODEN_CRATE,423.31,3195,1519,2161,2026-01-26 09:23:00,2026-01-26 09:25:00,READY_FOR_SHIPMENT
PKG-00001257,SN-00001257,EXEC-000455,GIS-072-2500,WOODEN_CRATE,288.2,1886,1762,2566,2026-01-26 09:23:00,2026-01-26 09:25:00,READY_FOR_SHIPMENT
PKG-00001258,SN-00001258,EXEC-000456,GIS-072-2500,WOODEN_CRATE,272.52,2785,1505,1906,2026-01-26 09:43:00,2026-01-26 09:45:00,READY_FOR_SHIPMENT
PKG-00001259,SN-00001259,EXEC-000456,GIS-072-2500,WOODEN_CRATE,374.98,1906,1423,1731,2026-01-26 09:43:00,2026-01-26 09:45:00,READY_FOR_SHIPMENT
PKG-00001260,SN-00001260,EXEC-000456,GIS-072-2500,WOODEN_CRATE,321.47,2689,1532,1530,2026-01-26 09:43:00,2026-01-26 09:45:00,READY_FOR_SHIPMENT
PKG-00001261,SN-00001261,EXEC-000456,GIS-072-2500,WOODEN_CRATE,291.96,2365,1798,1745,2026-01-26 09:43:00,2026-01-26 09:45:00,READY_FOR_SHIPMENT
PKG-00001262,SN-00001262,EXEC-000457,GIS-300-4000,WOODEN_CRATE,390.2,2297,1209,1586,2026-01-26 10:03:00,2026-01-26 10:05:00,READY_FOR_SHIPMENT
PKG-00001263,SN-00001263,EXEC-000458,GIS-145-4000,WOODEN_CRATE,469.86,2773,1358,2260,2026-01-26 10:23:00,2026-01-26 10:25:00,READY_FOR_SHIPMENT
PKG-00001264,SN-00001264,EXEC-000458,GIS-145-4000,WOODEN_CRATE,551.44,2309,1361,2523,2026-01-26 10:23:00,2026-01-26 10:25:00,READY_FOR_SHIPMENT
PKG-00001265,SN-00001265,EXEC-000458,GIS-145-4000,WOODEN_CRATE,259.3,3066,1546,1622,2026-01-26 10:23:00,2026-01-26 10:25:00,READY_FOR_SHIPMENT
PKG-00001266,SN-00001266,EXEC-000459,GIS-420-5000,WOODEN_CRATE,245.7,3120,1357,2598,2026-01-26 10:43:00,2026-01-26 10:45:00,READY_FOR_SHIPMENT
PKG-00001267,SN-00001267,EXEC-000460,GIS-245-4000,WOODEN_CRATE,560.33,2057,1699,1976,2026-01-26 11:03:00,2026-01-26 11:05:00,READY_FOR_SHIPMENT
PKG-00001268,SN-00001268,EXEC-000460,GIS-245-4000,WOODEN_CRATE,356.2,2943,1555,2398,2026-01-26 11:03:00,2026-01-26 11:05:00,READY_FOR_SHIPMENT
PKG-00001269,SN-00001269,EXEC-000460,GIS-245-4000,WOODEN_CRATE,535.27,1843,1586,2233,2026-01-26 11:03:00,2026-01-26 11:05:00,READY_FOR_SHIPMENT
PKG-00001270,SN-00001270,EXEC-000461,GIS-170-4000,WOODEN_CRATE,531.49,2313,1240,2493,2026-01-26 11:23:00,2026-01-26 11:25:00,READY_FOR_SHIPMENT
PKG-00001271,SN-00001271,EXEC-000461,GIS-170-4000,WOODEN_CRATE,523.85,2944,1501,2503,2026-01-26 11:23:00,2026-01-26 11:25:00,READY_FOR_SHIPMENT
PKG-00001272,SN-00001272,EXEC-000462,GIS-145-4000,WOODEN_CRATE,301.6,2182,1756,2212,2026-01-26 11:43:00,2026-01-26 11:45:00,READY_FOR_SHIPMENT
PKG-00001273,SN-00001273,EXEC-000462,GIS-145-4000,WOODEN_CRATE,359.18,2759,1481,1828,2026-01-26 11:43:00,2026-01-26 11:45:00,READY_FOR_SHIPMENT
PKG-00001274,SN-00001274,EXEC-000462,GIS-145-4000,WOODEN_CRATE,249.62,2117,1660,2105,2026-01-26 11:43:00,2026-01-26 11:45:00,READY_FOR_SHIPMENT
PKG-00001275,SN-00001275,EXEC-000463,GIS-072-2500,WOODEN_CRATE,572.35,2909,1575,2429,2026-01-26 12:03:00,2026-01-26 12:05:00,READY_FOR_SHIPMENT
PKG-00001276,SN-00001276,EXEC-000463,GIS-072-2500,WOODEN_CRATE,220.31,3106,1718,2276,2026-01-26 12:03:00,2026-01-26 12:05:00,READY_FOR_SHIPMENT
PKG-00001277,SN-00001277,EXEC-000463,GIS-072-2500,WOODEN_CRATE,535.47,1838,1572,1989,2026-01-26 12:03:00,2026-01-26 12:05:00,READY_FOR_SHIPMENT
PKG-00001278,SN-00001278,EXEC-000463,GIS-072-2500,WOODEN_CRATE,357.9,1929,1751,2293,2026-01-26 12:03:00,2026-01-26 12:05:00,READY_FOR_SHIPMENT
PKG-00001279,SN-00001279,EXEC-000463,GIS-072-2500,WOODEN_CRATE,301.64,3199,1709,1815,2026-01-26 12:03:00,2026-01-26 12:05:00,READY_FOR_SHIPMENT
PKG-00001280,SN-00001280,EXEC-000464,GIS-072-3150,WOODEN_CRATE,483.61,2460,1619,2159,2026-01-26 12:23:00,2026-01-26 12:25:00,READY_FOR_SHIPMENT
PKG-00001281,SN-00001281,EXEC-000464,GIS-072-3150,WOODEN_CRATE,267.5,2871,1268,1589,2026-01-26 12:23:00,2026-01-26 12:25:00,READY_FOR_SHIPMENT
PKG-00001282,SN-00001282,EXEC-000464,GIS-072-3150,WOODEN_CRATE,579.13,2065,1382,1564,2026-01-26 12:23:00,2026-01-26 12:25:00,READY_FOR_SHIPMENT
PKG-00001283,SN-00001283,EXEC-000464,GIS-072-3150,WOODEN_CRATE,306.89,2794,1396,1702,2026-01-26 12:23:00,2026-01-26 12:25:00,READY_FOR_SHIPMENT
PKG-00001284,SN-00001284,EXEC-000465,GIS-145-4000,WOODEN_CRATE,233.68,3114,1597,2503,2026-01-26 12:43:00,2026-01-26 12:45:00,READY_FOR_SHIPMENT
PKG-00001285,SN-00001285,EXEC-000465,GIS-145-4000,WOODEN_CRATE,446.1,3008,1462,1600,2026-01-26 12:43:00,2026-01-26 12:45:00,READY_FOR_SHIPMENT
PKG-00001286,SN-00001286,EXEC-000465,GIS-145-4000,WOODEN_CRATE,377.53,3040,1272,1526,2026-01-26 12:43:00,2026-01-26 12:45:00,READY_FOR_SHIPMENT
PKG-00001287,SN-00001287,EXEC-000465,GIS-145-4000,WOODEN_CRATE,619.99,2227,1703,1663,2026-01-26 12:43:00,2026-01-26 12:45:00,READY_FOR_SHIPMENT
PKG-00001288,SN-00001288,EXEC-000466,GIS-145-3150,WOODEN_CRATE,421.27,3108,1262,2239,2026-01-26 13:03:00,2026-01-26 13:05:00,READY_FOR_SHIPMENT
PKG-00001289,SN-00001289,EXEC-000466,GIS-145-3150,WOODEN_CRATE,459.95,2651,1577,1619,2026-01-26 13:03:00,2026-01-26 13:05:00,READY_FOR_SHIPMENT
PKG-00001290,SN-00001290,EXEC-000466,GIS-145-3150,WOODEN_CRATE,574.17,2344,1741,1583,2026-01-26 13:03:00,2026-01-26 13:05:00,READY_FOR_SHIPMENT
PKG-00001291,SN-00001291,EXEC-000467,GIS-145-3150,WOODEN_CRATE,535.75,2422,1279,1942,2026-01-27 07:03:00,2026-01-27 07:05:00,READY_FOR_SHIPMENT
PKG-00001292,SN-00001292,EXEC-000467,GIS-145-3150,WOODEN_CRATE,633.05,1998,1303,1973,2026-01-27 07:03:00,2026-01-27 07:05:00,READY_FOR_SHIPMENT
PKG-00001293,SN-00001293,EXEC-000467,GIS-145-3150,WOODEN_CRATE,448.61,2188,1397,2577,2026-01-27 07:03:00,2026-01-27 07:05:00,READY_FOR_SHIPMENT
PKG-00001294,SN-00001294,EXEC-000467,GIS-145-3150,WOODEN_CRATE,502.46,2967,1383,2350,2026-01-27 07:03:00,2026-01-27 07:05:00,READY_FOR_SHIPMENT
PKG-00001295,SN-00001295,EXEC-000468,GIS-245-3150,WOODEN_CRATE,540.83,3107,1790,2233,2026-01-27 07:23:00,2026-01-27 07:25:00,READY_FOR_SHIPMENT
PKG-00001296,SN-00001296,EXEC-000468,GIS-245-3150,WOODEN_CRATE,510.03,3162,1637,1713,2026-01-27 07:23:00,2026-01-27 07:25:00,READY_FOR_SHIPMENT
PKG-00001297,SN-00001297,EXEC-000469,GIS-072-2500,WOODEN_CRATE,291.73,2169,1763,2322,2026-01-27 07:43:00,2026-01-27 07:45:00,READY_FOR_SHIPMENT
PKG-00001298,SN-00001298,EXEC-000469,GIS-072-2500,WOODEN_CRATE,437.02,3146,1361,2593,2026-01-27 07:43:00,2026-01-27 07:45:00,READY_FOR_SHIPMENT
PKG-00001299,SN-00001299,EXEC-000469,GIS-072-2500,WOODEN_CRATE,649.33,2707,1560,2145,2026-01-27 07:43:00,2026-01-27 07:45:00,READY_FOR_SHIPMENT
PKG-00001300,SN-00001300,EXEC-000469,GIS-072-2500,WOODEN_CRATE,456.53,2464,1580,2344,2026-01-27 07:43:00,2026-01-27 07:45:00,READY_FOR_SHIPMENT
PKG-00001301,SN-00001301,EXEC-000469,GIS-072-2500,WOODEN_CRATE,548.6,2681,1531,1992,2026-01-27 07:43:00,2026-01-27 07:45:00,READY_FOR_SHIPMENT
PKG-00001302,SN-00001302,EXEC-000470,GIS-072-3150,WOODEN_CRATE,462.15,2238,1584,2020,2026-01-27 08:03:00,2026-01-27 08:05:00,READY_FOR_SHIPMENT
PKG-00001303,SN-00001303,EXEC-000470,GIS-072-3150,WOODEN_CRATE,374.8,2726,1658,2313,2026-01-27 08:03:00,2026-01-27 08:05:00,READY_FOR_SHIPMENT
PKG-00001304,SN-00001304,EXEC-000470,GIS-072-3150,WOODEN_CRATE,220.08,1870,1491,1533,2026-01-27 08:03:00,2026-01-27 08:05:00,READY_FOR_SHIPMENT
PKG-00001305,SN-00001305,EXEC-000470,GIS-072-3150,WOODEN_CRATE,442.57,2418,1206,2115,2026-01-27 08:03:00,2026-01-27 08:05:00,READY_FOR_SHIPMENT
PKG-00001306,SN-00001306,EXEC-000470,GIS-072-3150,WOODEN_CRATE,643.29,2239,1522,1544,2026-01-27 08:03:00,2026-01-27 08:05:00,READY_FOR_SHIPMENT
PKG-00001307,SN-00001307,EXEC-000471,GIS-170-4000,WOODEN_CRATE,551.75,2365,1766,2547,2026-01-27 08:23:00,2026-01-27 08:25:00,READY_FOR_SHIPMENT
PKG-00001308,SN-00001308,EXEC-000471,GIS-170-4000,WOODEN_CRATE,459.22,2970,1358,1693,2026-01-27 08:23:00,2026-01-27 08:25:00,READY_FOR_SHIPMENT
PKG-00001309,SN-00001309,EXEC-000472,GIS-170-4000,WOODEN_CRATE,236.23,2528,1359,1783,2026-01-27 08:43:00,2026-01-27 08:45:00,READY_FOR_SHIPMENT
PKG-00001310,SN-00001310,EXEC-000472,GIS-170-4000,WOODEN_CRATE,333.94,2992,1455,1977,2026-01-27 08:43:00,2026-01-27 08:45:00,READY_FOR_SHIPMENT
PKG-00001311,SN-00001311,EXEC-000473,GIS-145-3150,WOODEN_CRATE,330.18,2415,1294,2318,2026-01-27 09:03:00,2026-01-27 09:05:00,READY_FOR_SHIPMENT
PKG-00001312,SN-00001312,EXEC-000473,GIS-145-3150,WOODEN_CRATE,464.7,2245,1279,2164,2026-01-27 09:03:00,2026-01-27 09:05:00,READY_FOR_SHIPMENT
PKG-00001313,SN-00001313,EXEC-000473,GIS-145-3150,WOODEN_CRATE,560.95,2154,1699,1695,2026-01-27 09:03:00,2026-01-27 09:05:00,READY_FOR_SHIPMENT
PKG-00001314,SN-00001314,EXEC-000473,GIS-145-3150,WOODEN_CRATE,475.95,2415,1238,2281,2026-01-27 09:03:00,2026-01-27 09:05:00,READY_FOR_SHIPMENT
PKG-00001315,SN-00001315,EXEC-000474,GIS-145-3150,WOODEN_CRATE,253.75,1914,1542,2212,2026-01-27 09:23:00,2026-01-27 09:25:00,READY_FOR_SHIPMENT
PKG-00001316,SN-00001316,EXEC-000474,GIS-145-3150,WOODEN_CRATE,598.31,2689,1626,1746,2026-01-27 09:23:00,2026-01-27 09:25:00,READY_FOR_SHIPMENT
PKG-00001317,SN-00001317,EXEC-000474,GIS-145-3150,WOODEN_CRATE,594.01,2264,1211,2283,2026-01-27 09:23:00,2026-01-27 09:25:00,READY_FOR_SHIPMENT
PKG-00001318,SN-00001318,EXEC-000474,GIS-145-3150,WOODEN_CRATE,243.28,2873,1242,2153,2026-01-27 09:23:00,2026-01-27 09:25:00,READY_FOR_SHIPMENT
PKG-00001319,SN-00001319,EXEC-000475,GIS-072-2500,WOODEN_CRATE,452.17,2106,1534,2528,2026-01-27 09:43:00,2026-01-27 09:45:00,READY_FOR_SHIPMENT
PKG-00001320,SN-00001320,EXEC-000475,GIS-072-2500,WOODEN_CRATE,520.04,2113,1251,2304,2026-01-27 09:43:00,2026-01-27 09:45:00,READY_FOR_SHIPMENT
PKG-00001321,SN-00001321,EXEC-000475,GIS-072-2500,WOODEN_CRATE,637.55,3018,1789,2533,2026-01-27 09:43:00,2026-01-27 09:45:00,READY_FOR_SHIPMENT
PKG-00001322,SN-00001322,EXEC-000475,GIS-072-2500,WOODEN_CRATE,258.74,2684,1496,2307,2026-01-27 09:43:00,2026-01-27 09:45:00,READY_FOR_SHIPMENT
PKG-00001323,SN-00001323,EXEC-000475,GIS-072-2500,WOODEN_CRATE,283.65,2488,1284,2474,2026-01-27 09:43:00,2026-01-27 09:45:00,READY_FOR_SHIPMENT
PKG-00001324,SN-00001324,EXEC-000476,GIS-245-4000,WOODEN_CRATE,465.72,1900,1761,2317,2026-01-27 10:03:00,2026-01-27 10:05:00,READY_FOR_SHIPMENT
PKG-00001325,SN-00001325,EXEC-000477,GIS-300-4000,WOODEN_CRATE,332.9,2616,1713,2389,2026-01-27 10:23:00,2026-01-27 10:25:00,READY_FOR_SHIPMENT
PKG-00001326,SN-00001326,EXEC-000478,GIS-145-3150,WOODEN_CRATE,552.74,2067,1338,2484,2026-01-27 10:43:00,2026-01-27 10:45:00,READY_FOR_SHIPMENT
PKG-00001327,SN-00001327,EXEC-000478,GIS-145-3150,WOODEN_CRATE,460.5,2799,1604,1901,2026-01-27 10:43:00,2026-01-27 10:45:00,READY_FOR_SHIPMENT
PKG-00001328,SN-00001328,EXEC-000478,GIS-145-3150,WOODEN_CRATE,461.3,2873,1452,1996,2026-01-27 10:43:00,2026-01-27 10:45:00,READY_FOR_SHIPMENT
PKG-00001329,SN-00001329,EXEC-000479,GIS-145-3150,WOODEN_CRATE,250.81,2680,1531,1683,2026-01-27 11:03:00,2026-01-27 11:05:00,READY_FOR_SHIPMENT
PKG-00001330,SN-00001330,EXEC-000479,GIS-145-3150,WOODEN_CRATE,268.39,2647,1633,2248,2026-01-27 11:03:00,2026-01-27 11:05:00,READY_FOR_SHIPMENT
PKG-00001331,SN-00001331,EXEC-000480,GIS-245-4000,WOODEN_CRATE,369.77,2456,1552,1549,2026-01-27 11:23:00,2026-01-27 11:25:00,READY_FOR_SHIPMENT
PKG-00001332,SN-00001332,EXEC-000481,GIS-072-2500,WOODEN_CRATE,550.96,2146,1558,2405,2026-01-27 11:43:00,2026-01-27 11:45:00,READY_FOR_SHIPMENT
PKG-00001333,SN-00001333,EXEC-000481,GIS-072-2500,WOODEN_CRATE,487.97,2702,1245,1978,2026-01-27 11:43:00,2026-01-27 11:45:00,READY_FOR_SHIPMENT
PKG-00001334,SN-00001334,EXEC-000481,GIS-072-2500,WOODEN_CRATE,305.86,2565,1359,1675,2026-01-27 11:43:00,2026-01-27 11:45:00,READY_FOR_SHIPMENT
PKG-00001335,SN-00001335,EXEC-000482,GIS-245-4000,WOODEN_CRATE,268.32,1911,1448,1802,2026-01-27 12:03:00,2026-01-27 12:05:00,READY_FOR_SHIPMENT
PKG-00001336,SN-00001336,EXEC-000482,GIS-245-4000,WOODEN_CRATE,593.56,2389,1214,2203,2026-01-27 12:03:00,2026-01-27 12:05:00,READY_FOR_SHIPMENT
PKG-00001337,SN-00001337,EXEC-000482,GIS-245-4000,WOODEN_CRATE,518.33,2027,1512,2421,2026-01-27 12:03:00,2026-01-27 12:05:00,READY_FOR_SHIPMENT
PKG-00001338,SN-00001338,EXEC-000483,GIS-300-4000,WOODEN_CRATE,422.61,2479,1414,1933,2026-01-27 12:23:00,2026-01-27 12:25:00,READY_FOR_SHIPMENT
PKG-00001339,SN-00001339,EXEC-000484,GIS-420-4000,WOODEN_CRATE,307.63,2871,1464,2489,2026-01-27 12:43:00,2026-01-27 12:45:00,READY_FOR_SHIPMENT
PKG-00001340,SN-00001340,EXEC-000485,GIS-072-3150,WOODEN_CRATE,487.91,2089,1218,2271,2026-01-27 13:03:00,2026-01-27 13:05:00,READY_FOR_SHIPMENT
PKG-00001341,SN-00001341,EXEC-000485,GIS-072-3150,WOODEN_CRATE,470.69,3158,1739,1589,2026-01-27 13:03:00,2026-01-27 13:05:00,READY_FOR_SHIPMENT
PKG-00001342,SN-00001342,EXEC-000485,GIS-072-3150,WOODEN_CRATE,329.85,1923,1490,1911,2026-01-27 13:03:00,2026-01-27 13:05:00,READY_FOR_SHIPMENT
PKG-00001343,SN-00001343,EXEC-000486,GIS-245-4000,WOODEN_CRATE,559.35,3065,1477,1608,2026-01-27 13:23:00,2026-01-27 13:25:00,READY_FOR_SHIPMENT
PKG-00001344,SN-00001344,EXEC-000487,GIS-072-2500,WOODEN_CRATE,419.93,1817,1268,2295,2026-01-27 13:43:00,2026-01-27 13:45:00,READY_FOR_SHIPMENT
PKG-00001345,SN-00001345,EXEC-000487,GIS-072-2500,WOODEN_CRATE,503.96,3157,1568,1720,2026-01-27 13:43:00,2026-01-27 13:45:00,READY_FOR_SHIPMENT
PKG-00001346,SN-00001346,EXEC-000487,GIS-072-2500,WOODEN_CRATE,228.2,3129,1595,1973,2026-01-27 13:43:00,2026-01-27 13:45:00,READY_FOR_SHIPMENT
PKG-00001347,SN-00001347,EXEC-000487,GIS-072-2500,WOODEN_CRATE,641.31,2841,1301,2146,2026-01-27 13:43:00,2026-01-27 13:45:00,READY_FOR_SHIPMENT
PKG-00001348,SN-00001348,EXEC-000488,GIS-072-3150,WOODEN_CRATE,428.4,3022,1744,1680,2026-01-27 14:03:00,2026-01-27 14:05:00,READY_FOR_SHIPMENT
PKG-00001349,SN-00001349,EXEC-000488,GIS-072-3150,WOODEN_CRATE,300.16,2825,1668,1544,2026-01-27 14:03:00,2026-01-27 14:05:00,READY_FOR_SHIPMENT
PKG-00001350,SN-00001350,EXEC-000488,GIS-072-3150,WOODEN_CRATE,237.09,2884,1512,2183,2026-01-27 14:03:00,2026-01-27 14:05:00,READY_FOR_SHIPMENT
PKG-00001351,SN-00001351,EXEC-000488,GIS-072-3150,WOODEN_CRATE,430.67,2121,1218,2210,2026-01-27 14:03:00,2026-01-27 14:05:00,READY_FOR_SHIPMENT
PKG-00001352,SN-00001352,EXEC-000489,GIS-245-4000,WOODEN_CRATE,514.25,2527,1509,1983,2026-01-27 14:23:00,2026-01-27 14:25:00,READY_FOR_SHIPMENT
PKG-00001353,SN-00001353,EXEC-000489,GIS-245-4000,WOODEN_CRATE,648.28,2826,1482,1626,2026-01-27 14:23:00,2026-01-27 14:25:00,READY_FOR_SHIPMENT
PKG-00001354,SN-00001354,EXEC-000490,GIS-072-3150,WOODEN_CRATE,489.09,2592,1230,2073,2026-01-27 14:43:00,2026-01-27 14:45:00,READY_FOR_SHIPMENT
PKG-00001355,SN-00001355,EXEC-000490,GIS-072-3150,WOODEN_CRATE,317.0,2499,1602,1781,2026-01-27 14:43:00,2026-01-27 14:45:00,READY_FOR_SHIPMENT
PKG-00001356,SN-00001356,EXEC-000490,GIS-072-3150,WOODEN_CRATE,257.75,2582,1733,1965,2026-01-27 14:43:00,2026-01-27 14:45:00,READY_FOR_SHIPMENT
PKG-00001357,SN-00001357,EXEC-000490,GIS-072-3150,WOODEN_CRATE,399.45,2973,1356,2373,2026-01-27 14:43:00,2026-01-27 14:45:00,READY_FOR_SHIPMENT
PKG-00001358,SN-00001358,EXEC-000491,GIS-145-3150,WOODEN_CRATE,637.33,3039,1537,2419,2026-01-28 07:03:00,2026-01-28 07:05:00,READY_FOR_SHIPMENT
PKG-00001359,SN-00001359,EXEC-000491,GIS-145-3150,WOODEN_CRATE,453.16,2223,1341,1914,2026-01-28 07:03:00,2026-01-28 07:05:00,READY_FOR_SHIPMENT
PKG-00001360,SN-00001360,EXEC-000491,GIS-145-3150,WOODEN_CRATE,590.91,2432,1736,1776,2026-01-28 07:03:00,2026-01-28 07:05:00,READY_FOR_SHIPMENT
PKG-00001361,SN-00001361,EXEC-000491,GIS-145-3150,WOODEN_CRATE,404.93,2097,1778,1823,2026-01-28 07:03:00,2026-01-28 07:05:00,READY_FOR_SHIPMENT
PKG-00001362,SN-00001362,EXEC-000492,GIS-145-4000,WOODEN_CRATE,356.52,2941,1745,1742,2026-01-28 07:23:00,2026-01-28 07:25:00,READY_FOR_SHIPMENT
PKG-00001363,SN-00001363,EXEC-000492,GIS-145-4000,WOODEN_CRATE,299.18,2098,1230,2152,2026-01-28 07:23:00,2026-01-28 07:25:00,READY_FOR_SHIPMENT
PKG-00001364,SN-00001364,EXEC-000492,GIS-145-4000,WOODEN_CRATE,598.46,2647,1621,2121,2026-01-28 07:23:00,2026-01-28 07:25:00,READY_FOR_SHIPMENT
PKG-00001365,SN-00001365,EXEC-000493,GIS-145-4000,WOODEN_CRATE,410.49,3104,1480,1811,2026-01-28 07:43:00,2026-01-28 07:45:00,READY_FOR_SHIPMENT
PKG-00001366,SN-00001366,EXEC-000493,GIS-145-4000,WOODEN_CRATE,555.02,2018,1334,1878,2026-01-28 07:43:00,2026-01-28 07:45:00,READY_FOR_SHIPMENT
PKG-00001367,SN-00001367,EXEC-000493,GIS-145-4000,WOODEN_CRATE,231.27,3053,1473,1972,2026-01-28 07:43:00,2026-01-28 07:45:00,READY_FOR_SHIPMENT
PKG-00001368,SN-00001368,EXEC-000494,GIS-300-4000,WOODEN_CRATE,476.44,2272,1226,2235,2026-01-28 08:03:00,2026-01-28 08:05:00,READY_FOR_SHIPMENT
PKG-00001369,SN-00001369,EXEC-000495,GIS-072-2500,WOODEN_CRATE,254.17,2776,1337,2528,2026-01-28 08:23:00,2026-01-28 08:25:00,READY_FOR_SHIPMENT
PKG-00001370,SN-00001370,EXEC-000495,GIS-072-2500,WOODEN_CRATE,583.84,2760,1582,1876,2026-01-28 08:23:00,2026-01-28 08:25:00,READY_FOR_SHIPMENT
PKG-00001371,SN-00001371,EXEC-000495,GIS-072-2500,WOODEN_CRATE,586.42,2806,1685,1781,2026-01-28 08:23:00,2026-01-28 08:25:00,READY_FOR_SHIPMENT
PKG-00001372,SN-00001372,EXEC-000495,GIS-072-2500,WOODEN_CRATE,290.43,2263,1233,2336,2026-01-28 08:23:00,2026-01-28 08:25:00,READY_FOR_SHIPMENT
PKG-00001373,SN-00001373,EXEC-000496,GIS-170-4000,WOODEN_CRATE,548.75,1830,1476,2345,2026-01-28 08:43:00,2026-01-28 08:45:00,READY_FOR_SHIPMENT
PKG-00001374,SN-00001374,EXEC-000496,GIS-170-4000,WOODEN_CRATE,315.7,3174,1407,1918,2026-01-28 08:43:00,2026-01-28 08:45:00,READY_FOR_SHIPMENT
PKG-00001375,SN-00001375,EXEC-000497,GIS-145-4000,WOODEN_CRATE,248.44,2699,1701,2165,2026-01-28 09:03:00,2026-01-28 09:05:00,READY_FOR_SHIPMENT
PKG-00001376,SN-00001376,EXEC-000497,GIS-145-4000,WOODEN_CRATE,592.71,2305,1637,2329,2026-01-28 09:03:00,2026-01-28 09:05:00,READY_FOR_SHIPMENT
PKG-00001377,SN-00001377,EXEC-000498,GIS-245-4000,WOODEN_CRATE,553.77,3045,1589,2140,2026-01-28 09:23:00,2026-01-28 09:25:00,READY_FOR_SHIPMENT
PKG-00001378,SN-00001378,EXEC-000498,GIS-245-4000,WOODEN_CRATE,389.48,2971,1749,2575,2026-01-28 09:23:00,2026-01-28 09:25:00,READY_FOR_SHIPMENT
PKG-00001379,SN-00001379,EXEC-000499,GIS-145-4000,WOODEN_CRATE,495.8,1878,1733,1723,2026-01-28 09:43:00,2026-01-28 09:45:00,READY_FOR_SHIPMENT
PKG-00001380,SN-00001380,EXEC-000499,GIS-145-4000,WOODEN_CRATE,414.19,1886,1451,2562,2026-01-28 09:43:00,2026-01-28 09:45:00,READY_FOR_SHIPMENT
PKG-00001381,SN-00001381,EXEC-000499,GIS-145-4000,WOODEN_CRATE,451.28,1880,1771,2293,2026-01-28 09:43:00,2026-01-28 09:45:00,READY_FOR_SHIPMENT
PKG-00001382,SN-00001382,EXEC-000500,GIS-420-4000,WOODEN_CRATE,441.93,3091,1250,1888,2026-01-28 10:03:00,2026-01-28 10:05:00,READY_FOR_SHIPMENT
PKG-00001383,SN-00001383,EXEC-000500,GIS-420-4000,WOODEN_CRATE,345.21,2615,1511,2085,2026-01-28 10:03:00,2026-01-28 10:05:00,READY_FOR_SHIPMENT
PKG-00001384,SN-00001384,EXEC-000501,GIS-420-5000,WOODEN_CRATE,418.38,2665,1501,1611,2026-01-28 10:23:00,2026-01-28 10:25:00,READY_FOR_SHIPMENT
PKG-00001385,SN-00001385,EXEC-000501,GIS-420-5000,WOODEN_CRATE,516.68,2091,1674,2425,2026-01-28 10:23:00,2026-01-28 10:25:00,READY_FOR_SHIPMENT
PKG-00001386,SN-00001386,EXEC-000502,GIS-145-4000,WOODEN_CRATE,258.89,2825,1315,1868,2026-01-28 10:43:00,2026-01-28 10:45:00,READY_FOR_SHIPMENT
PKG-00001387,SN-00001387,EXEC-000502,GIS-145-4000,WOODEN_CRATE,554.85,2919,1338,2305,2026-01-28 10:43:00,2026-01-28 10:45:00,READY_FOR_SHIPMENT
PKG-00001388,SN-00001388,EXEC-000503,GIS-072-2500,WOODEN_CRATE,397.83,2723,1225,1866,2026-01-28 11:03:00,2026-01-28 11:05:00,READY_FOR_SHIPMENT
PKG-00001389,SN-00001389,EXEC-000503,GIS-072-2500,WOODEN_CRATE,415.08,2213,1665,1684,2026-01-28 11:03:00,2026-01-28 11:05:00,READY_FOR_SHIPMENT
PKG-00001390,SN-00001390,EXEC-000503,GIS-072-2500,WOODEN_CRATE,327.54,3128,1367,1753,2026-01-28 11:03:00,2026-01-28 11:05:00,READY_FOR_SHIPMENT
PKG-00001391,SN-00001391,EXEC-000504,GIS-420-5000,WOODEN_CRATE,259.21,2720,1571,1674,2026-01-28 11:23:00,2026-01-28 11:25:00,READY_FOR_SHIPMENT
PKG-00001392,SN-00001392,EXEC-000504,GIS-420-5000,WOODEN_CRATE,445.24,2586,1723,1827,2026-01-28 11:23:00,2026-01-28 11:25:00,READY_FOR_SHIPMENT
PKG-00001393,SN-00001393,EXEC-000505,GIS-072-2500,WOODEN_CRATE,382.83,2579,1244,1849,2026-01-28 11:43:00,2026-01-28 11:45:00,READY_FOR_SHIPMENT
PKG-00001394,SN-00001394,EXEC-000505,GIS-072-2500,WOODEN_CRATE,612.27,2958,1353,1832,2026-01-28 11:43:00,2026-01-28 11:45:00,READY_FOR_SHIPMENT
PKG-00001395,SN-00001395,EXEC-000505,GIS-072-2500,WOODEN_CRATE,593.59,2166,1252,2359,2026-01-28 11:43:00,2026-01-28 11:45:00,READY_FOR_SHIPMENT
PKG-00001396,SN-00001396,EXEC-000505,GIS-072-2500,WOODEN_CRATE,352.47,2713,1495,1870,2026-01-28 11:43:00,2026-01-28 11:45:00,READY_FOR_SHIPMENT
PKG-00001397,SN-00001397,EXEC-000506,GIS-145-4000,WOODEN_CRATE,270.55,2069,1407,1507,2026-01-28 12:03:00,2026-01-28 12:05:00,READY_FOR_SHIPMENT
PKG-00001398,SN-00001398,EXEC-000506,GIS-145-4000,WOODEN_CRATE,487.7,2318,1212,2439,2026-01-28 12:03:00,2026-01-28 12:05:00,READY_FOR_SHIPMENT
PKG-00001399,SN-00001399,EXEC-000507,GIS-145-4000,WOODEN_CRATE,433.98,2821,1756,1511,2026-01-28 12:23:00,2026-01-28 12:25:00,READY_FOR_SHIPMENT
PKG-00001400,SN-00001400,EXEC-000507,GIS-145-4000,WOODEN_CRATE,481.43,2810,1443,1944,2026-01-28 12:23:00,2026-01-28 12:25:00,READY_FOR_SHIPMENT
PKG-00001401,SN-00001401,EXEC-000507,GIS-145-4000,WOODEN_CRATE,473.21,2774,1664,2339,2026-01-28 12:23:00,2026-01-28 12:25:00,READY_FOR_SHIPMENT
PKG-00001402,SN-00001402,EXEC-000507,GIS-145-4000,WOODEN_CRATE,410.01,3031,1206,2001,2026-01-28 12:23:00,2026-01-28 12:25:00,READY_FOR_SHIPMENT
PKG-00001403,SN-00001403,EXEC-000508,GIS-072-2500,WOODEN_CRATE,599.33,2369,1770,1925,2026-01-28 12:43:00,2026-01-28 12:45:00,READY_FOR_SHIPMENT
PKG-00001404,SN-00001404,EXEC-000508,GIS-072-2500,WOODEN_CRATE,241.04,2103,1256,2214,2026-01-28 12:43:00,2026-01-28 12:45:00,READY_FOR_SHIPMENT
PKG-00001405,SN-00001405,EXEC-000508,GIS-072-2500,WOODEN_CRATE,235.79,1866,1791,2111,2026-01-28 12:43:00,2026-01-28 12:45:00,READY_FOR_SHIPMENT
PKG-00001406,SN-00001406,EXEC-000508,GIS-072-2500,WOODEN_CRATE,362.38,1979,1250,1723,2026-01-28 12:43:00,2026-01-28 12:45:00,READY_FOR_SHIPMENT
PKG-00001407,SN-00001407,EXEC-000509,GIS-072-2500,WOODEN_CRATE,399.29,2165,1365,2082,2026-01-28 13:03:00,2026-01-28 13:05:00,READY_FOR_SHIPMENT
PKG-00001408,SN-00001408,EXEC-000509,GIS-072-2500,WOODEN_CRATE,482.77,3018,1786,1863,2026-01-28 13:03:00,2026-01-28 13:05:00,READY_FOR_SHIPMENT
PKG-00001409,SN-00001409,EXEC-000509,GIS-072-2500,WOODEN_CRATE,635.51,2985,1568,1573,2026-01-28 13:03:00,2026-01-28 13:05:00,READY_FOR_SHIPMENT
PKG-00001410,SN-00001410,EXEC-000509,GIS-072-2500,WOODEN_CRATE,260.04,2412,1530,2254,2026-01-28 13:03:00,2026-01-28 13:05:00,READY_FOR_SHIPMENT
PKG-00001411,SN-00001411,EXEC-000509,GIS-072-2500,WOODEN_CRATE,605.94,1938,1637,1632,2026-01-28 13:03:00,2026-01-28 13:05:00,READY_FOR_SHIPMENT
PKG-00001412,SN-00001412,EXEC-000510,GIS-072-2500,WOODEN_CRATE,345.92,2075,1324,2062,2026-01-29 07:03:00,2026-01-29 07:05:00,READY_FOR_SHIPMENT
PKG-00001413,SN-00001413,EXEC-000510,GIS-072-2500,WOODEN_CRATE,361.56,2647,1737,1929,2026-01-29 07:03:00,2026-01-29 07:05:00,READY_FOR_SHIPMENT
PKG-00001414,SN-00001414,EXEC-000510,GIS-072-2500,WOODEN_CRATE,519.21,3053,1259,1723,2026-01-29 07:03:00,2026-01-29 07:05:00,READY_FOR_SHIPMENT
PKG-00001415,SN-00001415,EXEC-000510,GIS-072-2500,WOODEN_CRATE,465.69,3088,1741,1679,2026-01-29 07:03:00,2026-01-29 07:05:00,READY_FOR_SHIPMENT
PKG-00001416,SN-00001416,EXEC-000511,GIS-072-2500,WOODEN_CRATE,427.98,3038,1494,2374,2026-01-29 07:23:00,2026-01-29 07:25:00,READY_FOR_SHIPMENT
PKG-00001417,SN-00001417,EXEC-000511,GIS-072-2500,WOODEN_CRATE,481.8,2448,1465,2576,2026-01-29 07:23:00,2026-01-29 07:25:00,READY_FOR_SHIPMENT
PKG-00001418,SN-00001418,EXEC-000511,GIS-072-2500,WOODEN_CRATE,467.31,3076,1562,1765,2026-01-29 07:23:00,2026-01-29 07:25:00,READY_FOR_SHIPMENT
PKG-00001419,SN-00001419,EXEC-000512,GIS-245-4000,WOODEN_CRATE,484.14,2816,1732,2519,2026-01-29 07:43:00,2026-01-29 07:45:00,READY_FOR_SHIPMENT
PKG-00001420,SN-00001420,EXEC-000512,GIS-245-4000,WOODEN_CRATE,431.78,2168,1438,2094,2026-01-29 07:43:00,2026-01-29 07:45:00,READY_FOR_SHIPMENT
PKG-00001421,SN-00001421,EXEC-000513,GIS-300-4000,WOODEN_CRATE,641.08,1803,1321,1549,2026-01-29 08:03:00,2026-01-29 08:05:00,READY_FOR_SHIPMENT
PKG-00001422,SN-00001422,EXEC-000513,GIS-300-4000,WOODEN_CRATE,419.9,2041,1412,2349,2026-01-29 08:03:00,2026-01-29 08:05:00,READY_FOR_SHIPMENT
PKG-00001423,SN-00001423,EXEC-000514,GIS-072-2500,WOODEN_CRATE,398.04,2483,1558,1934,2026-01-29 08:23:00,2026-01-29 08:25:00,READY_FOR_SHIPMENT
PKG-00001424,SN-00001424,EXEC-000514,GIS-072-2500,WOODEN_CRATE,224.86,2212,1488,2021,2026-01-29 08:23:00,2026-01-29 08:25:00,READY_FOR_SHIPMENT
PKG-00001425,SN-00001425,EXEC-000514,GIS-072-2500,WOODEN_CRATE,559.78,2430,1507,2537,2026-01-29 08:23:00,2026-01-29 08:25:00,READY_FOR_SHIPMENT
PKG-00001426,SN-00001426,EXEC-000514,GIS-072-2500,WOODEN_CRATE,456.5,1812,1316,2182,2026-01-29 08:23:00,2026-01-29 08:25:00,READY_FOR_SHIPMENT
PKG-00001427,SN-00001427,EXEC-000514,GIS-072-2500,WOODEN_CRATE,366.79,2965,1229,1859,2026-01-29 08:23:00,2026-01-29 08:25:00,READY_FOR_SHIPMENT
PKG-00001428,SN-00001428,EXEC-000515,GIS-245-3150,WOODEN_CRATE,303.43,2492,1690,2471,2026-01-29 08:43:00,2026-01-29 08:45:00,READY_FOR_SHIPMENT
PKG-00001429,SN-00001429,EXEC-000515,GIS-245-3150,WOODEN_CRATE,562.82,3122,1339,2486,2026-01-29 08:43:00,2026-01-29 08:45:00,READY_FOR_SHIPMENT
PKG-00001430,SN-00001430,EXEC-000516,GIS-170-4000,WOODEN_CRATE,286.82,2743,1749,2186,2026-01-29 09:03:00,2026-01-29 09:05:00,READY_FOR_SHIPMENT
PKG-00001431,SN-00001431,EXEC-000516,GIS-170-4000,WOODEN_CRATE,418.86,2647,1257,2567,2026-01-29 09:03:00,2026-01-29 09:05:00,READY_FOR_SHIPMENT
PKG-00001432,SN-00001432,EXEC-000517,GIS-072-3150,WOODEN_CRATE,348.72,3188,1523,2597,2026-01-29 09:23:00,2026-01-29 09:25:00,READY_FOR_SHIPMENT
PKG-00001433,SN-00001433,EXEC-000517,GIS-072-3150,WOODEN_CRATE,228.05,2982,1539,2224,2026-01-29 09:23:00,2026-01-29 09:25:00,READY_FOR_SHIPMENT
PKG-00001434,SN-00001434,EXEC-000517,GIS-072-3150,WOODEN_CRATE,248.47,2105,1487,1563,2026-01-29 09:23:00,2026-01-29 09:25:00,READY_FOR_SHIPMENT
PKG-00001435,SN-00001435,EXEC-000517,GIS-072-3150,WOODEN_CRATE,365.84,2568,1747,1839,2026-01-29 09:23:00,2026-01-29 09:25:00,READY_FOR_SHIPMENT
PKG-00001436,SN-00001436,EXEC-000517,GIS-072-3150,WOODEN_CRATE,465.52,2597,1391,1739,2026-01-29 09:23:00,2026-01-29 09:25:00,READY_FOR_SHIPMENT
PKG-00001437,SN-00001437,EXEC-000518,GIS-550-5000,WOODEN_CRATE,591.78,2431,1522,1564,2026-01-29 09:43:00,2026-01-29 09:45:00,READY_FOR_SHIPMENT
PKG-00001438,SN-00001438,EXEC-000519,GIS-145-4000,WOODEN_CRATE,336.74,1977,1708,1986,2026-01-29 10:03:00,2026-01-29 10:05:00,READY_FOR_SHIPMENT
PKG-00001439,SN-00001439,EXEC-000519,GIS-145-4000,WOODEN_CRATE,379.78,2419,1421,2575,2026-01-29 10:03:00,2026-01-29 10:05:00,READY_FOR_SHIPMENT
PKG-00001440,SN-00001440,EXEC-000519,GIS-145-4000,WOODEN_CRATE,350.0,2029,1583,1576,2026-01-29 10:03:00,2026-01-29 10:05:00,READY_FOR_SHIPMENT
PKG-00001441,SN-00001441,EXEC-000519,GIS-145-4000,WOODEN_CRATE,554.45,1989,1654,2536,2026-01-29 10:03:00,2026-01-29 10:05:00,READY_FOR_SHIPMENT
PKG-00001442,SN-00001442,EXEC-000520,GIS-145-4000,WOODEN_CRATE,230.72,2788,1712,1815,2026-01-29 10:23:00,2026-01-29 10:25:00,READY_FOR_SHIPMENT
PKG-00001443,SN-00001443,EXEC-000520,GIS-145-4000,WOODEN_CRATE,301.79,2790,1736,2135,2026-01-29 10:23:00,2026-01-29 10:25:00,READY_FOR_SHIPMENT
PKG-00001444,SN-00001444,EXEC-000521,GIS-145-4000,WOODEN_CRATE,553.48,2093,1300,2557,2026-01-29 10:43:00,2026-01-29 10:45:00,READY_FOR_SHIPMENT
PKG-00001445,SN-00001445,EXEC-000521,GIS-145-4000,WOODEN_CRATE,510.99,2071,1410,1574,2026-01-29 10:43:00,2026-01-29 10:45:00,READY_FOR_SHIPMENT
PKG-00001446,SN-00001446,EXEC-000521,GIS-145-4000,WOODEN_CRATE,417.53,2869,1318,1508,2026-01-29 10:43:00,2026-01-29 10:45:00,READY_FOR_SHIPMENT
PKG-00001447,SN-00001447,EXEC-000521,GIS-145-4000,WOODEN_CRATE,353.72,1890,1289,2182,2026-01-29 10:43:00,2026-01-29 10:45:00,READY_FOR_SHIPMENT
PKG-00001448,SN-00001448,EXEC-000522,GIS-145-3150,WOODEN_CRATE,420.76,1894,1305,2566,2026-01-29 11:03:00,2026-01-29 11:05:00,READY_FOR_SHIPMENT
PKG-00001449,SN-00001449,EXEC-000522,GIS-145-3150,WOODEN_CRATE,549.46,2439,1223,2139,2026-01-29 11:03:00,2026-01-29 11:05:00,READY_FOR_SHIPMENT
PKG-00001450,SN-00001450,EXEC-000522,GIS-145-3150,WOODEN_CRATE,494.71,2229,1528,1910,2026-01-29 11:03:00,2026-01-29 11:05:00,READY_FOR_SHIPMENT
PKG-00001451,SN-00001451,EXEC-000522,GIS-145-3150,WOODEN_CRATE,302.79,2366,1745,2153,2026-01-29 11:03:00,2026-01-29 11:05:00,READY_FOR_SHIPMENT
PKG-00001452,SN-00001452,EXEC-000523,GIS-245-4000,WOODEN_CRATE,552.3,3174,1320,2058,2026-01-29 11:23:00,2026-01-29 11:25:00,READY_FOR_SHIPMENT
PKG-00001453,SN-00001453,EXEC-000523,GIS-245-4000,WOODEN_CRATE,284.21,2360,1317,1531,2026-01-29 11:23:00,2026-01-29 11:25:00,READY_FOR_SHIPMENT
PKG-00001454,SN-00001454,EXEC-000524,GIS-245-3150,WOODEN_CRATE,632.07,2946,1726,1709,2026-01-29 11:43:00,2026-01-29 11:45:00,READY_FOR_SHIPMENT
PKG-00001455,SN-00001455,EXEC-000525,GIS-245-4000,WOODEN_CRATE,308.83,2517,1762,2152,2026-01-29 12:03:00,2026-01-29 12:05:00,READY_FOR_SHIPMENT
PKG-00001456,SN-00001456,EXEC-000525,GIS-245-4000,WOODEN_CRATE,336.55,2380,1787,2001,2026-01-29 12:03:00,2026-01-29 12:05:00,READY_FOR_SHIPMENT
PKG-00001457,SN-00001457,EXEC-000526,GIS-145-3150,WOODEN_CRATE,293.65,2437,1546,2408,2026-01-29 12:23:00,2026-01-29 12:25:00,READY_FOR_SHIPMENT
PKG-00001458,SN-00001458,EXEC-000526,GIS-145-3150,WOODEN_CRATE,241.81,1859,1682,1603,2026-01-29 12:23:00,2026-01-29 12:25:00,READY_FOR_SHIPMENT
PKG-00001459,SN-00001459,EXEC-000526,GIS-145-3150,WOODEN_CRATE,265.55,1910,1288,2373,2026-01-29 12:23:00,2026-01-29 12:25:00,READY_FOR_SHIPMENT
PKG-00001460,SN-00001460,EXEC-000527,GIS-072-3150,WOODEN_CRATE,388.52,3020,1656,2228,2026-01-29 12:43:00,2026-01-29 12:45:00,READY_FOR_SHIPMENT
PKG-00001461,SN-00001461,EXEC-000527,GIS-072-3150,WOODEN_CRATE,354.35,2205,1746,1660,2026-01-29 12:43:00,2026-01-29 12:45:00,READY_FOR_SHIPMENT
PKG-00001462,SN-00001462,EXEC-000527,GIS-072-3150,WOODEN_CRATE,638.68,2753,1781,1769,2026-01-29 12:43:00,2026-01-29 12:45:00,READY_FOR_SHIPMENT
PKG-00001463,SN-00001463,EXEC-000527,GIS-072-3150,WOODEN_CRATE,259.95,2759,1299,2433,2026-01-29 12:43:00,2026-01-29 12:45:00,READY_FOR_SHIPMENT
PKG-00001464,SN-00001464,EXEC-000527,GIS-072-3150,WOODEN_CRATE,353.47,3119,1676,2463,2026-01-29 12:43:00,2026-01-29 12:45:00,READY_FOR_SHIPMENT
PKG-00001465,SN-00001465,EXEC-000528,GIS-245-3150,WOODEN_CRATE,319.63,2258,1347,2028,2026-01-29 13:03:00,2026-01-29 13:05:00,READY_FOR_SHIPMENT
PKG-00001466,SN-00001466,EXEC-000528,GIS-245-3150,WOODEN_CRATE,612.53,2602,1387,2176,2026-01-29 13:03:00,2026-01-29 13:05:00,READY_FOR_SHIPMENT
PKG-00001467,SN-00001467,EXEC-000528,GIS-245-3150,WOODEN_CRATE,559.17,2465,1664,2498,2026-01-29 13:03:00,2026-01-29 13:05:00,READY_FOR_SHIPMENT
PKG-00001468,SN-00001468,EXEC-000529,GIS-072-2500,WOODEN_CRATE,233.01,2773,1315,2219,2026-01-29 13:23:00,2026-01-29 13:25:00,READY_FOR_SHIPMENT
PKG-00001469,SN-00001469,EXEC-000529,GIS-072-2500,WOODEN_CRATE,425.82,2149,1489,2213,2026-01-29 13:23:00,2026-01-29 13:25:00,READY_FOR_SHIPMENT
PKG-00001470,SN-00001470,EXEC-000529,GIS-072-2500,WOODEN_CRATE,479.91,2060,1720,1710,2026-01-29 13:23:00,2026-01-29 13:25:00,READY_FOR_SHIPMENT
PKG-00001471,SN-00001471,EXEC-000529,GIS-072-2500,WOODEN_CRATE,394.44,2019,1533,1645,2026-01-29 13:23:00,2026-01-29 13:25:00,READY_FOR_SHIPMENT
PKG-00001472,SN-00001472,EXEC-000529,GIS-072-2500,WOODEN_CRATE,560.75,2891,1672,2320,2026-01-29 13:23:00,2026-01-29 13:25:00,READY_FOR_SHIPMENT
PKG-00001473,SN-00001473,EXEC-000530,GIS-145-4000,WOODEN_CRATE,473.93,2288,1449,1825,2026-01-29 13:43:00,2026-01-29 13:45:00,READY_FOR_SHIPMENT
PKG-00001474,SN-00001474,EXEC-000530,GIS-145-4000,WOODEN_CRATE,638.77,2586,1267,2197,2026-01-29 13:43:00,2026-01-29 13:45:00,READY_FOR_SHIPMENT
PKG-00001475,SN-00001475,EXEC-000530,GIS-145-4000,WOODEN_CRATE,309.54,3010,1641,2391,2026-01-29 13:43:00,2026-01-29 13:45:00,READY_FOR_SHIPMENT
PKG-00001476,SN-00001476,EXEC-000531,GIS-072-3150,WOODEN_CRATE,463.9,2500,1757,1983,2026-01-30 07:03:00,2026-01-30 07:05:00,READY_FOR_SHIPMENT
PKG-00001477,SN-00001477,EXEC-000531,GIS-072-3150,WOODEN_CRATE,294.43,3171,1279,2496,2026-01-30 07:03:00,2026-01-30 07:05:00,READY_FOR_SHIPMENT
PKG-00001478,SN-00001478,EXEC-000531,GIS-072-3150,WOODEN_CRATE,269.16,3020,1674,2166,2026-01-30 07:03:00,2026-01-30 07:05:00,READY_FOR_SHIPMENT
PKG-00001479,SN-00001479,EXEC-000532,GIS-145-3150,WOODEN_CRATE,458.69,2711,1380,2130,2026-01-30 07:23:00,2026-01-30 07:25:00,READY_FOR_SHIPMENT
PKG-00001480,SN-00001480,EXEC-000532,GIS-145-3150,WOODEN_CRATE,631.03,1942,1311,2276,2026-01-30 07:23:00,2026-01-30 07:25:00,READY_FOR_SHIPMENT
PKG-00001481,SN-00001481,EXEC-000532,GIS-145-3150,WOODEN_CRATE,360.79,3120,1262,1685,2026-01-30 07:23:00,2026-01-30 07:25:00,READY_FOR_SHIPMENT
PKG-00001482,SN-00001482,EXEC-000533,GIS-145-4000,WOODEN_CRATE,313.57,2084,1794,1500,2026-01-30 07:43:00,2026-01-30 07:45:00,READY_FOR_SHIPMENT
PKG-00001483,SN-00001483,EXEC-000533,GIS-145-4000,WOODEN_CRATE,545.54,3153,1352,2427,2026-01-30 07:43:00,2026-01-30 07:45:00,READY_FOR_SHIPMENT
PKG-00001484,SN-00001484,EXEC-000533,GIS-145-4000,WOODEN_CRATE,448.44,2598,1791,2415,2026-01-30 07:43:00,2026-01-30 07:45:00,READY_FOR_SHIPMENT
PKG-00001485,SN-00001485,EXEC-000534,GIS-245-3150,WOODEN_CRATE,304.14,3195,1524,2113,2026-01-30 08:03:00,2026-01-30 08:05:00,READY_FOR_SHIPMENT
PKG-00001486,SN-00001486,EXEC-000534,GIS-245-3150,WOODEN_CRATE,465.22,3191,1511,2390,2026-01-30 08:03:00,2026-01-30 08:05:00,READY_FOR_SHIPMENT
PKG-00001487,SN-00001487,EXEC-000535,GIS-245-4000,WOODEN_CRATE,528.65,2505,1291,1516,2026-01-30 08:23:00,2026-01-30 08:25:00,READY_FOR_SHIPMENT
PKG-00001488,SN-00001488,EXEC-000535,GIS-245-4000,WOODEN_CRATE,482.94,2845,1613,1761,2026-01-30 08:23:00,2026-01-30 08:25:00,READY_FOR_SHIPMENT
PKG-00001489,SN-00001489,EXEC-000535,GIS-245-4000,WOODEN_CRATE,586.58,1927,1578,1608,2026-01-30 08:23:00,2026-01-30 08:25:00,READY_FOR_SHIPMENT
PKG-00001490,SN-00001490,EXEC-000536,GIS-072-2500,WOODEN_CRATE,220.36,2946,1567,1724,2026-01-30 08:43:00,2026-01-30 08:45:00,READY_FOR_SHIPMENT
PKG-00001491,SN-00001491,EXEC-000536,GIS-072-2500,WOODEN_CRATE,590.34,1863,1440,2384,2026-01-30 08:43:00,2026-01-30 08:45:00,READY_FOR_SHIPMENT
PKG-00001492,SN-00001492,EXEC-000536,GIS-072-2500,WOODEN_CRATE,521.96,2607,1525,2283,2026-01-30 08:43:00,2026-01-30 08:45:00,READY_FOR_SHIPMENT
PKG-00001493,SN-00001493,EXEC-000536,GIS-072-2500,WOODEN_CRATE,394.59,2691,1758,1932,2026-01-30 08:43:00,2026-01-30 08:45:00,READY_FOR_SHIPMENT
PKG-00001494,SN-00001494,EXEC-000537,GIS-145-3150,WOODEN_CRATE,504.87,2772,1342,1885,2026-01-30 09:03:00,2026-01-30 09:05:00,READY_FOR_SHIPMENT
PKG-00001495,SN-00001495,EXEC-000537,GIS-145-3150,WOODEN_CRATE,458.83,2537,1627,1815,2026-01-30 09:03:00,2026-01-30 09:05:00,READY_FOR_SHIPMENT
PKG-00001496,SN-00001496,EXEC-000537,GIS-145-3150,WOODEN_CRATE,344.04,3172,1328,1775,2026-01-30 09:03:00,2026-01-30 09:05:00,READY_FOR_SHIPMENT
PKG-00001497,SN-00001497,EXEC-000538,GIS-145-3150,WOODEN_CRATE,224.99,3127,1216,1794,2026-01-30 09:23:00,2026-01-30 09:25:00,READY_FOR_SHIPMENT
PKG-00001498,SN-00001498,EXEC-000538,GIS-145-3150,WOODEN_CRATE,530.18,2796,1647,1778,2026-01-30 09:23:00,2026-01-30 09:25:00,READY_FOR_SHIPMENT
PKG-00001499,SN-00001499,EXEC-000539,GIS-145-4000,WOODEN_CRATE,256.41,3115,1625,2433,2026-01-30 09:43:00,2026-01-30 09:45:00,READY_FOR_SHIPMENT
PKG-00001500,SN-00001500,EXEC-000539,GIS-145-4000,WOODEN_CRATE,604.24,3037,1635,1868,2026-01-30 09:43:00,2026-01-30 09:45:00,READY_FOR_SHIPMENT
PKG-00001501,SN-00001501,EXEC-000539,GIS-145-4000,WOODEN_CRATE,415.39,2668,1765,2421,2026-01-30 09:43:00,2026-01-30 09:45:00,READY_FOR_SHIPMENT
PKG-00001502,SN-00001502,EXEC-000539,GIS-145-4000,WOODEN_CRATE,385.43,2262,1390,2369,2026-01-30 09:43:00,2026-01-30 09:45:00,READY_FOR_SHIPMENT
PKG-00001503,SN-00001503,EXEC-000540,GIS-072-2500,WOODEN_CRATE,479.97,2983,1710,1984,2026-01-30 10:03:00,2026-01-30 10:05:00,READY_FOR_SHIPMENT
PKG-00001504,SN-00001504,EXEC-000540,GIS-072-2500,WOODEN_CRATE,526.22,2351,1620,2251,2026-01-30 10:03:00,2026-01-30 10:05:00,READY_FOR_SHIPMENT
PKG-00001505,SN-00001505,EXEC-000540,GIS-072-2500,WOODEN_CRATE,234.39,1877,1781,2489,2026-01-30 10:03:00,2026-01-30 10:05:00,READY_FOR_SHIPMENT
PKG-00001506,SN-00001506,EXEC-000540,GIS-072-2500,WOODEN_CRATE,523.1,2031,1794,2486,2026-01-30 10:03:00,2026-01-30 10:05:00,READY_FOR_SHIPMENT
PKG-00001507,SN-00001507,EXEC-000541,GIS-170-4000,WOODEN_CRATE,633.55,1963,1345,2578,2026-01-30 10:23:00,2026-01-30 10:25:00,READY_FOR_SHIPMENT
PKG-00001508,SN-00001508,EXEC-000541,GIS-170-4000,WOODEN_CRATE,642.94,2372,1676,2558,2026-01-30 10:23:00,2026-01-30 10:25:00,READY_FOR_SHIPMENT
PKG-00001509,SN-00001509,EXEC-000542,GIS-145-3150,WOODEN_CRATE,253.64,3049,1290,2002,2026-01-30 10:43:00,2026-01-30 10:45:00,READY_FOR_SHIPMENT
PKG-00001510,SN-00001510,EXEC-000542,GIS-145-3150,WOODEN_CRATE,423.15,3159,1279,2139,2026-01-30 10:43:00,2026-01-30 10:45:00,READY_FOR_SHIPMENT
PKG-00001511,SN-00001511,EXEC-000543,GIS-072-3150,WOODEN_CRATE,483.61,2503,1747,1522,2026-01-30 11:03:00,2026-01-30 11:05:00,READY_FOR_SHIPMENT
PKG-00001512,SN-00001512,EXEC-000543,GIS-072-3150,WOODEN_CRATE,421.61,2849,1680,2178,2026-01-30 11:03:00,2026-01-30 11:05:00,READY_FOR_SHIPMENT
PKG-00001513,SN-00001513,EXEC-000543,GIS-072-3150,WOODEN_CRATE,401.04,2403,1496,1843,2026-01-30 11:03:00,2026-01-30 11:05:00,READY_FOR_SHIPMENT
PKG-00001514,SN-00001514,EXEC-000543,GIS-072-3150,WOODEN_CRATE,235.19,3023,1511,2033,2026-01-30 11:03:00,2026-01-30 11:05:00,READY_FOR_SHIPMENT
PKG-00001515,SN-00001515,EXEC-000544,GIS-145-3150,WOODEN_CRATE,246.41,2769,1792,1846,2026-01-30 11:23:00,2026-01-30 11:25:00,READY_FOR_SHIPMENT
PKG-00001516,SN-00001516,EXEC-000544,GIS-145-3150,WOODEN_CRATE,466.33,3144,1498,1555,2026-01-30 11:23:00,2026-01-30 11:25:00,READY_FOR_SHIPMENT
PKG-00001517,SN-00001517,EXEC-000544,GIS-145-3150,WOODEN_CRATE,343.33,1968,1329,2535,2026-01-30 11:23:00,2026-01-30 11:25:00,READY_FOR_SHIPMENT
PKG-00001518,SN-00001518,EXEC-000544,GIS-145-3150,WOODEN_CRATE,253.05,2369,1458,1771,2026-01-30 11:23:00,2026-01-30 11:25:00,READY_FOR_SHIPMENT
PKG-00001519,SN-00001519,EXEC-000545,GIS-145-3150,WOODEN_CRATE,484.79,2363,1463,1529,2026-01-30 11:43:00,2026-01-30 11:45:00,READY_FOR_SHIPMENT
PKG-00001520,SN-00001520,EXEC-000545,GIS-145-3150,WOODEN_CRATE,538.81,3036,1378,1809,2026-01-30 11:43:00,2026-01-30 11:45:00,READY_FOR_SHIPMENT
PKG-00001521,SN-00001521,EXEC-000545,GIS-145-3150,WOODEN_CRATE,503.44,2557,1379,2035,2026-01-30 11:43:00,2026-01-30 11:45:00,READY_FOR_SHIPMENT
PKG-00001522,SN-00001522,EXEC-000545,GIS-145-3150,WOODEN_CRATE,556.49,2283,1696,1870,2026-01-30 11:43:00,2026-01-30 11:45:00,READY_FOR_SHIPMENT
PKG-00001523,SN-00001523,EXEC-000546,GIS-145-3150,WOODEN_CRATE,563.73,1867,1551,1672,2026-01-30 12:03:00,2026-01-30 12:05:00,READY_FOR_SHIPMENT
PKG-00001524,SN-00001524,EXEC-000546,GIS-145-3150,WOODEN_CRATE,635.96,3019,1357,2515,2026-01-30 12:03:00,2026-01-30 12:05:00,READY_FOR_SHIPMENT
PKG-00001525,SN-00001525,EXEC-000546,GIS-145-3150,WOODEN_CRATE,543.69,2645,1592,1987,2026-01-30 12:03:00,2026-01-30 12:05:00,READY_FOR_SHIPMENT
PKG-00001526,SN-00001526,EXEC-000547,GIS-550-5000,WOODEN_CRATE,504.09,3105,1371,1931,2026-01-30 12:23:00,2026-01-30 12:25:00,READY_FOR_SHIPMENT
PKG-00001527,SN-00001527,EXEC-000548,GIS-072-2500,WOODEN_CRATE,468.44,2506,1255,2041,2026-01-30 12:43:00,2026-01-30 12:45:00,READY_FOR_SHIPMENT
PKG-00001528,SN-00001528,EXEC-000548,GIS-072-2500,WOODEN_CRATE,544.86,2037,1253,1843,2026-01-30 12:43:00,2026-01-30 12:45:00,READY_FOR_SHIPMENT
PKG-00001529,SN-00001529,EXEC-000548,GIS-072-2500,WOODEN_CRATE,419.53,2775,1508,2475,2026-01-30 12:43:00,2026-01-30 12:45:00,READY_FOR_SHIPMENT
PKG-00001530,SN-00001530,EXEC-000548,GIS-072-2500,WOODEN_CRATE,540.84,2890,1439,2277,2026-01-30 12:43:00,2026-01-30 12:45:00,READY_FOR_SHIPMENT
PKG-00001531,SN-00001531,EXEC-000548,GIS-072-2500,WOODEN_CRATE,513.91,2598,1685,2037,2026-01-30 12:43:00,2026-01-30 12:45:00,READY_FOR_SHIPMENT
PKG-00001532,SN-00001532,EXEC-000549,GIS-145-4000,WOODEN_CRATE,282.41,2690,1212,2091,2026-01-30 13:03:00,2026-01-30 13:05:00,READY_FOR_SHIPMENT
PKG-00001533,SN-00001533,EXEC-000549,GIS-145-4000,WOODEN_CRATE,618.71,2719,1591,2146,2026-01-30 13:03:00,2026-01-30 13:05:00,READY_FOR_SHIPMENT
PKG-00001534,SN-00001534,EXEC-000549,GIS-145-4000,WOODEN_CRATE,633.56,3198,1242,1699,2026-01-30 13:03:00,2026-01-30 13:05:00,READY_FOR_SHIPMENT
PKG-00001535,SN-00001535,EXEC-000549,GIS-145-4000,WOODEN_CRATE,614.62,3105,1562,2384,2026-01-30 13:03:00,2026-01-30 13:05:00,READY_FOR_SHIPMENT
PKG-00001536,SN-00001536,EXEC-000550,GIS-420-5000,WOODEN_CRATE,482.51,3135,1479,2186,2026-01-30 13:23:00,2026-01-30 13:25:00,READY_FOR_SHIPMENT
PKG-00001537,SN-00001537,EXEC-000551,GIS-245-3150,WOODEN_CRATE,336.24,2001,1461,2301,2026-01-30 13:43:00,2026-01-30 13:45:00,READY_FOR_SHIPMENT
PKG-00001538,SN-00001538,EXEC-000551,GIS-245-3150,WOODEN_CRATE,418.28,3182,1447,1899,2026-01-30 13:43:00,2026-01-30 13:45:00,READY_FOR_SHIPMENT
PKG-00001539,SN-00001539,EXEC-000552,GIS-072-2500,WOODEN_CRATE,443.58,3187,1384,2141,2026-01-30 14:03:00,2026-01-30 14:05:00,READY_FOR_SHIPMENT
PKG-00001540,SN-00001540,EXEC-000552,GIS-072-2500,WOODEN_CRATE,455.47,3177,1208,1639,2026-01-30 14:03:00,2026-01-30 14:05:00,READY_FOR_SHIPMENT
PKG-00001541,SN-00001541,EXEC-000552,GIS-072-2500,WOODEN_CRATE,225.14,2000,1737,1712,2026-01-30 14:03:00,2026-01-30 14:05:00,READY_FOR_SHIPMENT
PKG-00001542,SN-00001542,EXEC-000552,GIS-072-2500,WOODEN_CRATE,514.76,2519,1424,2080,2026-01-30 14:03:00,2026-01-30 14:05:00,READY_FOR_SHIPMENT
PKG-00001543,SN-00001543,EXEC-000552,GIS-072-2500,WOODEN_CRATE,328.32,1869,1224,1688,2026-01-30 14:03:00,2026-01-30 14:05:00,READY_FOR_SHIPMENT
PKG-00001544,SN-00001544,EXEC-000553,GIS-145-3150,WOODEN_CRATE,244.46,3016,1422,1749,2026-01-30 14:23:00,2026-01-30 14:25:00,READY_FOR_SHIPMENT
PKG-00001545,SN-00001545,EXEC-000553,GIS-145-3150,WOODEN_CRATE,524.47,2045,1288,1766,2026-01-30 14:23:00,2026-01-30 14:25:00,READY_FOR_SHIPMENT
PKG-00001546,SN-00001546,EXEC-000553,GIS-145-3150,WOODEN_CRATE,381.66,3126,1779,1878,2026-01-30 14:23:00,2026-01-30 14:25:00,READY_FOR_SHIPMENT
PKG-00001547,SN-00001547,EXEC-000553,GIS-145-3150,WOODEN_CRATE,605.28,2177,1459,2103,2026-01-30 14:23:00,2026-01-30 14:25:00,READY_FOR_SHIPMENT
PKG-00001548,SN-00001548,EXEC-000554,GIS-072-3150,WOODEN_CRATE,420.79,1955,1664,2066,2026-01-30 14:43:00,2026-01-30 14:45:00,READY_FOR_SHIPMENT
PKG-00001549,SN-00001549,EXEC-000554,GIS-072-3150,WOODEN_CRATE,550.82,3167,1531,2027,2026-01-30 14:43:00,2026-01-30 14:45:00,READY_FOR_SHIPMENT
PKG-00001550,SN-00001550,EXEC-000554,GIS-072-3150,WOODEN_CRATE,289.65,1951,1483,1627,2026-01-30 14:43:00,2026-01-30 14:45:00,READY_FOR_SHIPMENT
PKG-00001551,SN-00001551,EXEC-000554,GIS-072-3150,WOODEN_CRATE,384.6,2481,1261,2028,2026-01-30 14:43:00,2026-01-30 14:45:00,READY_FOR_SHIPMENT
PKG-00001552,SN-00001552,EXEC-000555,GIS-145-3150,WOODEN_CRATE,630.91,2342,1382,2402,2026-01-31 07:03:00,2026-01-31 07:05:00,READY_FOR_SHIPMENT
PKG-00001553,SN-00001553,EXEC-000555,GIS-145-3150,WOODEN_CRATE,249.84,2210,1602,1865,2026-01-31 07:03:00,2026-01-31 07:05:00,READY_FOR_SHIPMENT
PKG-00001554,SN-00001554,EXEC-000556,GIS-145-4000,WOODEN_CRATE,497.56,2022,1347,2383,2026-01-31 07:23:00,2026-01-31 07:25:00,READY_FOR_SHIPMENT
PKG-00001555,SN-00001555,EXEC-000556,GIS-145-4000,WOODEN_CRATE,313.91,3117,1308,2404,2026-01-31 07:23:00,2026-01-31 07:25:00,READY_FOR_SHIPMENT
PKG-00001556,SN-00001556,EXEC-000556,GIS-145-4000,WOODEN_CRATE,527.62,2011,1235,1649,2026-01-31 07:23:00,2026-01-31 07:25:00,READY_FOR_SHIPMENT
PKG-00001557,SN-00001557,EXEC-000557,GIS-072-3150,WOODEN_CRATE,250.28,2313,1656,1538,2026-01-31 07:43:00,2026-01-31 07:45:00,READY_FOR_SHIPMENT
PKG-00001558,SN-00001558,EXEC-000557,GIS-072-3150,WOODEN_CRATE,605.5,2104,1200,1577,2026-01-31 07:43:00,2026-01-31 07:45:00,READY_FOR_SHIPMENT
PKG-00001559,SN-00001559,EXEC-000557,GIS-072-3150,WOODEN_CRATE,505.78,2345,1355,2175,2026-01-31 07:43:00,2026-01-31 07:45:00,READY_FOR_SHIPMENT
PKG-00001560,SN-00001560,EXEC-000558,GIS-072-3150,WOODEN_CRATE,608.99,2976,1203,2555,2026-01-31 08:03:00,2026-01-31 08:05:00,READY_FOR_SHIPMENT
PKG-00001561,SN-00001561,EXEC-000558,GIS-072-3150,WOODEN_CRATE,524.27,2804,1689,2393,2026-01-31 08:03:00,2026-01-31 08:05:00,READY_FOR_SHIPMENT
PKG-00001562,SN-00001562,EXEC-000558,GIS-072-3150,WOODEN_CRATE,393.68,1943,1753,1962,2026-01-31 08:03:00,2026-01-31 08:05:00,READY_FOR_SHIPMENT
PKG-00001563,SN-00001563,EXEC-000558,GIS-072-3150,WOODEN_CRATE,221.42,2787,1324,2596,2026-01-31 08:03:00,2026-01-31 08:05:00,READY_FOR_SHIPMENT
PKG-00001564,SN-00001564,EXEC-000558,GIS-072-3150,WOODEN_CRATE,622.07,2535,1541,2120,2026-01-31 08:03:00,2026-01-31 08:05:00,READY_FOR_SHIPMENT
PKG-00001565,SN-00001565,EXEC-000559,GIS-170-4000,WOODEN_CRATE,392.26,3094,1292,2248,2026-01-31 08:23:00,2026-01-31 08:25:00,READY_FOR_SHIPMENT
PKG-00001566,SN-00001566,EXEC-000559,GIS-170-4000,WOODEN_CRATE,449.89,2496,1282,2441,2026-01-31 08:23:00,2026-01-31 08:25:00,READY_FOR_SHIPMENT
PKG-00001567,SN-00001567,EXEC-000559,GIS-170-4000,WOODEN_CRATE,546.99,2393,1407,1861,2026-01-31 08:23:00,2026-01-31 08:25:00,READY_FOR_SHIPMENT
PKG-00001568,SN-00001568,EXEC-000560,GIS-245-3150,WOODEN_CRATE,458.42,2586,1395,2112,2026-01-31 08:43:00,2026-01-31 08:45:00,READY_FOR_SHIPMENT
PKG-00001569,SN-00001569,EXEC-000561,GIS-072-3150,WOODEN_CRATE,519.23,2018,1567,2496,2026-01-31 09:03:00,2026-01-31 09:05:00,READY_FOR_SHIPMENT
PKG-00001570,SN-00001570,EXEC-000561,GIS-072-3150,WOODEN_CRATE,256.49,3095,1648,1888,2026-01-31 09:03:00,2026-01-31 09:05:00,READY_FOR_SHIPMENT
PKG-00001571,SN-00001571,EXEC-000561,GIS-072-3150,WOODEN_CRATE,280.18,2195,1225,1988,2026-01-31 09:03:00,2026-01-31 09:05:00,READY_FOR_SHIPMENT
PKG-00001572,SN-00001572,EXEC-000561,GIS-072-3150,WOODEN_CRATE,430.37,1929,1753,2130,2026-01-31 09:03:00,2026-01-31 09:05:00,READY_FOR_SHIPMENT
PKG-00001573,SN-00001573,EXEC-000562,GIS-072-2500,WOODEN_CRATE,434.86,2720,1216,1575,2026-01-31 09:23:00,2026-01-31 09:25:00,READY_FOR_SHIPMENT
PKG-00001574,SN-00001574,EXEC-000562,GIS-072-2500,WOODEN_CRATE,365.89,2491,1243,2330,2026-01-31 09:23:00,2026-01-31 09:25:00,READY_FOR_SHIPMENT
PKG-00001575,SN-00001575,EXEC-000562,GIS-072-2500,WOODEN_CRATE,270.82,3139,1735,2438,2026-01-31 09:23:00,2026-01-31 09:25:00,READY_FOR_SHIPMENT
PKG-00001576,SN-00001576,EXEC-000563,GIS-420-4000,WOODEN_CRATE,624.24,2898,1352,1977,2026-01-31 09:43:00,2026-01-31 09:45:00,READY_FOR_SHIPMENT
PKG-00001577,SN-00001577,EXEC-000563,GIS-420-4000,WOODEN_CRATE,617.67,1875,1344,2501,2026-01-31 09:43:00,2026-01-31 09:45:00,READY_FOR_SHIPMENT
PKG-00001578,SN-00001578,EXEC-000564,GIS-300-4000,WOODEN_CRATE,501.15,2765,1246,1997,2026-01-31 10:03:00,2026-01-31 10:05:00,READY_FOR_SHIPMENT
PKG-00001579,SN-00001579,EXEC-000564,GIS-300-4000,WOODEN_CRATE,521.56,2067,1214,1852,2026-01-31 10:03:00,2026-01-31 10:05:00,READY_FOR_SHIPMENT
PKG-00001580,SN-00001580,EXEC-000565,GIS-245-3150,WOODEN_CRATE,492.04,2429,1299,2434,2026-01-31 10:23:00,2026-01-31 10:25:00,READY_FOR_SHIPMENT
PKG-00001581,SN-00001581,EXEC-000565,GIS-245-3150,WOODEN_CRATE,482.83,3010,1265,1717,2026-01-31 10:23:00,2026-01-31 10:25:00,READY_FOR_SHIPMENT
PKG-00001582,SN-00001582,EXEC-000565,GIS-245-3150,WOODEN_CRATE,269.1,3018,1425,1629,2026-01-31 10:23:00,2026-01-31 10:25:00,READY_FOR_SHIPMENT
PKG-00001583,SN-00001583,EXEC-000566,GIS-420-4000,WOODEN_CRATE,565.92,2672,1545,2323,2026-01-31 10:43:00,2026-01-31 10:45:00,READY_FOR_SHIPMENT
PKG-00001584,SN-00001584,EXEC-000567,GIS-420-5000,WOODEN_CRATE,359.42,2979,1758,1781,2026-01-31 11:03:00,2026-01-31 11:05:00,READY_FOR_SHIPMENT
PKG-00001585,SN-00001585,EXEC-000568,GIS-145-4000,WOODEN_CRATE,358.28,2236,1246,1855,2026-01-31 11:23:00,2026-01-31 11:25:00,READY_FOR_SHIPMENT
PKG-00001586,SN-00001586,EXEC-000568,GIS-145-4000,WOODEN_CRATE,364.27,2047,1480,1789,2026-01-31 11:23:00,2026-01-31 11:25:00,READY_FOR_SHIPMENT
PKG-00001587,SN-00001587,EXEC-000569,GIS-245-4000,WOODEN_CRATE,545.75,2144,1578,1837,2026-01-31 11:43:00,2026-01-31 11:45:00,READY_FOR_SHIPMENT
PKG-00001588,SN-00001588,EXEC-000570,GIS-072-2500,WOODEN_CRATE,408.62,2991,1241,1773,2026-01-31 12:03:00,2026-01-31 12:05:00,READY_FOR_SHIPMENT
PKG-00001589,SN-00001589,EXEC-000570,GIS-072-2500,WOODEN_CRATE,262.99,3094,1585,1823,2026-01-31 12:03:00,2026-01-31 12:05:00,READY_FOR_SHIPMENT
PKG-00001590,SN-00001590,EXEC-000570,GIS-072-2500,WOODEN_CRATE,226.72,2797,1282,1513,2026-01-31 12:03:00,2026-01-31 12:05:00,READY_FOR_SHIPMENT
PKG-00001591,SN-00001591,EXEC-000570,GIS-072-2500,WOODEN_CRATE,223.11,1982,1490,2352,2026-01-31 12:03:00,2026-01-31 12:05:00,READY_FOR_SHIPMENT
PKG-00001592,SN-00001592,EXEC-000570,GIS-072-2500,WOODEN_CRATE,518.21,2774,1329,1922,2026-01-31 12:03:00,2026-01-31 12:05:00,READY_FOR_SHIPMENT
PKG-00001593,SN-00001593,EXEC-000571,GIS-145-4000,WOODEN_CRATE,281.53,2354,1735,2422,2026-01-31 12:23:00,2026-01-31 12:25:00,READY_FOR_SHIPMENT
PKG-00001594,SN-00001594,EXEC-000571,GIS-145-4000,WOODEN_CRATE,397.17,2157,1238,1868,2026-01-31 12:23:00,2026-01-31 12:25:00,READY_FOR_SHIPMENT
PKG-00001595,SN-00001595,EXEC-000571,GIS-145-4000,WOODEN_CRATE,528.4,3053,1290,2116,2026-01-31 12:23:00,2026-01-31 12:25:00,READY_FOR_SHIPMENT
PKG-00001596,SN-00001596,EXEC-000571,GIS-145-4000,WOODEN_CRATE,369.58,1809,1771,1982,2026-01-31 12:23:00,2026-01-31 12:25:00,READY_FOR_SHIPMENT
PKG-00001597,SN-00001597,EXEC-000572,GIS-420-4000,WOODEN_CRATE,302.52,2885,1297,2241,2026-01-31 12:43:00,2026-01-31 12:45:00,READY_FOR_SHIPMENT
PKG-00001598,SN-00001598,EXEC-000573,GIS-800-5000,WOODEN_CRATE,590.97,2905,1719,1949,2026-01-31 13:03:00,2026-01-31 13:05:00,READY_FOR_SHIPMENT
PKG-00001599,SN-00001599,EXEC-000574,GIS-145-4000,WOODEN_CRATE,419.61,3082,1413,2066,2026-01-31 13:23:00,2026-01-31 13:25:00,READY_FOR_SHIPMENT
PKG-00001600,SN-00001600,EXEC-000574,GIS-145-4000,WOODEN_CRATE,242.82,2030,1352,2471,2026-01-31 13:23:00,2026-01-31 13:25:00,READY_FOR_SHIPMENT
PKG-00001601,SN-00001601,EXEC-000574,GIS-145-4000,WOODEN_CRATE,433.93,2127,1244,1610,2026-01-31 13:23:00,2026-01-31 13:25:00,READY_FOR_SHIPMENT
PKG-00001602,SN-00001602,EXEC-000575,GIS-072-2500,WOODEN_CRATE,497.29,2383,1414,2390,2026-02-01 07:03:00,2026-02-01 07:05:00,READY_FOR_SHIPMENT
PKG-00001603,SN-00001603,EXEC-000575,GIS-072-2500,WOODEN_CRATE,328.09,3063,1664,1588,2026-02-01 07:03:00,2026-02-01 07:05:00,READY_FOR_SHIPMENT
PKG-00001604,SN-00001604,EXEC-000575,GIS-072-2500,WOODEN_CRATE,264.9,1907,1750,1860,2026-02-01 07:03:00,2026-02-01 07:05:00,READY_FOR_SHIPMENT
PKG-00001605,SN-00001605,EXEC-000575,GIS-072-2500,WOODEN_CRATE,287.96,1859,1696,2554,2026-02-01 07:03:00,2026-02-01 07:05:00,READY_FOR_SHIPMENT
PKG-00001606,SN-00001606,EXEC-000576,GIS-145-3150,WOODEN_CRATE,269.91,2281,1655,2167,2026-02-01 07:23:00,2026-02-01 07:25:00,READY_FOR_SHIPMENT
PKG-00001607,SN-00001607,EXEC-000576,GIS-145-3150,WOODEN_CRATE,400.2,3186,1533,1971,2026-02-01 07:23:00,2026-02-01 07:25:00,READY_FOR_SHIPMENT
PKG-00001608,SN-00001608,EXEC-000576,GIS-145-3150,WOODEN_CRATE,554.96,2467,1433,1700,2026-02-01 07:23:00,2026-02-01 07:25:00,READY_FOR_SHIPMENT
PKG-00001609,SN-00001609,EXEC-000576,GIS-145-3150,WOODEN_CRATE,321.96,2644,1404,2269,2026-02-01 07:23:00,2026-02-01 07:25:00,READY_FOR_SHIPMENT
PKG-00001610,SN-00001610,EXEC-000577,GIS-072-2500,WOODEN_CRATE,603.29,1950,1682,2492,2026-02-01 07:43:00,2026-02-01 07:45:00,READY_FOR_SHIPMENT
PKG-00001611,SN-00001611,EXEC-000577,GIS-072-2500,WOODEN_CRATE,243.37,2692,1348,1942,2026-02-01 07:43:00,2026-02-01 07:45:00,READY_FOR_SHIPMENT
PKG-00001612,SN-00001612,EXEC-000577,GIS-072-2500,WOODEN_CRATE,618.99,2731,1382,2293,2026-02-01 07:43:00,2026-02-01 07:45:00,READY_FOR_SHIPMENT
PKG-00001613,SN-00001613,EXEC-000577,GIS-072-2500,WOODEN_CRATE,380.6,2737,1398,2234,2026-02-01 07:43:00,2026-02-01 07:45:00,READY_FOR_SHIPMENT
PKG-00001614,SN-00001614,EXEC-000577,GIS-072-2500,WOODEN_CRATE,639.49,2214,1543,1760,2026-02-01 07:43:00,2026-02-01 07:45:00,READY_FOR_SHIPMENT
PKG-00001615,SN-00001615,EXEC-000578,GIS-072-3150,WOODEN_CRATE,233.8,2964,1261,2074,2026-02-01 08:03:00,2026-02-01 08:05:00,READY_FOR_SHIPMENT
PKG-00001616,SN-00001616,EXEC-000578,GIS-072-3150,WOODEN_CRATE,278.7,2753,1669,2356,2026-02-01 08:03:00,2026-02-01 08:05:00,READY_FOR_SHIPMENT
PKG-00001617,SN-00001617,EXEC-000578,GIS-072-3150,WOODEN_CRATE,293.62,2503,1425,2104,2026-02-01 08:03:00,2026-02-01 08:05:00,READY_FOR_SHIPMENT
PKG-00001618,SN-00001618,EXEC-000579,GIS-420-4000,WOODEN_CRATE,479.56,3106,1374,1970,2026-02-01 08:23:00,2026-02-01 08:25:00,READY_FOR_SHIPMENT
PKG-00001619,SN-00001619,EXEC-000580,GIS-145-4000,WOODEN_CRATE,257.18,2868,1700,1943,2026-02-01 08:43:00,2026-02-01 08:45:00,READY_FOR_SHIPMENT
PKG-00001620,SN-00001620,EXEC-000580,GIS-145-4000,WOODEN_CRATE,474.38,2747,1485,1529,2026-02-01 08:43:00,2026-02-01 08:45:00,READY_FOR_SHIPMENT
PKG-00001621,SN-00001621,EXEC-000580,GIS-145-4000,WOODEN_CRATE,533.91,2305,1453,2170,2026-02-01 08:43:00,2026-02-01 08:45:00,READY_FOR_SHIPMENT
PKG-00001622,SN-00001622,EXEC-000581,GIS-145-3150,WOODEN_CRATE,406.73,2255,1352,1510,2026-02-01 09:03:00,2026-02-01 09:05:00,READY_FOR_SHIPMENT
PKG-00001623,SN-00001623,EXEC-000581,GIS-145-3150,WOODEN_CRATE,399.64,1890,1241,2463,2026-02-01 09:03:00,2026-02-01 09:05:00,READY_FOR_SHIPMENT
PKG-00001624,SN-00001624,EXEC-000581,GIS-145-3150,WOODEN_CRATE,535.39,2832,1234,2371,2026-02-01 09:03:00,2026-02-01 09:05:00,READY_FOR_SHIPMENT
PKG-00001625,SN-00001625,EXEC-000581,GIS-145-3150,WOODEN_CRATE,448.38,2781,1300,2426,2026-02-01 09:03:00,2026-02-01 09:05:00,READY_FOR_SHIPMENT
PKG-00001626,SN-00001626,EXEC-000582,GIS-420-5000,WOODEN_CRATE,432.97,1970,1771,1525,2026-02-01 09:23:00,2026-02-01 09:25:00,READY_FOR_SHIPMENT
PKG-00001627,SN-00001627,EXEC-000582,GIS-420-5000,WOODEN_CRATE,518.06,2632,1423,1771,2026-02-01 09:23:00,2026-02-01 09:25:00,READY_FOR_SHIPMENT
PKG-00001628,SN-00001628,EXEC-000583,GIS-072-3150,WOODEN_CRATE,374.11,2289,1292,1532,2026-02-01 09:43:00,2026-02-01 09:45:00,READY_FOR_SHIPMENT
PKG-00001629,SN-00001629,EXEC-000583,GIS-072-3150,WOODEN_CRATE,426.31,2424,1365,2440,2026-02-01 09:43:00,2026-02-01 09:45:00,READY_FOR_SHIPMENT
PKG-00001630,SN-00001630,EXEC-000583,GIS-072-3150,WOODEN_CRATE,588.91,2995,1224,2431,2026-02-01 09:43:00,2026-02-01 09:45:00,READY_FOR_SHIPMENT
PKG-00001631,SN-00001631,EXEC-000583,GIS-072-3150,WOODEN_CRATE,419.42,2083,1615,1878,2026-02-01 09:43:00,2026-02-01 09:45:00,READY_FOR_SHIPMENT
PKG-00001632,SN-00001632,EXEC-000583,GIS-072-3150,WOODEN_CRATE,559.64,2558,1675,1502,2026-02-01 09:43:00,2026-02-01 09:45:00,READY_FOR_SHIPMENT
PKG-00001633,SN-00001633,EXEC-000584,GIS-072-3150,WOODEN_CRATE,589.96,1944,1594,2181,2026-02-01 10:03:00,2026-02-01 10:05:00,READY_FOR_SHIPMENT
PKG-00001634,SN-00001634,EXEC-000584,GIS-072-3150,WOODEN_CRATE,448.3,2407,1636,2052,2026-02-01 10:03:00,2026-02-01 10:05:00,READY_FOR_SHIPMENT
PKG-00001635,SN-00001635,EXEC-000584,GIS-072-3150,WOODEN_CRATE,520.16,3054,1755,1924,2026-02-01 10:03:00,2026-02-01 10:05:00,READY_FOR_SHIPMENT
PKG-00001636,SN-00001636,EXEC-000584,GIS-072-3150,WOODEN_CRATE,558.71,1965,1543,1612,2026-02-01 10:03:00,2026-02-01 10:05:00,READY_FOR_SHIPMENT
PKG-00001637,SN-00001637,EXEC-000584,GIS-072-3150,WOODEN_CRATE,441.34,3181,1572,1605,2026-02-01 10:03:00,2026-02-01 10:05:00,READY_FOR_SHIPMENT
PKG-00001638,SN-00001638,EXEC-000585,GIS-145-4000,WOODEN_CRATE,267.72,2548,1676,1583,2026-02-01 10:23:00,2026-02-01 10:25:00,READY_FOR_SHIPMENT
PKG-00001639,SN-00001639,EXEC-000585,GIS-145-4000,WOODEN_CRATE,377.2,2158,1772,1637,2026-02-01 10:23:00,2026-02-01 10:25:00,READY_FOR_SHIPMENT
PKG-00001640,SN-00001640,EXEC-000585,GIS-145-4000,WOODEN_CRATE,461.13,2219,1341,2185,2026-02-01 10:23:00,2026-02-01 10:25:00,READY_FOR_SHIPMENT
PKG-00001641,SN-00001641,EXEC-000585,GIS-145-4000,WOODEN_CRATE,322.61,2032,1689,1929,2026-02-01 10:23:00,2026-02-01 10:25:00,READY_FOR_SHIPMENT
PKG-00001642,SN-00001642,EXEC-000586,GIS-170-4000,WOODEN_CRATE,543.86,2261,1528,2222,2026-02-01 10:43:00,2026-02-01 10:45:00,READY_FOR_SHIPMENT
PKG-00001643,SN-00001643,EXEC-000586,GIS-170-4000,WOODEN_CRATE,606.11,2831,1633,2067,2026-02-01 10:43:00,2026-02-01 10:45:00,READY_FOR_SHIPMENT
PKG-00001644,SN-00001644,EXEC-000587,GIS-170-4000,WOODEN_CRATE,243.42,2563,1553,2426,2026-02-01 11:03:00,2026-02-01 11:05:00,READY_FOR_SHIPMENT
PKG-00001645,SN-00001645,EXEC-000587,GIS-170-4000,WOODEN_CRATE,429.08,2878,1325,2462,2026-02-01 11:03:00,2026-02-01 11:05:00,READY_FOR_SHIPMENT
PKG-00001646,SN-00001646,EXEC-000587,GIS-170-4000,WOODEN_CRATE,525.22,3189,1745,2098,2026-02-01 11:03:00,2026-02-01 11:05:00,READY_FOR_SHIPMENT
PKG-00001647,SN-00001647,EXEC-000588,GIS-170-4000,WOODEN_CRATE,414.35,2553,1267,1885,2026-02-01 11:23:00,2026-02-01 11:25:00,READY_FOR_SHIPMENT
PKG-00001648,SN-00001648,EXEC-000588,GIS-170-4000,WOODEN_CRATE,603.52,2737,1289,1664,2026-02-01 11:23:00,2026-02-01 11:25:00,READY_FOR_SHIPMENT
PKG-00001649,SN-00001649,EXEC-000589,GIS-420-5000,WOODEN_CRATE,387.99,2166,1495,1657,2026-02-01 11:43:00,2026-02-01 11:45:00,READY_FOR_SHIPMENT
PKG-00001650,SN-00001650,EXEC-000589,GIS-420-5000,WOODEN_CRATE,267.03,2365,1314,1803,2026-02-01 11:43:00,2026-02-01 11:45:00,READY_FOR_SHIPMENT
PKG-00001651,SN-00001651,EXEC-000590,GIS-245-4000,WOODEN_CRATE,433.42,2218,1733,1546,2026-02-01 12:03:00,2026-02-01 12:05:00,READY_FOR_SHIPMENT
PKG-00001652,SN-00001652,EXEC-000590,GIS-245-4000,WOODEN_CRATE,346.06,3197,1754,1770,2026-02-01 12:03:00,2026-02-01 12:05:00,READY_FOR_SHIPMENT
PKG-00001653,SN-00001653,EXEC-000591,GIS-072-2500,WOODEN_CRATE,423.78,2660,1654,1543,2026-02-01 12:23:00,2026-02-01 12:25:00,READY_FOR_SHIPMENT
PKG-00001654,SN-00001654,EXEC-000591,GIS-072-2500,WOODEN_CRATE,345.35,1928,1222,1975,2026-02-01 12:23:00,2026-02-01 12:25:00,READY_FOR_SHIPMENT
PKG-00001655,SN-00001655,EXEC-000591,GIS-072-2500,WOODEN_CRATE,579.03,2864,1543,2343,2026-02-01 12:23:00,2026-02-01 12:25:00,READY_FOR_SHIPMENT
PKG-00001656,SN-00001656,EXEC-000591,GIS-072-2500,WOODEN_CRATE,468.84,3142,1534,2495,2026-02-01 12:23:00,2026-02-01 12:25:00,READY_FOR_SHIPMENT
PKG-00001657,SN-00001657,EXEC-000591,GIS-072-2500,WOODEN_CRATE,475.14,2885,1761,2411,2026-02-01 12:23:00,2026-02-01 12:25:00,READY_FOR_SHIPMENT
PKG-00001658,SN-00001658,EXEC-000592,GIS-245-3150,WOODEN_CRATE,416.94,2961,1335,2127,2026-02-01 12:43:00,2026-02-01 12:45:00,READY_FOR_SHIPMENT
PKG-00001659,SN-00001659,EXEC-000592,GIS-245-3150,WOODEN_CRATE,293.85,2332,1432,2491,2026-02-01 12:43:00,2026-02-01 12:45:00,READY_FOR_SHIPMENT
PKG-00001660,SN-00001660,EXEC-000593,GIS-245-4000,WOODEN_CRATE,379.92,2390,1248,1803,2026-02-02 07:03:00,2026-02-02 07:05:00,READY_FOR_SHIPMENT
PKG-00001661,SN-00001661,EXEC-000593,GIS-245-4000,WOODEN_CRATE,371.84,2733,1370,1829,2026-02-02 07:03:00,2026-02-02 07:05:00,READY_FOR_SHIPMENT
PKG-00001662,SN-00001662,EXEC-000594,GIS-072-2500,WOODEN_CRATE,526.08,2384,1386,1859,2026-02-02 07:23:00,2026-02-02 07:25:00,READY_FOR_SHIPMENT
PKG-00001663,SN-00001663,EXEC-000594,GIS-072-2500,WOODEN_CRATE,580.91,3164,1357,1830,2026-02-02 07:23:00,2026-02-02 07:25:00,READY_FOR_SHIPMENT
PKG-00001664,SN-00001664,EXEC-000594,GIS-072-2500,WOODEN_CRATE,322.3,1884,1524,1759,2026-02-02 07:23:00,2026-02-02 07:25:00,READY_FOR_SHIPMENT
PKG-00001665,SN-00001665,EXEC-000595,GIS-145-3150,WOODEN_CRATE,409.58,2557,1388,1920,2026-02-02 07:43:00,2026-02-02 07:45:00,READY_FOR_SHIPMENT
PKG-00001666,SN-00001666,EXEC-000595,GIS-145-3150,WOODEN_CRATE,461.87,1871,1524,2204,2026-02-02 07:43:00,2026-02-02 07:45:00,READY_FOR_SHIPMENT
PKG-00001667,SN-00001667,EXEC-000595,GIS-145-3150,WOODEN_CRATE,283.62,2718,1752,1832,2026-02-02 07:43:00,2026-02-02 07:45:00,READY_FOR_SHIPMENT
PKG-00001668,SN-00001668,EXEC-000596,GIS-170-4000,WOODEN_CRATE,449.47,2048,1225,2328,2026-02-02 08:03:00,2026-02-02 08:05:00,READY_FOR_SHIPMENT
PKG-00001669,SN-00001669,EXEC-000596,GIS-170-4000,WOODEN_CRATE,620.36,2097,1669,2155,2026-02-02 08:03:00,2026-02-02 08:05:00,READY_FOR_SHIPMENT
PKG-00001670,SN-00001670,EXEC-000596,GIS-170-4000,WOODEN_CRATE,287.1,2918,1719,2178,2026-02-02 08:03:00,2026-02-02 08:05:00,READY_FOR_SHIPMENT
PKG-00001671,SN-00001671,EXEC-000597,GIS-145-3150,WOODEN_CRATE,498.31,2405,1685,2093,2026-02-02 08:23:00,2026-02-02 08:25:00,READY_FOR_SHIPMENT
PKG-00001672,SN-00001672,EXEC-000597,GIS-145-3150,WOODEN_CRATE,636.93,2974,1350,2405,2026-02-02 08:23:00,2026-02-02 08:25:00,READY_FOR_SHIPMENT
PKG-00001673,SN-00001673,EXEC-000597,GIS-145-3150,WOODEN_CRATE,365.63,2030,1690,1582,2026-02-02 08:23:00,2026-02-02 08:25:00,READY_FOR_SHIPMENT
PKG-00001674,SN-00001674,EXEC-000598,GIS-072-2500,WOODEN_CRATE,279.95,2928,1319,2130,2026-02-02 08:43:00,2026-02-02 08:45:00,READY_FOR_SHIPMENT
PKG-00001675,SN-00001675,EXEC-000598,GIS-072-2500,WOODEN_CRATE,230.66,3064,1425,2413,2026-02-02 08:43:00,2026-02-02 08:45:00,READY_FOR_SHIPMENT
PKG-00001676,SN-00001676,EXEC-000598,GIS-072-2500,WOODEN_CRATE,373.68,2468,1256,1899,2026-02-02 08:43:00,2026-02-02 08:45:00,READY_FOR_SHIPMENT
PKG-00001677,SN-00001677,EXEC-000598,GIS-072-2500,WOODEN_CRATE,470.88,2254,1484,1900,2026-02-02 08:43:00,2026-02-02 08:45:00,READY_FOR_SHIPMENT
PKG-00001678,SN-00001678,EXEC-000599,GIS-072-2500,WOODEN_CRATE,229.7,2902,1656,1678,2026-02-02 09:03:00,2026-02-02 09:05:00,READY_FOR_SHIPMENT
PKG-00001679,SN-00001679,EXEC-000599,GIS-072-2500,WOODEN_CRATE,639.61,2607,1399,2504,2026-02-02 09:03:00,2026-02-02 09:05:00,READY_FOR_SHIPMENT
PKG-00001680,SN-00001680,EXEC-000599,GIS-072-2500,WOODEN_CRATE,356.64,3039,1723,1614,2026-02-02 09:03:00,2026-02-02 09:05:00,READY_FOR_SHIPMENT
PKG-00001681,SN-00001681,EXEC-000600,GIS-072-3150,WOODEN_CRATE,610.63,2539,1607,1802,2026-02-02 09:23:00,2026-02-02 09:25:00,READY_FOR_SHIPMENT
PKG-00001682,SN-00001682,EXEC-000600,GIS-072-3150,WOODEN_CRATE,527.86,2675,1578,2290,2026-02-02 09:23:00,2026-02-02 09:25:00,READY_FOR_SHIPMENT
PKG-00001683,SN-00001683,EXEC-000600,GIS-072-3150,WOODEN_CRATE,380.32,2382,1553,2219,2026-02-02 09:23:00,2026-02-02 09:25:00,READY_FOR_SHIPMENT
PKG-00001684,SN-00001684,EXEC-000601,GIS-072-2500,WOODEN_CRATE,352.48,2712,1774,1679,2026-02-02 09:43:00,2026-02-02 09:45:00,READY_FOR_SHIPMENT
PKG-00001685,SN-00001685,EXEC-000601,GIS-072-2500,WOODEN_CRATE,312.75,2709,1625,2406,2026-02-02 09:43:00,2026-02-02 09:45:00,READY_FOR_SHIPMENT
PKG-00001686,SN-00001686,EXEC-000601,GIS-072-2500,WOODEN_CRATE,344.11,2668,1624,1785,2026-02-02 09:43:00,2026-02-02 09:45:00,READY_FOR_SHIPMENT
PKG-00001687,SN-00001687,EXEC-000601,GIS-072-2500,WOODEN_CRATE,579.27,3024,1288,1794,2026-02-02 09:43:00,2026-02-02 09:45:00,READY_FOR_SHIPMENT
PKG-00001688,SN-00001688,EXEC-000602,GIS-145-3150,WOODEN_CRATE,309.35,2772,1737,2186,2026-02-02 10:03:00,2026-02-02 10:05:00,READY_FOR_SHIPMENT
PKG-00001689,SN-00001689,EXEC-000602,GIS-145-3150,WOODEN_CRATE,248.43,3009,1584,1681,2026-02-02 10:03:00,2026-02-02 10:05:00,READY_FOR_SHIPMENT
PKG-00001690,SN-00001690,EXEC-000603,GIS-420-5000,WOODEN_CRATE,222.85,3108,1479,2348,2026-02-02 10:23:00,2026-02-02 10:25:00,READY_FOR_SHIPMENT
PKG-00001691,SN-00001691,EXEC-000603,GIS-420-5000,WOODEN_CRATE,295.2,2746,1781,1780,2026-02-02 10:23:00,2026-02-02 10:25:00,READY_FOR_SHIPMENT
PKG-00001692,SN-00001692,EXEC-000604,GIS-072-3150,WOODEN_CRATE,305.68,2581,1496,2504,2026-02-02 10:43:00,2026-02-02 10:45:00,READY_FOR_SHIPMENT
PKG-00001693,SN-00001693,EXEC-000604,GIS-072-3150,WOODEN_CRATE,238.16,2418,1799,2122,2026-02-02 10:43:00,2026-02-02 10:45:00,READY_FOR_SHIPMENT
PKG-00001694,SN-00001694,EXEC-000604,GIS-072-3150,WOODEN_CRATE,432.46,2749,1429,1554,2026-02-02 10:43:00,2026-02-02 10:45:00,READY_FOR_SHIPMENT
PKG-00001695,SN-00001695,EXEC-000604,GIS-072-3150,WOODEN_CRATE,560.22,2115,1468,2114,2026-02-02 10:43:00,2026-02-02 10:45:00,READY_FOR_SHIPMENT
PKG-00001696,SN-00001696,EXEC-000604,GIS-072-3150,WOODEN_CRATE,631.09,3103,1683,1754,2026-02-02 10:43:00,2026-02-02 10:45:00,READY_FOR_SHIPMENT
PKG-00001697,SN-00001697,EXEC-000605,GIS-420-4000,WOODEN_CRATE,501.14,2389,1627,1867,2026-02-02 11:03:00,2026-02-02 11:05:00,READY_FOR_SHIPMENT
PKG-00001698,SN-00001698,EXEC-000605,GIS-420-4000,WOODEN_CRATE,431.51,3120,1450,1558,2026-02-02 11:03:00,2026-02-02 11:05:00,READY_FOR_SHIPMENT
PKG-00001699,SN-00001699,EXEC-000606,GIS-420-5000,WOODEN_CRATE,271.32,2367,1704,1636,2026-02-02 11:23:00,2026-02-02 11:25:00,READY_FOR_SHIPMENT
PKG-00001700,SN-00001700,EXEC-000606,GIS-420-5000,WOODEN_CRATE,477.52,2540,1795,2484,2026-02-02 11:23:00,2026-02-02 11:25:00,READY_FOR_SHIPMENT
PKG-00001701,SN-00001701,EXEC-000607,GIS-072-3150,WOODEN_CRATE,463.2,2328,1687,1744,2026-02-02 11:43:00,2026-02-02 11:45:00,READY_FOR_SHIPMENT
PKG-00001702,SN-00001702,EXEC-000607,GIS-072-3150,WOODEN_CRATE,380.48,2978,1217,2031,2026-02-02 11:43:00,2026-02-02 11:45:00,READY_FOR_SHIPMENT
PKG-00001703,SN-00001703,EXEC-000607,GIS-072-3150,WOODEN_CRATE,290.02,1919,1349,2154,2026-02-02 11:43:00,2026-02-02 11:45:00,READY_FOR_SHIPMENT
PKG-00001704,SN-00001704,EXEC-000607,GIS-072-3150,WOODEN_CRATE,418.25,2077,1565,1834,2026-02-02 11:43:00,2026-02-02 11:45:00,READY_FOR_SHIPMENT
PKG-00001705,SN-00001705,EXEC-000608,GIS-072-3150,WOODEN_CRATE,242.74,2539,1629,2229,2026-02-02 12:03:00,2026-02-02 12:05:00,READY_FOR_SHIPMENT
PKG-00001706,SN-00001706,EXEC-000608,GIS-072-3150,WOODEN_CRATE,240.95,2397,1742,1657,2026-02-02 12:03:00,2026-02-02 12:05:00,READY_FOR_SHIPMENT
PKG-00001707,SN-00001707,EXEC-000608,GIS-072-3150,WOODEN_CRATE,440.96,3086,1387,1693,2026-02-02 12:03:00,2026-02-02 12:05:00,READY_FOR_SHIPMENT
PKG-00001708,SN-00001708,EXEC-000608,GIS-072-3150,WOODEN_CRATE,477.47,2142,1756,2160,2026-02-02 12:03:00,2026-02-02 12:05:00,READY_FOR_SHIPMENT
PKG-00001709,SN-00001709,EXEC-000608,GIS-072-3150,WOODEN_CRATE,595.15,2416,1477,2242,2026-02-02 12:03:00,2026-02-02 12:05:00,READY_FOR_SHIPMENT
PKG-00001710,SN-00001710,EXEC-000609,GIS-245-3150,WOODEN_CRATE,261.21,2987,1560,1794,2026-02-02 12:23:00,2026-02-02 12:25:00,READY_FOR_SHIPMENT
PKG-00001711,SN-00001711,EXEC-000609,GIS-245-3150,WOODEN_CRATE,225.55,2861,1488,2263,2026-02-02 12:23:00,2026-02-02 12:25:00,READY_FOR_SHIPMENT
PKG-00001712,SN-00001712,EXEC-000610,GIS-072-2500,WOODEN_CRATE,554.89,2643,1548,1833,2026-02-02 12:43:00,2026-02-02 12:45:00,READY_FOR_SHIPMENT
PKG-00001713,SN-00001713,EXEC-000610,GIS-072-2500,WOODEN_CRATE,264.04,2116,1715,1952,2026-02-02 12:43:00,2026-02-02 12:45:00,READY_FOR_SHIPMENT
PKG-00001714,SN-00001714,EXEC-000610,GIS-072-2500,WOODEN_CRATE,577.58,2944,1738,2589,2026-02-02 12:43:00,2026-02-02 12:45:00,READY_FOR_SHIPMENT
PKG-00001715,SN-00001715,EXEC-000611,GIS-420-4000,WOODEN_CRATE,526.4,2033,1627,2443,2026-02-02 13:03:00,2026-02-02 13:05:00,READY_FOR_SHIPMENT
PKG-00001716,SN-00001716,EXEC-000611,GIS-420-4000,WOODEN_CRATE,613.89,2038,1334,1535,2026-02-02 13:03:00,2026-02-02 13:05:00,READY_FOR_SHIPMENT
PKG-00001717,SN-00001717,EXEC-000612,GIS-145-3150,WOODEN_CRATE,426.19,2438,1571,1784,2026-02-02 13:23:00,2026-02-02 13:25:00,READY_FOR_SHIPMENT
PKG-00001718,SN-00001718,EXEC-000612,GIS-145-3150,WOODEN_CRATE,571.33,3023,1735,2200,2026-02-02 13:23:00,2026-02-02 13:25:00,READY_FOR_SHIPMENT
PKG-00001719,SN-00001719,EXEC-000612,GIS-145-3150,WOODEN_CRATE,294.05,2423,1229,1742,2026-02-02 13:23:00,2026-02-02 13:25:00,READY_FOR_SHIPMENT
PKG-00001720,SN-00001720,EXEC-000613,GIS-170-4000,WOODEN_CRATE,315.61,2091,1432,2129,2026-02-02 13:43:00,2026-02-02 13:45:00,READY_FOR_SHIPMENT
PKG-00001721,SN-00001721,EXEC-000613,GIS-170-4000,WOODEN_CRATE,273.9,2066,1280,2370,2026-02-02 13:43:00,2026-02-02 13:45:00,READY_FOR_SHIPMENT
PKG-00001722,SN-00001722,EXEC-000613,GIS-170-4000,WOODEN_CRATE,517.05,2028,1279,1538,2026-02-02 13:43:00,2026-02-02 13:45:00,READY_FOR_SHIPMENT
PKG-00001723,SN-00001723,EXEC-000614,GIS-072-2500,WOODEN_CRATE,553.12,2683,1243,1902,2026-02-02 14:03:00,2026-02-02 14:05:00,READY_FOR_SHIPMENT
PKG-00001724,SN-00001724,EXEC-000614,GIS-072-2500,WOODEN_CRATE,266.36,3151,1725,1621,2026-02-02 14:03:00,2026-02-02 14:05:00,READY_FOR_SHIPMENT
PKG-00001725,SN-00001725,EXEC-000614,GIS-072-2500,WOODEN_CRATE,421.71,2318,1244,1635,2026-02-02 14:03:00,2026-02-02 14:05:00,READY_FOR_SHIPMENT
PKG-00001726,SN-00001726,EXEC-000614,GIS-072-2500,WOODEN_CRATE,349.71,1821,1298,1753,2026-02-02 14:03:00,2026-02-02 14:05:00,READY_FOR_SHIPMENT
PKG-00001727,SN-00001727,EXEC-000614,GIS-072-2500,WOODEN_CRATE,615.64,2220,1404,1878,2026-02-02 14:03:00,2026-02-02 14:05:00,READY_FOR_SHIPMENT
PKG-00001728,SN-00001728,EXEC-000615,GIS-145-4000,WOODEN_CRATE,508.36,1859,1292,1798,2026-02-02 14:23:00,2026-02-02 14:25:00,READY_FOR_SHIPMENT
PKG-00001729,SN-00001729,EXEC-000615,GIS-145-4000,WOODEN_CRATE,583.72,2368,1793,2212,2026-02-02 14:23:00,2026-02-02 14:25:00,READY_FOR_SHIPMENT
PKG-00001730,SN-00001730,EXEC-000615,GIS-145-4000,WOODEN_CRATE,371.45,2825,1447,2534,2026-02-02 14:23:00,2026-02-02 14:25:00,READY_FOR_SHIPMENT
PKG-00001731,SN-00001731,EXEC-000615,GIS-145-4000,WOODEN_CRATE,465.2,2002,1792,1528,2026-02-02 14:23:00,2026-02-02 14:25:00,READY_FOR_SHIPMENT
PKG-00001732,SN-00001732,EXEC-000616,GIS-072-2500,WOODEN_CRATE,447.4,2192,1488,1851,2026-02-02 14:43:00,2026-02-02 14:45:00,READY_FOR_SHIPMENT
PKG-00001733,SN-00001733,EXEC-000616,GIS-072-2500,WOODEN_CRATE,607.71,2900,1204,1702,2026-02-02 14:43:00,2026-02-02 14:45:00,READY_FOR_SHIPMENT
PKG-00001734,SN-00001734,EXEC-000616,GIS-072-2500,WOODEN_CRATE,617.42,2832,1686,2250,2026-02-02 14:43:00,2026-02-02 14:45:00,READY_FOR_SHIPMENT
PKG-00001735,SN-00001735,EXEC-000617,GIS-550-5000,WOODEN_CRATE,520.2,2179,1650,1719,2026-02-03 07:03:00,2026-02-03 07:05:00,READY_FOR_SHIPMENT
PKG-00001736,SN-00001736,EXEC-000618,GIS-145-3150,WOODEN_CRATE,297.76,2526,1588,2368,2026-02-03 07:23:00,2026-02-03 07:25:00,READY_FOR_SHIPMENT
PKG-00001737,SN-00001737,EXEC-000618,GIS-145-3150,WOODEN_CRATE,312.14,2266,1617,1731,2026-02-03 07:23:00,2026-02-03 07:25:00,READY_FOR_SHIPMENT
PKG-00001738,SN-00001738,EXEC-000619,GIS-145-4000,WOODEN_CRATE,547.41,2443,1326,2454,2026-02-03 07:43:00,2026-02-03 07:45:00,READY_FOR_SHIPMENT
PKG-00001739,SN-00001739,EXEC-000619,GIS-145-4000,WOODEN_CRATE,267.44,2078,1707,2239,2026-02-03 07:43:00,2026-02-03 07:45:00,READY_FOR_SHIPMENT
PKG-00001740,SN-00001740,EXEC-000619,GIS-145-4000,WOODEN_CRATE,523.03,2941,1241,1668,2026-02-03 07:43:00,2026-02-03 07:45:00,READY_FOR_SHIPMENT
PKG-00001741,SN-00001741,EXEC-000619,GIS-145-4000,WOODEN_CRATE,361.09,2036,1594,2080,2026-02-03 07:43:00,2026-02-03 07:45:00,READY_FOR_SHIPMENT
PKG-00001742,SN-00001742,EXEC-000620,GIS-072-2500,WOODEN_CRATE,416.49,2438,1654,1962,2026-02-03 08:03:00,2026-02-03 08:05:00,READY_FOR_SHIPMENT
PKG-00001743,SN-00001743,EXEC-000620,GIS-072-2500,WOODEN_CRATE,458.18,2395,1638,1886,2026-02-03 08:03:00,2026-02-03 08:05:00,READY_FOR_SHIPMENT
PKG-00001744,SN-00001744,EXEC-000620,GIS-072-2500,WOODEN_CRATE,588.41,2774,1576,1867,2026-02-03 08:03:00,2026-02-03 08:05:00,READY_FOR_SHIPMENT
PKG-00001745,SN-00001745,EXEC-000620,GIS-072-2500,WOODEN_CRATE,225.5,3180,1703,1715,2026-02-03 08:03:00,2026-02-03 08:05:00,READY_FOR_SHIPMENT
PKG-00001746,SN-00001746,EXEC-000620,GIS-072-2500,WOODEN_CRATE,390.44,2870,1287,1744,2026-02-03 08:03:00,2026-02-03 08:05:00,READY_FOR_SHIPMENT
PKG-00001747,SN-00001747,EXEC-000621,GIS-145-4000,WOODEN_CRATE,281.65,2620,1304,1845,2026-02-03 08:23:00,2026-02-03 08:25:00,READY_FOR_SHIPMENT
PKG-00001748,SN-00001748,EXEC-000621,GIS-145-4000,WOODEN_CRATE,247.83,2207,1546,1910,2026-02-03 08:23:00,2026-02-03 08:25:00,READY_FOR_SHIPMENT
PKG-00001749,SN-00001749,EXEC-000621,GIS-145-4000,WOODEN_CRATE,475.83,2627,1325,1976,2026-02-03 08:23:00,2026-02-03 08:25:00,READY_FOR_SHIPMENT
PKG-00001750,SN-00001750,EXEC-000622,GIS-420-4000,WOODEN_CRATE,580.39,2822,1485,2059,2026-02-03 08:43:00,2026-02-03 08:45:00,READY_FOR_SHIPMENT
PKG-00001751,SN-00001751,EXEC-000623,GIS-170-4000,WOODEN_CRATE,545.21,3118,1609,2229,2026-02-03 09:03:00,2026-02-03 09:05:00,READY_FOR_SHIPMENT
PKG-00001752,SN-00001752,EXEC-000623,GIS-170-4000,WOODEN_CRATE,424.61,3035,1614,2492,2026-02-03 09:03:00,2026-02-03 09:05:00,READY_FOR_SHIPMENT
PKG-00001753,SN-00001753,EXEC-000624,GIS-170-4000,WOODEN_CRATE,439.91,2101,1665,1721,2026-02-03 09:23:00,2026-02-03 09:25:00,READY_FOR_SHIPMENT
PKG-00001754,SN-00001754,EXEC-000624,GIS-170-4000,WOODEN_CRATE,272.54,2802,1709,1972,2026-02-03 09:23:00,2026-02-03 09:25:00,READY_FOR_SHIPMENT
PKG-00001755,SN-00001755,EXEC-000624,GIS-170-4000,WOODEN_CRATE,490.2,2075,1230,1703,2026-02-03 09:23:00,2026-02-03 09:25:00,READY_FOR_SHIPMENT
PKG-00001756,SN-00001756,EXEC-000625,GIS-145-4000,WOODEN_CRATE,537.25,1939,1710,1554,2026-02-03 09:43:00,2026-02-03 09:45:00,READY_FOR_SHIPMENT
PKG-00001757,SN-00001757,EXEC-000625,GIS-145-4000,WOODEN_CRATE,637.99,2583,1534,1812,2026-02-03 09:43:00,2026-02-03 09:45:00,READY_FOR_SHIPMENT
PKG-00001758,SN-00001758,EXEC-000625,GIS-145-4000,WOODEN_CRATE,350.18,3076,1298,1656,2026-02-03 09:43:00,2026-02-03 09:45:00,READY_FOR_SHIPMENT
PKG-00001759,SN-00001759,EXEC-000625,GIS-145-4000,WOODEN_CRATE,504.26,2864,1704,2454,2026-02-03 09:43:00,2026-02-03 09:45:00,READY_FOR_SHIPMENT
PKG-00001760,SN-00001760,EXEC-000626,GIS-245-3150,WOODEN_CRATE,306.83,3155,1709,2504,2026-02-03 10:03:00,2026-02-03 10:05:00,READY_FOR_SHIPMENT
PKG-00001761,SN-00001761,EXEC-000626,GIS-245-3150,WOODEN_CRATE,437.06,2910,1551,1536,2026-02-03 10:03:00,2026-02-03 10:05:00,READY_FOR_SHIPMENT
PKG-00001762,SN-00001762,EXEC-000627,GIS-072-2500,WOODEN_CRATE,629.61,1864,1640,1743,2026-02-03 10:23:00,2026-02-03 10:25:00,READY_FOR_SHIPMENT
PKG-00001763,SN-00001763,EXEC-000627,GIS-072-2500,WOODEN_CRATE,384.96,2444,1585,2406,2026-02-03 10:23:00,2026-02-03 10:25:00,READY_FOR_SHIPMENT
PKG-00001764,SN-00001764,EXEC-000627,GIS-072-2500,WOODEN_CRATE,417.65,1867,1381,2120,2026-02-03 10:23:00,2026-02-03 10:25:00,READY_FOR_SHIPMENT
PKG-00001765,SN-00001765,EXEC-000627,GIS-072-2500,WOODEN_CRATE,600.42,2136,1703,2382,2026-02-03 10:23:00,2026-02-03 10:25:00,READY_FOR_SHIPMENT
PKG-00001766,SN-00001766,EXEC-000628,GIS-550-5000,WOODEN_CRATE,277.83,2596,1699,1724,2026-02-03 10:43:00,2026-02-03 10:45:00,READY_FOR_SHIPMENT
PKG-00001767,SN-00001767,EXEC-000629,GIS-245-4000,WOODEN_CRATE,464.61,2804,1767,2462,2026-02-03 11:03:00,2026-02-03 11:05:00,READY_FOR_SHIPMENT
PKG-00001768,SN-00001768,EXEC-000629,GIS-245-4000,WOODEN_CRATE,424.64,2120,1718,1614,2026-02-03 11:03:00,2026-02-03 11:05:00,READY_FOR_SHIPMENT
PKG-00001769,SN-00001769,EXEC-000629,GIS-245-4000,WOODEN_CRATE,388.3,2813,1586,2222,2026-02-03 11:03:00,2026-02-03 11:05:00,READY_FOR_SHIPMENT
PKG-00001770,SN-00001770,EXEC-000630,GIS-170-4000,WOODEN_CRATE,549.58,2382,1528,1625,2026-02-03 11:23:00,2026-02-03 11:25:00,READY_FOR_SHIPMENT
PKG-00001771,SN-00001771,EXEC-000630,GIS-170-4000,WOODEN_CRATE,232.1,1892,1331,2250,2026-02-03 11:23:00,2026-02-03 11:25:00,READY_FOR_SHIPMENT
PKG-00001772,SN-00001772,EXEC-000630,GIS-170-4000,WOODEN_CRATE,370.02,2995,1227,2198,2026-02-03 11:23:00,2026-02-03 11:25:00,READY_FOR_SHIPMENT
PKG-00001773,SN-00001773,EXEC-000631,GIS-245-3150,WOODEN_CRATE,383.65,2676,1553,2231,2026-02-03 11:43:00,2026-02-03 11:45:00,READY_FOR_SHIPMENT
PKG-00001774,SN-00001774,EXEC-000631,GIS-245-3150,WOODEN_CRATE,397.13,1915,1450,2007,2026-02-03 11:43:00,2026-02-03 11:45:00,READY_FOR_SHIPMENT
PKG-00001775,SN-00001775,EXEC-000631,GIS-245-3150,WOODEN_CRATE,320.89,2439,1286,1634,2026-02-03 11:43:00,2026-02-03 11:45:00,READY_FOR_SHIPMENT
PKG-00001776,SN-00001776,EXEC-000632,GIS-245-3150,WOODEN_CRATE,593.64,2034,1545,1847,2026-02-03 12:03:00,2026-02-03 12:05:00,READY_FOR_SHIPMENT
PKG-00001777,SN-00001777,EXEC-000632,GIS-245-3150,WOODEN_CRATE,228.48,2467,1238,2443,2026-02-03 12:03:00,2026-02-03 12:05:00,READY_FOR_SHIPMENT
PKG-00001778,SN-00001778,EXEC-000632,GIS-245-3150,WOODEN_CRATE,502.84,2665,1781,2554,2026-02-03 12:03:00,2026-02-03 12:05:00,READY_FOR_SHIPMENT
PKG-00001779,SN-00001779,EXEC-000633,GIS-145-4000,WOODEN_CRATE,607.61,2346,1220,2461,2026-02-03 12:23:00,2026-02-03 12:25:00,READY_FOR_SHIPMENT
PKG-00001780,SN-00001780,EXEC-000633,GIS-145-4000,WOODEN_CRATE,472.84,2448,1586,2299,2026-02-03 12:23:00,2026-02-03 12:25:00,READY_FOR_SHIPMENT
PKG-00001781,SN-00001781,EXEC-000633,GIS-145-4000,WOODEN_CRATE,358.64,2000,1700,1704,2026-02-03 12:23:00,2026-02-03 12:25:00,READY_FOR_SHIPMENT
PKG-00001782,SN-00001782,EXEC-000633,GIS-145-4000,WOODEN_CRATE,517.07,2221,1544,2517,2026-02-03 12:23:00,2026-02-03 12:25:00,READY_FOR_SHIPMENT
PKG-00001783,SN-00001783,EXEC-000634,GIS-300-4000,WOODEN_CRATE,436.19,3166,1547,1841,2026-02-03 12:43:00,2026-02-03 12:45:00,READY_FOR_SHIPMENT
PKG-00001784,SN-00001784,EXEC-000635,GIS-072-3150,WOODEN_CRATE,484.38,2544,1646,1913,2026-02-03 13:03:00,2026-02-03 13:05:00,READY_FOR_SHIPMENT
PKG-00001785,SN-00001785,EXEC-000635,GIS-072-3150,WOODEN_CRATE,433.69,1954,1748,1938,2026-02-03 13:03:00,2026-02-03 13:05:00,READY_FOR_SHIPMENT
PKG-00001786,SN-00001786,EXEC-000635,GIS-072-3150,WOODEN_CRATE,343.56,1897,1504,2323,2026-02-03 13:03:00,2026-02-03 13:05:00,READY_FOR_SHIPMENT
PKG-00001787,SN-00001787,EXEC-000635,GIS-072-3150,WOODEN_CRATE,565.98,3079,1294,1694,2026-02-03 13:03:00,2026-02-03 13:05:00,READY_FOR_SHIPMENT
PKG-00001788,SN-00001788,EXEC-000635,GIS-072-3150,WOODEN_CRATE,474.5,2359,1268,2587,2026-02-03 13:03:00,2026-02-03 13:05:00,READY_FOR_SHIPMENT
PKG-00001789,SN-00001789,EXEC-000636,GIS-072-2500,WOODEN_CRATE,424.37,2229,1555,1657,2026-02-03 13:23:00,2026-02-03 13:25:00,READY_FOR_SHIPMENT
PKG-00001790,SN-00001790,EXEC-000636,GIS-072-2500,WOODEN_CRATE,500.16,2418,1716,2114,2026-02-03 13:23:00,2026-02-03 13:25:00,READY_FOR_SHIPMENT
PKG-00001791,SN-00001791,EXEC-000636,GIS-072-2500,WOODEN_CRATE,406.15,2905,1520,1909,2026-02-03 13:23:00,2026-02-03 13:25:00,READY_FOR_SHIPMENT
PKG-00001792,SN-00001792,EXEC-000637,GIS-145-3150,WOODEN_CRATE,398.16,2314,1727,2428,2026-02-03 13:43:00,2026-02-03 13:45:00,READY_FOR_SHIPMENT
PKG-00001793,SN-00001793,EXEC-000637,GIS-145-3150,WOODEN_CRATE,508.77,2921,1384,1538,2026-02-03 13:43:00,2026-02-03 13:45:00,READY_FOR_SHIPMENT
PKG-00001794,SN-00001794,EXEC-000637,GIS-145-3150,WOODEN_CRATE,489.97,2857,1391,2522,2026-02-03 13:43:00,2026-02-03 13:45:00,READY_FOR_SHIPMENT
PKG-00001795,SN-00001795,EXEC-000638,GIS-145-3150,WOODEN_CRATE,311.57,2757,1474,2591,2026-02-03 14:03:00,2026-02-03 14:05:00,READY_FOR_SHIPMENT
PKG-00001796,SN-00001796,EXEC-000638,GIS-145-3150,WOODEN_CRATE,567.84,2688,1779,1622,2026-02-03 14:03:00,2026-02-03 14:05:00,READY_FOR_SHIPMENT
PKG-00001797,SN-00001797,EXEC-000638,GIS-145-3150,WOODEN_CRATE,444.58,2546,1673,1802,2026-02-03 14:03:00,2026-02-03 14:05:00,READY_FOR_SHIPMENT
PKG-00001798,SN-00001798,EXEC-000638,GIS-145-3150,WOODEN_CRATE,323.36,2414,1645,2340,2026-02-03 14:03:00,2026-02-03 14:05:00,READY_FOR_SHIPMENT
PKG-00001799,SN-00001799,EXEC-000639,GIS-420-4000,WOODEN_CRATE,357.02,1931,1408,2344,2026-02-03 14:23:00,2026-02-03 14:25:00,READY_FOR_SHIPMENT
PKG-00001800,SN-00001800,EXEC-000640,GIS-145-4000,WOODEN_CRATE,334.78,2387,1364,2025,2026-02-03 14:43:00,2026-02-03 14:45:00,READY_FOR_SHIPMENT
PKG-00001801,SN-00001801,EXEC-000640,GIS-145-4000,WOODEN_CRATE,515.35,2283,1615,1988,2026-02-03 14:43:00,2026-02-03 14:45:00,READY_FOR_SHIPMENT
PKG-00001802,SN-00001802,EXEC-000640,GIS-145-4000,WOODEN_CRATE,268.83,2193,1228,2002,2026-02-03 14:43:00,2026-02-03 14:45:00,READY_FOR_SHIPMENT
PKG-00001803,SN-00001803,EXEC-000640,GIS-145-4000,WOODEN_CRATE,562.73,2435,1675,2494,2026-02-03 14:43:00,2026-02-03 14:45:00,READY_FOR_SHIPMENT
