serial_number,execution_id,work_order_id,sap_order_number,product_code,product_name,production_line,manufacturing_date,status
SN-00000001,EXEC-000001,WO-20260105-000001,5000000001,GIS-072-2500,GIS Bay 72.5 kV / 2500 A,LINE-01,2026-01-05 06:45:00,IN_PRODUCTION
SN-00000002,EXEC-000001,WO-20260105-000001,5000000001,GIS-072-2500,GIS Bay 72.5 kV / 2500 A,LINE-01,2026-01-05 06:45:00,IN_PRODUCTION
SN-00000003,EXEC-000001,WO-20260105-000001,5000000001,GIS-072-2500,GIS Bay 72.5 kV / 2500 A,LINE-01,2026-01-05 06:45:00,IN_PRODUCTION
SN-00000004,EXEC-000001,WO-20260105-000001,5000000001,GIS-072-2500,GIS Bay 72.5 kV / 2500 A,LINE-01,2026-01-05 06:45:00,IN_PRODUCTION
SN-00000005,EXEC-000001,WO-20260105-000001,5000000001,GIS-072-2500,GIS Bay 72.5 kV / 2500 A,LINE-01,2026-01-05 06:45:00,IN_PRODUCTION
SN-00000006,EXEC-000002,WO-20260105-000002,5000000002,GIS-072-3150,GIS Bay 72.5 kV / 3150 A,LINE-02,2026-01-05 07:05:00,IN_PRODUCTION
SN-00000007,EXEC-000002,WO-20260105-000002,5000000002,GIS-072-3150,GIS Bay 72.5 kV / 3150 A,LINE-02,2026-01-05 07:05:00,IN_PRODUCTION
SN-00000008,EXEC-000002,WO-20260105-000002,5000000002,GIS-072-3150,GIS Bay 72.5 kV / 3150 A,LINE-02,2026-01-05 07:05:00,IN_PRODUCTION
SN-00000009,EXEC-000002,WO-20260105-000002,5000000002,GIS-072-3150,GIS Bay 72.5 kV / 3150 A,LINE-02,2026-01-05 07:05:00,IN_PRODUCTION
SN-00000010,EXEC-000002,WO-20260105-000002,5000000002,GIS-072-3150,GIS Bay 72.5 kV / 3150 A,LINE-02,2026-01-05 07:05:00,IN_PRODUCTION
SN-00000011,EXEC-000003,WO-20260105-000003,5000000003,GIS-245-4000,GIS Bay 245 kV / 4000 A,LINE-03,2026-01-05 07:25:00,IN_PRODUCTION
SN-00000012,EXEC-000003,WO-20260105-000003,5000000003,GIS-245-4000,GIS Bay 245 kV / 4000 A,LINE-03,2026-01-05 07:25:00,IN_PRODUCTION
SN-00000013,EXEC-000003,WO-20260105-000003,5000000003,GIS-245-4000,GIS Bay 245 kV / 4000 A,LINE-03,2026-01-05 07:25:00,IN_PRODUCTION
SN-00000014,EXEC-000004,WO-20260105-000004,5000000004,GIS-145-3150,GIS Bay 145 kV / 3150 A,LINE-04,2026-01-05 07:45:00,IN_PRODUCTION
SN-00000015,EXEC-000004,WO-20260105-000004,5000000004,GIS-145-3150,GIS Bay 145 kV / 3150 A,LINE-04,2026-01-05 07:45:00,IN_PRODUCTION
SN-00000016,EXEC-000005,WO-20260105-000005,5000000005,GIS-072-3150,GIS Bay 72.5 kV / 3150 A,LINE-05,2026-01-05 08:05:00,IN_PRODUCTION
SN-00000017,EXEC-000005,WO-20260105-000005,5000000005,GIS-072-3150,GIS Bay 72.5 kV / 3150 A,LINE-05,2026-01-05 08:05:00,IN_PRODUCTION
SN-00000018,EXEC-000005,WO-20260105-000005,5000000005,GIS-072-3150,GIS Bay 72.5 kV / 3150 A,LINE-05,2026-01-05 08:05:00,IN_PRODUCTION
SN-00000019,EXEC-000005,WO-20260105-000005,5000000005,GIS-072-3150,GIS Bay 72.5 kV / 3150 A,LINE-05,2026-01-05 08:05:00,IN_PRODUCTION
SN-00000020,EXEC-000005,WO-20260105-000005,5000000005,GIS-072-3150,GIS Bay 72.5 kV / 3150 A,LINE-05,2026-01-05 08:05:00,IN_PRODUCTION
SN-00000021,EXEC-000006,WO-20260105-000006,5000000006,GIS-072-3150,GIS Bay 72.5 kV / 3150 A,LINE-06,2026-01-05 08:25:00,IN_PRODUCTION
SN-00000022,EXEC-000006,WO-20260105-000006,5000000006,GIS-072-3150,GIS Bay 72.5 kV / 3150 A,LINE-06,2026-01-05 08:25:00,IN_PRODUCTION
SN-00000023,EXEC-000006,WO-20260105-000006,5000000006,GIS-072-3150,GIS Bay 72.5 kV / 3150 A,LINE-06,2026-01-05 08:25:00,IN_PRODUCTION
SN-00000024,EXEC-000006,WO-20260105-000006,5000000006,GIS-072-3150,GIS Bay 72.5 kV / 3150 A,LINE-06,2026-01-05 08:25:00,IN_PRODUCTION
SN-00000025,EXEC-000006,WO-20260105-000006,5000000006,GIS-072-3150,GIS Bay 72.5 kV / 3150 A,LINE-06,2026-01-05 08:25:00,IN_PRODUCTION
SN-00000026,EXEC-000007,WO-20260105-000007,5000000007,GIS-145-3150,GIS Bay 145 kV / 3150 A,LINE-01,2026-01-05 08:45:00,IN_PRODUCTION
SN-00000027,EXEC-000007,WO-20260105-000007,5000000007,GIS-145-3150,GIS Bay 145 kV / 3150 A,LINE-01,2026-01-05 08:45:00,IN_PRODUCTION
SN-00000028,EXEC-000007,WO-20260105-000007,5000000007,GIS-145-3150,GIS Bay 145 kV / 3150 A,LINE-01,2026-01-05 08:45:00,IN_PRODUCTION
SN-00000029,EXEC-000008,WO-20260105-000008,5000000008,GIS-245-4000,GIS Bay 245 kV / 4000 A,LINE-02,2026-01-05 09:05:00,IN_PRODUCTION
SN-00000030,EXEC-000009,WO-20260105-000009,5000000009,GIS-072-3150,GIS Bay 72.5 kV / 3150 A,LINE-03,2026-01-05 09:25:00,IN_PRODUCTION
SN-00000031,EXEC-000009,WO-20260105-000009,5000000009,GIS-072-3150,GIS Bay 72.5 kV / 3150 A,LINE-03,2026-01-05 09:25:00,IN_PRODUCTION
SN-00000032,EXEC-000009,WO-20260105-000009,5000000009,GIS-072-3150,GIS Bay 72.5 kV / 3150 A,LINE-03,2026-01-05 09:25:00,IN_PRODUCTION
SN-00000033,EXEC-000009,WO-20260105-000009,5000000009,GIS-072-3150,GIS Bay 72.5 kV / 3150 A,LINE-03,2026-01-05 09:25:00,IN_PRODUCTION
SN-00000034,EXEC-000010,WO-20260105-000010,5000000010,GIS-072-3150,GIS Bay 72.5 kV / 3150 A,LINE-04,2026-01-05 09:45:00,IN_PRODUCTION
SN-00000035,EXEC-000010,WO-20260105-000010,5000000010,GIS-072-3150,GIS Bay 72.5 kV / 3150 A,LINE-04,2026-01-05 09:45:00,IN_PRODUCTION
SN-00000036,EXEC-000010,WO-20260105-000010,5000000010,GIS-072-3150,GIS Bay 72.5 kV / 3150 A,LINE-04,2026-01-05 09:45:00,IN_PRODUCTION
SN-00000037,EXEC-000010,WO-20260105-000010,5000000010,GIS-072-3150,GIS Bay 72.5 kV / 3150 A,LINE-04,2026-01-05 09:45:00,IN_PRODUCTION
SN-00000038,EXEC-000011,WO-20260105-000011,5000000011,GIS-145-3150,GIS Bay 145 kV / 3150 A,LINE-05,2026-01-05 10:05:00,IN_PRODUCTION
SN-00000039,EXEC-000011,WO-20260105-000011,5000000011,GIS-145-3150,GIS Bay 145 kV / 3150 A,LINE-05,2026-01-05 10:05:00,IN_PRODUCTION
SN-00000040,EXEC-000011,WO-20260105-000011,5000000011,GIS-145-3150,GIS Bay 145 kV / 3150 A,LINE-05,2026-01-05 10:05:00,IN_PRODUCTION
SN-00000041,EXEC-000012,WO-20260105-000012,5000000012,GIS-170-4000,GIS Bay 170 kV / 4000 A,LINE-06,2026-01-05 10:25:00,IN_PRODUCTION
SN-00000042,EXEC-000012,WO-20260105-000012,5000000012,GIS-170-4000,GIS Bay 170 kV / 4000 A,LINE-06,2026-01-05 10:25:00,IN_PRODUCTION
SN-00000043,EXEC-000013,WO-20260105-000013,5000000013,GIS-145-4000,GIS Bay 145 kV / 4000 A,LINE-01,2026-01-05 10:45:00,IN_PRODUCTION
SN-00000044,EXEC-000013,WO-20260105-000013,5000000013,GIS-145-4000,GIS Bay 145 kV / 4000 A,LINE-01,2026-01-05 10:45:00,IN_PRODUCTION
SN-00000045,EXEC-000013,WO-20260105-000013,5000000013,GIS-145-4000,GIS Bay 145 kV / 4000 A,LINE-01,2026-01-05 10:45:00,IN_PRODUCTION
SN-00000046,EXEC-000014,WO-20260105-000014,5000000014,GIS-072-3150,GIS Bay 72.5 kV / 3150 A,LINE-02,2026-01-05 11:05:00,IN_PRODUCTION
SN-00000047,EXEC-000014,WO-20260105-000014,5000000014,GIS-072-3150,GIS Bay 72.5 kV / 3150 A,LINE-02,2026-01-05 11:05:00,IN_PRODUCTION
SN-00000048,EXEC-000014,WO-20260105-000014,5000000014,GIS-072-3150,GIS Bay 72.5 kV / 3150 A,LINE-02,2026-01-05 11:05:00,IN_PRODUCTION
SN-00000049,EXEC-000014,WO-20260105-000014,5000000014,GIS-072-3150,GIS Bay 72.5 kV / 3150 A,LINE-02,2026-01-05 11:05:00,IN_PRODUCTION
SN-00000050,EXEC-000014,WO-20260105-000014,5000000014,GIS-072-3150,GIS Bay 72.5 kV / 3150 A,LINE-02,2026-01-05 11:05:00,IN_PRODUCTION
SN-00000051,EXEC-000015,WO-20260105-000015,5000000015,GIS-300-4000,GIS Bay 300 kV / 4000 A,LINE-03,2026-01-05 11:25:00,IN_PRODUCTION
SN-00000052,EXEC-000016,WO-20260105-000016,5000000016,GIS-072-2500,GIS Bay 72.5 kV / 2500 A,LINE-04,2026-01-05 11:45:00,IN_PRODUCTION
SN-00000053,EXEC-000016,WO-20260105-000016,5000000016,GIS-072-2500,GIS Bay 72.5 kV / 2500 A,LINE-04,2026-01-05 11:45:00,IN_PRODUCTION
SN-00000054,EXEC-000016,WO-20260105-000016,5000000016,GIS-072-2500,GIS Bay 72.5 kV / 2500 A,LINE-04,2026-01-05 11:45:00,IN_PRODUCTION
SN-00000055,EXEC-000017,WO-20260105-000017,5000000017,GIS-550-5000,GIS Bay 550 kV / 5000 A,LINE-05,2026-01-05 12:05:00,IN_PRODUCTION
SN-00000056,EXEC-000018,WO-20260105-000018,5000000018,GIS-300-4000,GIS Bay 300 kV / 4000 A,LINE-06,2026-01-05 12:25:00,IN_PRODUCTION
SN-00000057,EXEC-000018,WO-20260105-000018,5000000018,GIS-300-4000,GIS Bay 300 kV / 4000 A,LINE-06,2026-01-05 12:25:00,IN_PRODUCTION
SN-00000058,EXEC-000019,WO-20260105-000019,5000000019,GIS-245-3150,GIS Bay 245 kV / 3150 A,LINE-01,2026-01-05 12:45:00,IN_PRODUCTION
SN-00000059,EXEC-000019,WO-20260105-000019,5000000019,GIS-245-3150,GIS Bay 245 kV / 3150 A,LINE-01,2026-01-05 12:45:00,IN_PRODUCTION
SN-00000060,EXEC-000020,WO-20260105-000020,5000000020,GIS-145-3150,GIS Bay 145 kV / 3150 A,LINE-02,2026-01-05 13:05:00,IN_PRODUCTION
SN-00000061,EXEC-000020,WO-20260105-000020,5000000020,GIS-145-3150,GIS Bay 145 kV / 3150 A,LINE-02,2026-01-05 13:05:00,IN_PRODUCTION
SN-00000062,EXEC-000020,WO-20260105-000020,5000000020,GIS-145-3150,GIS Bay 145 kV / 3150 A,LINE-02,2026-01-05 13:05:00,IN_PRODUCTION
SN-00000063,EXEC-000020,WO-20260105-000020,5000000020,GIS-145-3150,GIS Bay 145 kV / 3150 A,LINE-02,2026-01-05 13:05:00,IN_PRODUCTION
SN-00000064,EXEC-000021,WO-20260105-000021,5000000021,GIS-420-5000,GIS Bay 420 kV / 5000 A,LINE-03,2026-01-05 13:25:00,IN_PRODUCTION
SN-00000065,EXEC-000022,WO-20260105-000022,5000000022,GIS-072-3150,GIS Bay 72.5 kV / 3150 A,LINE-04,2026-01-05 13:45:00,IN_PRODUCTION
SN-00000066,EXEC-000022,WO-20260105-000022,5000000022,GIS-072-3150,GIS Bay 72.5 kV / 3150 A,LINE-04,2026-01-05 13:45:00,IN_PRODUCTION
SN-00000067,EXEC-000022,WO-20260105-000022,5000000022,GIS-072-3150,GIS Bay 72.5 kV / 3150 A,LINE-04,2026-01-05 13:45:00,IN_PRODUCTION
SN-00000068,EXEC-000022,WO-20260105-000022,5000000022,GIS-072-3150,GIS Bay 72.5 kV / 3150 A,LINE-04,2026-01-05 13:45:00,IN_PRODUCTION
SN-00000069,EXEC-000022,WO-20260105-000022,5000000022,GIS-072-3150,GIS Bay 72.5 kV / 3150 A,LINE-04,2026-01-05 13:45:00,IN_PRODUCTION
SN-00000070,EXEC-000023,WO-20260105-000023,5000000023,GIS-145-4000,GIS Bay 145 kV / 4000 A,LINE-05,2026-01-05 14:05:00,IN_PRODUCTION
SN-00000071,EXEC-000023,WO-20260105-000023,5000000023,GIS-145-4000,GIS Bay 145 kV / 4000 A,LINE-05,2026-01-05 14:05:00,IN_PRODUCTION
SN-00000072,EXEC-000023,WO-20260105-000023,5000000023,GIS-145-4000,GIS Bay 145 kV / 4000 A,LINE-05,2026-01-05 14:05:00,IN_PRODUCTION
SN-00000073,EXEC-000024,WO-20260106-000024,5000000024,GIS-245-3150,GIS Bay 245 kV / 3150 A,LINE-06,2026-01-06 06:45:00,IN_PRODUCTION
SN-00000074,EXEC-000025,WO-20260106-000025,5000000025,GIS-300-4000,GIS Bay 300 kV / 4000 A,LINE-01,2026-01-06 07:05:00,IN_PRODUCTION
SN-00000075,EXEC-000026,WO-20260106-000026,5000000026,GIS-072-2500,GIS Bay 72.5 kV / 2500 A,LINE-02,2026-01-06 07:25:00,IN_PRODUCTION
SN-00000076,EXEC-000026,WO-20260106-000026,5000000026,GIS-072-2500,GIS Bay 72.5 kV / 2500 A,LINE-02,2026-01-06 07:25:00,IN_PRODUCTION
SN-00000077,EXEC-000026,WO-20260106-000026,5000000026,GIS-072-2500,GIS Bay 72.5 kV / 2500 A,LINE-02,2026-01-06 07:25:00,IN_PRODUCTION
SN-00000078,EXEC-000026,WO-20260106-000026,5000000026,GIS-072-2500,GIS Bay 72.5 kV / 2500 A,LINE-02,2026-01-06 07:25:00,IN_PRODUCTION
SN-00000079,EXEC-000027,WO-20260106-000027,5000000027,GIS-072-2500,GIS Bay 72.5 kV / 2500 A,LINE-03,2026-01-06 07:45:00,IN_PRODUCTION
SN-00000080,EXEC-000027,WO-20260106-000027,5000000027,GIS-072-2500,GIS Bay 72.5 kV / 2500 A,LINE-03,2026-01-06 07:45:00,IN_PRODUCTION
SN-00000081,EXEC-000027,WO-20260106-000027,5000000027,GIS-072-2500,GIS Bay 72.5 kV / 2500 A,LINE-03,2026-01-06 07:45:00,IN_PRODUCTION
SN-00000082,EXEC-000027,WO-20260106-000027,5000000027,GIS-072-2500,GIS Bay 72.5 kV / 2500 A,LINE-03,2026-01-06 07:45:00,IN_PRODUCTION
SN-00000083,EXEC-000027,WO-20260106-000027,5000000027,GIS-072-2500,GIS Bay 72.5 kV / 2500 A,LINE-03,2026-01-06 07:45:00,IN_PRODUCTION
SN-00000084,EXEC-000028,WO-20260106-000028,5000000028,GIS-145-3150,GIS Bay 145 kV / 3150 A,LINE-04,2026-01-06 08:05:00,IN_PRODUCTION
SN-00000085,EXEC-000028,WO-20260106-000028,5000000028,GIS-145-3150,GIS Bay 145 kV / 3150 A,LINE-04,2026-01-06 08:05:00,IN_PRODUCTION
SN-00000086,EXEC-000028,WO-20260106-000028,5000000028,GIS-145-3150,GIS Bay 145 kV / 3150 A,LINE-04,2026-01-06 08:05:00,IN_PRODUCTION
SN-00000087,EXEC-000028,WO-20260106-000028,5000000028,GIS-145-3150,GIS Bay 145 kV / 3150 A,LINE-04,2026-01-06 08:05:00,IN_PRODUCTION
SN-00000088,EXEC-000029,WO-20260106-000029,5000000029,GIS-420-4000,GIS Bay 420 kV / 4000 A,LINE-05,2026-01-06 08:25:00,IN_PRODUCTION
SN-00000089,EXEC-000029,WO-20260106-000029,5000000029,GIS-420-4000,GIS Bay 420 kV / 4000 A,LINE-05,2026-01-06 08:25:00,IN_PRODUCTION
SN-00000090,EXEC-000030,WO-20260106-000030,5000000030,GIS-072-2500,GIS Bay 72.5 kV / 2500 A,LINE-06,2026-01-06 08:45:00,IN_PRODUCTION
SN-00000091,EXEC-000030,WO-20260106-000030,5000000030,GIS-072-2500,GIS Bay 72.5 kV / 2500 A,LINE-06,2026-01-06 08:45:00,IN_PRODUCTION
SN-00000092,EXEC-000030,WO-20260106-000030,5000000030,GIS-072-2500,GIS Bay 72.5 kV / 2500 A,LINE-06,2026-01-06 08:45:00,IN_PRODUCTION
SN-00000093,EXEC-000030,WO-20260106-000030,5000000030,GIS-072-2500,GIS Bay 72.5 kV / 2500 A,LINE-06,2026-01-06 08:45:00,IN_PRODUCTION
SN-00000094,EXEC-000030,WO-20260106-000030,5000000030,GIS-072-2500,GIS Bay 72.5 kV / 2500 A,LINE-06,2026-01-06 08:45:00,IN_PRODUCTION
SN-00000095,EXEC-000031,WO-20260106-000031,5000000031,GIS-072-3150,GIS Bay 72.5 kV / 3150 A,LINE-01,2026-01-06 09:05:00,IN_PRODUCTION
SN-00000096,EXEC-000031,WO-20260106-000031,5000000031,GIS-072-3150,GIS Bay 72.5 kV / 3150 A,LINE-01,2026-01-06 09:05:00,IN_PRODUCTION
SN-00000097,EXEC-000031,WO-20260106-000031,5000000031,GIS-072-3150,GIS Bay 72.5 kV / 3150 A,LINE-01,2026-01-06 09:05:00,IN_PRODUCTION
SN-00000098,EXEC-000031,WO-20260106-000031,5000000031,GIS-072-3150,GIS Bay 72.5 kV / 3150 A,LINE-01,2026-01-06 09:05:00,IN_PRODUCTION
SN-00000099,EXEC-000031,WO-20260106-000031,5000000031,GIS-072-3150,GIS Bay 72.5 kV / 3150 A,LINE-01,2026-01-06 09:05:00,IN_PRODUCTION
SN-00000100,EXEC-000032,WO-20260106-000032,5000000032,GIS-170-4000,GIS Bay 170 kV / 4000 A,LINE-02,2026-01-06 09:25:00,IN_PRODUCTION
SN-00000101,EXEC-000032,WO-20260106-000032,5000000032,GIS-170-4000,GIS Bay 170 kV / 4000 A,LINE-02,2026-01-06 09:25:00,IN_PRODUCTION
SN-00000102,EXEC-000032,WO-20260106-000032,5000000032,GIS-170-4000,GIS Bay 170 kV / 4000 A,LINE-02,2026-01-06 09:25:00,IN_PRODUCTION
SN-00000103,EXEC-000033,WO-20260106-000033,5000000033,GIS-800-5000,GIS Bay 800 kV / 5000 A,LINE-03,2026-01-06 09:45:00,IN_PRODUCTION
SN-00000104,EXEC-000034,WO-20260106-000034,5000000034,GIS-072-2500,GIS Bay 72.5 kV / 2500 A,LINE-04,2026-01-06 10:05:00,IN_PRODUCTION
SN-00000105,EXEC-000034,WO-20260106-000034,5000000034,GIS-072-2500,GIS Bay 72.5 kV / 2500 A,LINE-04,2026-01-06 10:05:00,IN_PRODUCTION
SN-00000106,EXEC-000034,WO-20260106-000034,5000000034,GIS-072-2500,GIS Bay 72.5 kV / 2500 A,LINE-04,2026-01-06 10:05:00,IN_PRODUCTION
SN-00000107,EXEC-000035,WO-20260106-000035,5000000035,GIS-072-3150,GIS Bay 72.5 kV / 3150 A,LINE-05,2026-01-06 10:25:00,IN_PRODUCTION
SN-00000108,EXEC-000035,WO-20260106-000035,5000000035,GIS-072-3150,GIS Bay 72.5 kV / 3150 A,LINE-05,2026-01-06 10:25:00,IN_PRODUCTION
SN-00000109,EXEC-000035,WO-20260106-000035,5000000035,GIS-072-3150,GIS Bay 72.5 kV / 3150 A,LINE-05,2026-01-06 10:25:00,IN_PRODUCTION
SN-00000110,EXEC-000036,WO-20260106-000036,5000000036,GIS-145-3150,GIS Bay 145 kV / 3150 A,LINE-06,2026-01-06 10:45:00,IN_PRODUCTION
SN-00000111,EXEC-000036,WO-20260106-000036,5000000036,GIS-145-3150,GIS Bay 145 kV / 3150 A,LINE-06,2026-01-06 10:45:00,IN_PRODUCTION
SN-00000112,EXEC-000037,WO-20260106-000037,5000000037,GIS-170-4000,GIS Bay 170 kV / 4000 A,LINE-01,2026-01-06 11:05:00,IN_PRODUCTION
SN-00000113,EXEC-000037,WO-20260106-000037,5000000037,GIS-170-4000,GIS Bay 170 kV / 4000 A,LINE-01,2026-01-06 11:05:00,IN_PRODUCTION
SN-00000114,EXEC-000037,WO-20260106-000037,5000000037,GIS-170-4000,GIS Bay 170 kV / 4000 A,LINE-01,2026-01-06 11:05:00,IN_PRODUCTION
SN-00000115,EXEC-000038,WO-20260106-000038,5000000038,GIS-550-5000,GIS Bay 550 kV / 5000 A,LINE-02,2026-01-06 11:25:00,IN_PRODUCTION
SN-00000116,EXEC-000039,WO-20260106-000039,5000000039,GIS-072-2500,GIS Bay 72.5 kV / 2500 A,LINE-03,2026-01-06 11:45:00,IN_PRODUCTION
SN-00000117,EXEC-000039,WO-20260106-000039,5000000039,GIS-072-2500,GIS Bay 72.5 kV / 2500 A,LINE-03,2026-01-06 11:45:00,IN_PRODUCTION
SN-00000118,EXEC-000039,WO-20260106-000039,5000000039,GIS-072-2500,GIS Bay 72.5 kV / 2500 A,LINE-03,2026-01-06 11:45:00,IN_PRODUCTION
SN-00000119,EXEC-000039,WO-20260106-000039,5000000039,GIS-072-2500,GIS Bay 72.5 kV / 2500 A,LINE-03,2026-01-06 11:45:00,IN_PRODUCTION
SN-00000120,EXEC-000039,WO-20260106-000039,5000000039,GIS-072-2500,GIS Bay 72.5 kV / 2500 A,LINE-03,2026-01-06 11:45:00,IN_PRODUCTION
SN-00000121,EXEC-000040,WO-20260106-000040,5000000040,GIS-420-4000,GIS Bay 420 kV / 4000 A,LINE-04,2026-01-06 12:05:00,IN_PRODUCTION
SN-00000122,EXEC-000040,WO-20260106-000040,5000000040,GIS-420-4000,GIS Bay 420 kV / 4000 A,LINE-04,2026-01-06 12:05:00,IN_PRODUCTION
SN-00000123,EXEC-000041,WO-20260106-000041,5000000041,GIS-145-3150,GIS Bay 145 kV / 3150 A,LINE-05,2026-01-06 12:25:00,IN_PRODUCTION
SN-00000124,EXEC-000041,WO-20260106-000041,5000000041,GIS-145-3150,GIS Bay 145 kV / 3150 A,LINE-05,2026-01-06 12:25:00,IN_PRODUCTION
SN-00000125,EXEC-000041,WO-20260106-000041,5000000041,GIS-145-3150,GIS Bay 145 kV / 3150 A,LINE-05,2026-01-06 12:25:00,IN_PRODUCTION
SN-00000126,EXEC-000042,WO-20260106-000042,5000000042,GIS-145-4000,GIS Bay 145 kV / 4000 A,LINE-06,2026-01-06 12:45:00,IN_PRODUCTION
SN-00000127,EXEC-000042,WO-20260106-000042,5000000042,GIS-145-4000,GIS Bay 145 kV / 4000 A,LINE-06,2026-01-06 12:45:00,IN_PRODUCTION
SN-00000128,EXEC-000042,WO-20260106-000042,5000000042,GIS-145-4000,GIS Bay 145 kV / 4000 A,LINE-06,2026-01-06 12:45:00,IN_PRODUCTION
SN-00000129,EXEC-000042,WO-20260106-000042,5000000042,GIS-145-4000,GIS Bay 145 kV / 4000 A,LINE-06,2026-01-06 12:45:00,IN_PRODUCTION
SN-00000130,EXEC-000043,WO-20260106-000043,5000000043,GIS-072-3150,GIS Bay 72.5 kV / 3150 A,LINE-01,2026-01-06 13:05:00,IN_PRODUCTION
SN-00000131,EXEC-000043,WO-20260106-000043,5000000043,GIS-072-3150,GIS Bay 72.5 kV / 3150 A,LINE-01,2026-01-06 13:05:00,IN_PRODUCTION
SN-00000132,EXEC-000043,WO-20260106-000043,5000000043,GIS-072-3150,GIS Bay 72.5 kV / 3150 A,LINE-01,2026-01-06 13:05:00,IN_PRODUCTION
SN-00000133,EXEC-000043,WO-20260106-000043,5000000043,GIS-072-3150,GIS Bay 72.5 kV / 3150 A,LINE-01,2026-01-06 13:05:00,IN_PRODUCTION
SN-00000134,EXEC-000043,WO-20260106-000043,5000000043,GIS-072-3150,GIS Bay 72.5 kV / 3150 A,LINE-01,2026-01-06 13:05:00,IN_PRODUCTION
SN-00000135,EXEC-000044,WO-20260106-000044,5000000044,GIS-145-4000,GIS Bay 145 kV / 4000 A,LINE-02,2026-01-06 13:25:00,IN_PRODUCTION
SN-00000136,EXEC-000044,WO-20260106-000044,5000000044,GIS-145-4000,GIS Bay 145 kV / 4000 A,LINE-02,2026-01-06 13:25:00,IN_PRODUCTION
SN-00000137,EXEC-000045,WO-20260106-000045,5000000045,GIS-072-3150,GIS Bay 72.5 kV / 3150 A,LINE-03,2026-01-06 13:45:00,IN_PRODUCTION
SN-00000138,EXEC-000045,WO-20260106-000045,5000000045,GIS-072-3150,GIS Bay 72.5 kV / 3150 A,LINE-03,2026-01-06 13:45:00,IN_PRODUCTION
SN-00000139,EXEC-000045,WO-20260106-000045,5000000045,GIS-072-3150,GIS Bay 72.5 kV / 3150 A,LINE-03,2026-01-06 13:45:00,IN_PRODUCTION
SN-00000140,EXEC-000045,WO-20260106-000045,5000000045,GIS-072-3150,GIS Bay 72.5 kV / 3150 A,LINE-03,2026-01-06 13:45:00,IN_PRODUCTION
SN-00000141,EXEC-000045,WO-20260106-000045,5000000045,GIS-072-3150,GIS Bay 72.5 kV / 3150 A,LINE-03,2026-01-06 13:45:00,IN_PRODUCTION
SN-00000142,EXEC-000046,WO-20260106-000046,5000000046,GIS-072-3150,GIS Bay 72.5 kV / 3150 A,LINE-04,2026-01-06 14:05:00,IN_PRODUCTION
SN-00000143,EXEC-000046,WO-20260106-000046,5000000046,GIS-072-3150,GIS Bay 72.5 kV / 3150 A,LINE-04,2026-01-06 14:05:00,IN_PRODUCTION
SN-00000144,EXEC-000046,WO-20260106-000046,5000000046,GIS-072-3150,GIS Bay 72.5 kV / 3150 A,LINE-04,2026-01-06 14:05:00,IN_PRODUCTION
SN-00000145,EXEC-000046,WO-20260106-000046,5000000046,GIS-072-3150,GIS Bay 72.5 kV / 3150 A,LINE-04,2026-01-06 14:05:00,IN_PRODUCTION
SN-00000146,EXEC-000047,WO-20260107-000047,5000000047,GIS-420-5000,GIS Bay 420 kV / 5000 A,LINE-05,2026-01-07 06:45:00,IN_PRODUCTION
SN-00000147,EXEC-000048,WO-20260107-000048,5000000048,GIS-145-4000,GIS Bay 145 kV / 4000 A,LINE-06,2026-01-07 07:05:00,IN_PRODUCTION
SN-00000148,EXEC-000048,WO-20260107-000048,5000000048,GIS-145-4000,GIS Bay 145 kV / 4000 A,LINE-06,2026-01-07 07:05:00,IN_PRODUCTION
SN-00000149,EXEC-000049,WO-20260107-000049,5000000049,GIS-420-4000,GIS Bay 420 kV / 4000 A,LINE-01,2026-01-07 07:25:00,IN_PRODUCTION
SN-00000150,EXEC-000049,WO-20260107-000049,5000000049,GIS-420-4000,GIS Bay 420 kV / 4000 A,LINE-01,2026-01-07 07:25:00,IN_PRODUCTION
SN-00000151,EXEC-000050,WO-20260107-000050,5000000050,GIS-072-3150,GIS Bay 72.5 kV / 3150 A,LINE-02,2026-01-07 07:45:00,IN_PRODUCTION
SN-00000152,EXEC-000050,WO-20260107-000050,5000000050,GIS-072-3150,GIS Bay 72.5 kV / 3150 A,LINE-02,2026-01-07 07:45:00,IN_PRODUCTION
SN-00000153,EXEC-000050,WO-20260107-000050,5000000050,GIS-072-3150,GIS Bay 72.5 kV / 3150 A,LINE-02,2026-01-07 07:45:00,IN_PRODUCTION
SN-00000154,EXEC-000050,WO-20260107-000050,5000000050,GIS-072-3150,GIS Bay 72.5 kV / 3150 A,LINE-02,2026-01-07 07:45:00,IN_PRODUCTION
SN-00000155,EXEC-000050,WO-20260107-000050,5000000050,GIS-072-3150,GIS Bay 72.5 kV / 3150 A,LINE-02,2026-01-07 07:45:00,IN_PRODUCTION
SN-00000156,EXEC-000051,WO-20260107-000051,5000000051,GIS-072-2500,GIS Bay 72.5 kV / 2500 A,LINE-03,2026-01-07 08:05:00,IN_PRODUCTION
SN-00000157,EXEC-000051,WO-20260107-000051,5000000051,GIS-072-2500,GIS Bay 72.5 kV / 2500 A,LINE-03,2026-01-07 08:05:00,IN_PRODUCTION
SN-00000158,EXEC-000051,WO-20260107-000051,5000000051,GIS-072-2500,GIS Bay 72.5 kV / 2500 A,LINE-03,2026-01-07 08:05:00,IN_PRODUCTION
SN-00000159,EXEC-000051,WO-20260107-000051,5000000051,GIS-072-2500,GIS Bay 72.5 kV / 2500 A,LINE-03,2026-01-07 08:05:00,IN_PRODUCTION
SN-00000160,EXEC-000052,WO-20260107-000052,5000000052,GIS-550-5000,GIS Bay 550 kV / 5000 A,LINE-04,2026-01-07 08:25:00,IN_PRODUCTION
SN-00000161,EXEC-000053,WO-20260107-000053,5000000053,GIS-072-2500,GIS Bay 72.5 kV / 2500 A,LINE-05,2026-01-07 08:45:00,IN_PRODUCTION
SN-00000162,EXEC-000053,WO-20260107-000053,5000000053,GIS-072-2500,GIS Bay 72.5 kV / 2500 A,LINE-05,2026-01-07 08:45:00,IN_PRODUCTION
SN-00000163,EXEC-000053,WO-20260107-000053,5000000053,GIS-072-2500,GIS Bay 72.5 kV / 2500 A,LINE-05,2026-01-07 08:45:00,IN_PRODUCTION
SN-00000164,EXEC-000053,WO-20260107-000053,5000000053,GIS-072-2500,GIS Bay 72.5 kV / 2500 A,LINE-05,2026-01-07 08:45:00,IN_PRODUCTION
SN-00000165,EXEC-000053,WO-20260107-000053,5000000053,GIS-072-2500,GIS Bay 72.5 kV / 2500 A,LINE-05,2026-01-07 08:45:00,IN_PRODUCTION
SN-00000166,EXEC-000054,WO-20260107-000054,5000000054,GIS-145-4000,GIS Bay 145 kV / 4000 A,LINE-06,2026-01-07 09:05:00,IN_PRODUCTION
SN-00000167,EXEC-000054,WO-20260107-000054,5000000054,GIS-145-4000,GIS Bay 145 kV / 4000 A,LINE-06,2026-01-07 09:05:00,IN_PRODUCTION
SN-00000168,EXEC-000054,WO-20260107-000054,5000000054,GIS-145-4000,GIS Bay 145 kV / 4000 A,LINE-06,2026-01-07 09:05:00,IN_PRODUCTION
SN-00000169,EXEC-000055,WO-20260107-000055,5000000055,GIS-170-4000,GIS Bay 170 kV / 4000 A,LINE-01,2026-01-07 09:25:00,IN_PRODUCTION
SN-00000170,EXEC-000055,WO-20260107-000055,5000000055,GIS-170-4000,GIS Bay 170 kV / 4000 A,LINE-01,2026-01-07 09:25:00,IN_PRODUCTION
SN-00000171,EXEC-000056,WO-20260107-000056,5000000056,GIS-245-4000,GIS Bay 245 kV / 4000 A,LINE-02,2026-01-07 09:45:00,IN_PRODUCTION
SN-00000172,EXEC-000056,WO-20260107-000056,5000000056,GIS-245-4000,GIS Bay 245 kV / 4000 A,LINE-02,2026-01-07 09:45:00,IN_PRODUCTION
SN-00000173,EXEC-000056,WO-20260107-000056,5000000056,GIS-245-4000,GIS Bay 245 kV / 4000 A,LINE-02,2026-01-07 09:45:00,IN_PRODUCTION
SN-00000174,EXEC-000057,WO-20260107-000057,5000000057,GIS-145-3150,GIS Bay 145 kV / 3150 A,LINE-03,2026-01-07 10:05:00,IN_PRODUCTION
SN-00000175,EXEC-000057,WO-20260107-000057,5000000057,GIS-145-3150,GIS Bay 145 kV / 3150 A,LINE-03,2026-01-07 10:05:00,IN_PRODUCTION
SN-00000176,EXEC-000057,WO-20260107-000057,5000000057,GIS-145-3150,GIS Bay 145 kV / 3150 A,LINE-03,2026-01-07 10:05:00,IN_PRODUCTION
SN-00000177,EXEC-000057,WO-20260107-000057,5000000057,GIS-145-3150,GIS Bay 145 kV / 3150 A,LINE-03,2026-01-07 10:05:00,IN_PRODUCTION
SN-00000178,EXEC-000058,WO-20260107-000058,5000000058,GIS-145-3150,GIS Bay 145 kV / 3150 A,LINE-04,2026-01-07 10:25:00,IN_PRODUCTION
SN-00000179,EXEC-000058,WO-20260107-000058,5000000058,GIS-145-3150,GIS Bay 145 kV / 3150 A,LINE-04,2026-01-07 10:25:00,IN_PRODUCTION
SN-00000180,EXEC-000058,WO-20260107-000058,5000000058,GIS-145-3150,GIS Bay 145 kV / 3150 A,LINE-04,2026-01-07 10:25:00,IN_PRODUCTION
SN-00000181,EXEC-000058,WO-20260107-000058,5000000058,GIS-145-3150,GIS Bay 145 kV / 3150 A,LINE-04,2026-01-07 10:25:00,IN_PRODUCTION
SN-00000182,EXEC-000059,WO-20260107-000059,5000000059,GIS-072-3150,GIS Bay 72.5 kV / 3150 A,LINE-05,2026-01-07 10:45:00,IN_PRODUCTION
SN-00000183,EXEC-000059,WO-20260107-000059,5000000059,GIS-072-3150,GIS Bay 72.5 kV / 3150 A,LINE-05,2026-01-07 10:45:00,IN_PRODUCTION
SN-00000184,EXEC-000059,WO-20260107-000059,5000000059,GIS-072-3150,GIS Bay 72.5 kV / 3150 A,LINE-05,2026-01-07 10:45:00,IN_PRODUCTION
SN-00000185,EXEC-000060,WO-20260107-000060,5000000060,GIS-170-4000,GIS Bay 170 kV / 4000 A,LINE-06,2026-01-07 11:05:00,IN_PRODUCTION
SN-00000186,EXEC-000060,WO-20260107-000060,5000000060,GIS-170-4000,GIS Bay 170 kV / 4000 A,LINE-06,2026-01-07 11:05:00,IN_PRODUCTION
SN-00000187,EXEC-000061,WO-20260107-000061,5000000061,GIS-072-2500,GIS Bay 72.5 kV / 2500 A,LINE-01,2026-01-07 11:25:00,IN_PRODUCTION
SN-00000188,EXEC-000061,WO-20260107-000061,5000000061,GIS-072-2500,GIS Bay 72.5 kV / 2500 A,LINE-01,2026-01-07 11:25:00,IN_PRODUCTION
SN-00000189,EXEC-000061,WO-20260107-000061,5000000061,GIS-072-2500,GIS Bay 72.5 kV / 2500 A,LINE-01,2026-01-07 11:25:00,IN_PRODUCTION
SN-00000190,EXEC-000061,WO-20260107-000061,5000000061,GIS-072-2500,GIS Bay 72.5 kV / 2500 A,LINE-01,2026-01-07 11:25:00,IN_PRODUCTION
SN-00000191,EXEC-000061,WO-20260107-000061,5000000061,GIS-072-2500,GIS Bay 72.5 kV / 2500 A,LINE-01,2026-01-07 11:25:00,IN_PRODUCTION
SN-00000192,EXEC-000062,WO-20260107-000062,5000000062,GIS-072-3150,GIS Bay 72.5 kV / 3150 A,LINE-02,2026-01-07 11:45:00,IN_PRODUCTION
SN-00000193,EXEC-000062,WO-20260107-000062,5000000062,GIS-072-3150,GIS Bay 72.5 kV / 3150 A,LINE-02,2026-01-07 11:45:00,IN_PRODUCTION
SN-00000194,EXEC-000062,WO-20260107-000062,5000000062,GIS-072-3150,GIS Bay 72.5 kV / 3150 A,LINE-02,2026-01-07 11:45:00,IN_PRODUCTION
SN-00000195,EXEC-000063,WO-20260107-000063,5000000063,GIS-072-2500,GIS Bay 72.5 kV / 2500 A,LINE-03,2026-01-07 12:05:00,IN_PRODUCTION
SN-00000196,EXEC-000063,WO-20260107-000063,5000000063,GIS-072-2500,GIS Bay 72.5 kV / 2500 A,LINE-03,2026-01-07 12:05:00,IN_PRODUCTION
SN-00000197,EXEC-000063,WO-20260107-000063,5000000063,GIS-072-2500,GIS Bay 72.5 kV / 2500 A,LINE-03,2026-01-07 12:05:00,IN_PRODUCTION
SN-00000198,EXEC-000064,WO-20260107-000064,5000000064,GIS-145-4000,GIS Bay 145 kV / 4000 A,LINE-04,2026-01-07 12:25:00,IN_PRODUCTION
SN-00000199,EXEC-000064,WO-20260107-000064,5000000064,GIS-145-4000,GIS Bay 145 kV / 4000 A,LINE-04,2026-01-07 12:25:00,IN_PRODUCTION
SN-00000200,EXEC-000064,WO-20260107-000064,5000000064,GIS-145-4000,GIS Bay 145 kV / 4000 A,LINE-04,2026-01-07 12:25:00,IN_PRODUCTION
SN-00000201,EXEC-000064,WO-20260107-000064,5000000064,GIS-145-4000,GIS Bay 145 kV / 4000 A,LINE-04,2026-01-07 12:25:00,IN_PRODUCTION
SN-00000202,EXEC-000065,WO-20260107-000065,5000000065,GIS-420-5000,GIS Bay 420 kV / 5000 A,LINE-05,2026-01-07 12:45:00,IN_PRODUCTION
SN-00000203,EXEC-000065,WO-20260107-000065,5000000065,GIS-420-5000,GIS Bay 420 kV / 5000 A,LINE-05,2026-01-07 12:45:00,IN_PRODUCTION
SN-00000204,EXEC-000066,WO-20260107-000066,5000000066,GIS-145-4000,GIS Bay 145 kV / 4000 A,LINE-06,2026-01-07 13:05:00,IN_PRODUCTION
SN-00000205,EXEC-000066,WO-20260107-000066,5000000066,GIS-145-4000,GIS Bay 145 kV / 4000 A,LINE-06,2026-01-07 13:05:00,IN_PRODUCTION
SN-00000206,EXEC-000066,WO-20260107-000066,5000000066,GIS-145-4000,GIS Bay 145 kV / 4000 A,LINE-06,2026-01-07 13:05:00,IN_PRODUCTION
SN-00000207,EXEC-000067,WO-20260107-000067,5000000067,GIS-072-2500,GIS Bay 72.5 kV / 2500 A,LINE-01,2026-01-07 13:25:00,IN_PRODUCTION
SN-00000208,EXEC-000067,WO-20260107-000067,5000000067,GIS-072-2500,GIS Bay 72.5 kV / 2500 A,LINE-01,2026-01-07 13:25:00,IN_PRODUCTION
SN-00000209,EXEC-000067,WO-20260107-000067,5000000067,GIS-072-2500,GIS Bay 72.5 kV / 2500 A,LINE-01,2026-01-07 13:25:00,IN_PRODUCTION
SN-00000210,EXEC-000067,WO-20260107-000067,5000000067,GIS-072-2500,GIS Bay 72.5 kV / 2500 A,LINE-01,2026-01-07 13:25:00,IN_PRODUCTION
SN-00000211,EXEC-000068,WO-20260107-000068,5000000068,GIS-145-3150,GIS Bay 145 kV / 3150 A,LINE-02,2026-01-07 13:45:00,IN_PRODUCTION
SN-00000212,EXEC-000068,WO-20260107-000068,5000000068,GIS-145-3150,GIS Bay 145 kV / 3150 A,LINE-02,2026-01-07 13:45:00,IN_PRODUCTION
SN-00000213,EXEC-000068,WO-20260107-000068,5000000068,GIS-145-3150,GIS Bay 145 kV / 3150 A,LINE-02,2026-01-07 13:45:00,IN_PRODUCTION
SN-00000214,EXEC-000068,WO-20260107-000068,5000000068,GIS-145-3150,GIS Bay 145 kV / 3150 A,LINE-02,2026-01-07 13:45:00,IN_PRODUCTION
SN-00000215,EXEC-000069,WO-20260108-000069,5000000069,GIS-550-5000,GIS Bay 550 kV / 5000 A,LINE-03,2026-01-08 06:45:00,IN_PRODUCTION
SN-00000216,EXEC-000070,WO-20260108-000070,5000000070,GIS-145-3150,GIS Bay 145 kV / 3150 A,LINE-04,2026-01-08 07:05:00,IN_PRODUCTION
SN-00000217,EXEC-000070,WO-20260108-000070,5000000070,GIS-145-3150,GIS Bay 145 kV / 3150 A,LINE-04,2026-01-08 07:05:00,IN_PRODUCTION
SN-00000218,EXEC-000070,WO-20260108-000070,5000000070,GIS-145-3150,GIS Bay 145 kV / 3150 A,LINE-04,2026-01-08 07:05:00,IN_PRODUCTION
SN-00000219,EXEC-000071,WO-20260108-000071,5000000071,GIS-072-2500,GIS Bay 72.5 kV / 2500 A,LINE-05,2026-01-08 07:25:00,IN_PRODUCTION
SN-00000220,EXEC-000071,WO-20260108-000071,5000000071,GIS-072-2500,GIS Bay 72.5 kV / 2500 A,LINE-05,2026-01-08 07:25:00,IN_PRODUCTION
SN-00000221,EXEC-000071,WO-20260108-000071,5000000071,GIS-072-2500,GIS Bay 72.5 kV / 2500 A,LINE-05,2026-01-08 07:25:00,IN_PRODUCTION
SN-00000222,EXEC-000072,WO-20260108-000072,5000000072,GIS-145-3150,GIS Bay 145 kV / 3150 A,LINE-06,2026-01-08 07:45:00,IN_PRODUCTION
SN-00000223,EXEC-000072,WO-20260108-000072,5000000072,GIS-145-3150,GIS Bay 145 kV / 3150 A,LINE-06,2026-01-08 07:45:00,IN_PRODUCTION
SN-00000224,EXEC-000072,WO-20260108-000072,5000000072,GIS-145-3150,GIS Bay 145 kV / 3150 A,LINE-06,2026-01-08 07:45:00,IN_PRODUCTION
SN-00000225,EXEC-000073,WO-20260108-000073,5000000073,GIS-145-4000,GIS Bay 145 kV / 4000 A,LINE-01,2026-01-08 08:05:00,IN_PRODUCTION
SN-00000226,EXEC-000073,WO-20260108-000073,5000000073,GIS-145-4000,GIS Bay 145 kV / 4000 A,LINE-01,2026-01-08 08:05:00,IN_PRODUCTION
SN-00000227,EXEC-000074,WO-20260108-000074,5000000074,GIS-300-4000,GIS Bay 300 kV / 4000 A,LINE-02,2026-01-08 08:25:00,IN_PRODUCTION
SN-00000228,EXEC-000075,WO-20260108-000075,5000000075,GIS-800-5000,GIS Bay 800 kV / 5000 A,LINE-03,2026-01-08 08:45:00,IN_PRODUCTION
SN-00000229,EXEC-000076,WO-20260108-000076,5000000076,GIS-550-5000,GIS Bay 550 kV / 5000 A,LINE-04,2026-01-08 09:05:00,IN_PRODUCTION
SN-00000230,EXEC-000077,WO-20260108-000077,5000000077,GIS-300-4000,GIS Bay 300 kV / 4000 A,LINE-05,2026-01-08 09:25:00,IN_PRODUCTION
SN-00000231,EXEC-000078,WO-20260108-000078,5000000078,GIS-145-4000,GIS Bay 145 kV / 4000 A,LINE-06,2026-01-08 09:45:00,IN_PRODUCTION
SN-00000232,EXEC-000078,WO-20260108-000078,5000000078,GIS-145-4000,GIS Bay 145 kV / 4000 A,LINE-06,2026-01-08 09:45:00,IN_PRODUCTION
SN-00000233,EXEC-000078,WO-20260108-000078,5000000078,GIS-145-4000,GIS Bay 145 kV / 4000 A,LINE-06,2026-01-08 09:45:00,IN_PRODUCTION
SN-00000234,EXEC-000079,WO-20260108-000079,5000000079,GIS-072-3150,GIS Bay 72.5 kV / 3150 A,LINE-01,2026-01-08 10:05:00,IN_PRODUCTION
SN-00000235,EXEC-000079,WO-20260108-000079,5000000079,GIS-072-3150,GIS Bay 72.5 kV / 3150 A,LINE-01,2026-01-08 10:05:00,IN_PRODUCTION
SN-00000236,EXEC-000079,WO-20260108-000079,5000000079,GIS-072-3150,GIS Bay 72.5 kV / 3150 A,LINE-01,2026-01-08 10:05:00,IN_PRODUCTION
SN-00000237,EXEC-000080,WO-20260108-000080,5000000080,GIS-072-3150,GIS Bay 72.5 kV / 3150 A,LINE-02,2026-01-08 10:25:00,IN_PRODUCTION
SN-00000238,EXEC-000080,WO-20260108-000080,5000000080,GIS-072-3150,GIS Bay 72.5 kV / 3150 A,LINE-02,2026-01-08 10:25:00,IN_PRODUCTION
SN-00000239,EXEC-000080,WO-20260108-000080,5000000080,GIS-072-3150,GIS Bay 72.5 kV / 3150 A,LINE-02,2026-01-08 10:25:00,IN_PRODUCTION
SN-00000240,EXEC-000080,WO-20260108-000080,5000000080,GIS-072-3150,GIS Bay 72.5 kV / 3150 A,LINE-02,2026-01-08 10:25:00,IN_PRODUCTION
SN-00000241,EXEC-000081,WO-20260108-000081,5000000081,GIS-245-3150,GIS Bay 245 kV / 3150 A,LINE-03,2026-01-08 10:45:00,IN_PRODUCTION
SN-00000242,EXEC-000081,WO-20260108-000081,5000000081,GIS-245-3150,GIS Bay 245 kV / 3150 A,LINE-03,2026-01-08 10:45:00,IN_PRODUCTION
SN-00000243,EXEC-000081,WO-20260108-000081,5000000081,GIS-245-3150,GIS Bay 245 kV / 3150 A,LINE-03,2026-01-08 10:45:00,IN_PRODUCTION
SN-00000244,EXEC-000082,WO-20260108-000082,5000000082,GIS-170-4000,GIS Bay 170 kV / 4000 A,LINE-04,2026-01-08 11:05:00,IN_PRODUCTION
SN-00000245,EXEC-000082,WO-20260108-000082,5000000082,GIS-170-4000,GIS Bay 170 kV / 4000 A,LINE-04,2026-01-08 11:05:00,IN_PRODUCTION
SN-00000246,EXEC-000082,WO-20260108-000082,5000000082,GIS-170-4000,GIS Bay 170 kV / 4000 A,LINE-04,2026-01-08 11:05:00,IN_PRODUCTION
SN-00000247,EXEC-000083,WO-20260108-000083,5000000083,GIS-072-3150,GIS Bay 72.5 kV / 3150 A,LINE-05,2026-01-08 11:25:00,IN_PRODUCTION
SN-00000248,EXEC-000083,WO-20260108-000083,5000000083,GIS-072-3150,GIS Bay 72.5 kV / 3150 A,LINE-05,2026-01-08 11:25:00,IN_PRODUCTION
SN-00000249,EXEC-000083,WO-20260108-000083,5000000083,GIS-072-3150,GIS Bay 72.5 kV / 3150 A,LINE-05,2026-01-08 11:25:00,IN_PRODUCTION
SN-00000250,EXEC-000084,WO-20260108-000084,5000000084,GIS-145-4000,GIS Bay 145 kV / 4000 A,LINE-06,2026-01-08 11:45:00,IN_PRODUCTION
SN-00000251,EXEC-000084,WO-20260108-000084,5000000084,GIS-145-4000,GIS Bay 145 kV / 4000 A,LINE-06,2026-01-08 11:45:00,IN_PRODUCTION
SN-00000252,EXEC-000084,WO-20260108-000084,5000000084,GIS-145-4000,GIS Bay 145 kV / 4000 A,LINE-06,2026-01-08 11:45:00,IN_PRODUCTION
SN-00000253,EXEC-000084,WO-20260108-000084,5000000084,GIS-145-4000,GIS Bay 145 kV / 4000 A,LINE-06,2026-01-08 11:45:00,IN_PRODUCTION
SN-00000254,EXEC-000085,WO-20260108-000085,5000000085,GIS-072-2500,GIS Bay 72.5 kV / 2500 A,LINE-01,2026-01-08 12:05:00,IN_PRODUCTION
SN-00000255,EXEC-000085,WO-20260108-000085,5000000085,GIS-072-2500,GIS Bay 72.5 kV / 2500 A,LINE-01,2026-01-08 12:05:00,IN_PRODUCTION
SN-00000256,EXEC-000085,WO-20260108-000085,5000000085,GIS-072-2500,GIS Bay 72.5 kV / 2500 A,LINE-01,2026-01-08 12:05:00,IN_PRODUCTION
SN-00000257,EXEC-000085,WO-20260108-000085,5000000085,GIS-072-2500,GIS Bay 72.5 kV / 2500 A,LINE-01,2026-01-08 12:05:00,IN_PRODUCTION
SN-00000258,EXEC-000086,WO-20260108-000086,5000000086,GIS-300-4000,GIS Bay 300 kV / 4000 A,LINE-02,2026-01-08 12:25:00,IN_PRODUCTION
SN-00000259,EXEC-000087,WO-20260108-000087,5000000087,GIS-145-4000,GIS Bay 145 kV / 4000 A,LINE-03,2026-01-08 12:45:00,IN_PRODUCTION
SN-00000260,EXEC-000087,WO-20260108-000087,5000000087,GIS-145-4000,GIS Bay 145 kV / 4000 A,LINE-03,2026-01-08 12:45:00,IN_PRODUCTION
SN-00000261,EXEC-000088,WO-20260108-000088,5000000088,GIS-072-2500,GIS Bay 72.5 kV / 2500 A,LINE-04,2026-01-08 13:05:00,IN_PRODUCTION
SN-00000262,EXEC-000088,WO-20260108-000088,5000000088,GIS-072-2500,GIS Bay 72.5 kV / 2500 A,LINE-04,2026-01-08 13:05:00,IN_PRODUCTION
SN-00000263,EXEC-000088,WO-20260108-000088,5000000088,GIS-072-2500,GIS Bay 72.5 kV / 2500 A,LINE-04,2026-01-08 13:05:00,IN_PRODUCTION
SN-00000264,EXEC-000089,WO-20260108-000089,5000000089,GIS-420-5000,GIS Bay 420 kV / 5000 A,LINE-05,2026-01-08 13:25:00,IN_PRODUCTION
SN-00000265,EXEC-000090,WO-20260108-000090,5000000090,GIS-072-2500,GIS Bay 72.5 kV / 2500 A,LINE-06,2026-01-08 13:45:00,IN_PRODUCTION
SN-00000266,EXEC-000090,WO-20260108-000090,5000000090,GIS-072-2500,GIS Bay 72.5 kV / 2500 A,LINE-06,2026-01-08 13:45:00,IN_PRODUCTION
SN-00000267,EXEC-000090,WO-20260108-000090,5000000090,GIS-072-2500,GIS Bay 72.5 kV / 2500 A,LINE-06,2026-01-08 13:45:00,IN_PRODUCTION
SN-00000268,EXEC-000091,WO-20260108-000091,5000000091,GIS-170-4000,GIS Bay 170 kV / 4000 A,LINE-01,2026-01-08 14:05:00,IN_PRODUCTION
SN-00000269,EXEC-000091,WO-20260108-000091,5000000091,GIS-170-4000,GIS Bay 170 kV / 4000 A,LINE-01,2026-01-08 14:05:00,IN_PRODUCTION
SN-00000270,EXEC-000091,WO-20260108-000091,5000000091,GIS-170-4000,GIS Bay 170 kV / 4000 A,LINE-01,2026-01-08 14:05:00,IN_PRODUCTION
SN-00000271,EXEC-000092,WO-20260109-000092,5000000092,GIS-245-3150,GIS Bay 245 kV / 3150 A,LINE-02,2026-01-09 06:45:00,IN_PRODUCTION
SN-00000272,EXEC-000092,WO-20260109-000092,5000000092,GIS-245-3150,GIS Bay 245 kV / 3150 A,LINE-02,2026-01-09 06:45:00,IN_PRODUCTION
SN-00000273,EXEC-000093,WO-20260109-000093,5000000093,GIS-145-3150,GIS Bay 145 kV / 3150 A,LINE-03,2026-01-09 07:05:00,IN_PRODUCTION
SN-00000274,EXEC-000093,WO-20260109-000093,5000000093,GIS-145-3150,GIS Bay 145 kV / 3150 A,LINE-03,2026-01-09 07:05:00,IN_PRODUCTION
SN-00000275,EXEC-000093,WO-20260109-000093,5000000093,GIS-145-3150,GIS Bay 145 kV / 3150 A,LINE-03,2026-01-09 07:05:00,IN_PRODUCTION
SN-00000276,EXEC-000093,WO-20260109-000093,5000000093,GIS-145-3150,GIS Bay 145 kV / 3150 A,LINE-03,2026-01-09 07:05:00,IN_PRODUCTION
SN-00000277,EXEC-000094,WO-20260109-000094,5000000094,GIS-145-4000,GIS Bay 145 kV / 4000 A,LINE-04,2026-01-09 07:25:00,IN_PRODUCTION
SN-00000278,EXEC-000094,WO-20260109-000094,5000000094,GIS-145-4000,GIS Bay 145 kV / 4000 A,LINE-04,2026-01-09 07:25:00,IN_PRODUCTION
SN-00000279,EXEC-000095,WO-20260109-000095,5000000095,GIS-170-4000,GIS Bay 170 kV / 4000 A,LINE-05,2026-01-09 07:45:00,IN_PRODUCTION
SN-00000280,EXEC-000095,WO-20260109-000095,5000000095,GIS-170-4000,GIS Bay 170 kV / 4000 A,LINE-05,2026-01-09 07:45:00,IN_PRODUCTION
SN-00000281,EXEC-000096,WO-20260109-000096,5000000096,GIS-072-3150,GIS Bay 72.5 kV / 3150 A,LINE-06,2026-01-09 08:05:00,IN_PRODUCTION
SN-00000282,EXEC-000096,WO-20260109-000096,5000000096,GIS-072-3150,GIS Bay 72.5 kV / 3150 A,LINE-06,2026-01-09 08:05:00,IN_PRODUCTION
SN-00000283,EXEC-000096,WO-20260109-000096,5000000096,GIS-072-3150,GIS Bay 72.5 kV / 3150 A,LINE-06,2026-01-09 08:05:00,IN_PRODUCTION
SN-00000284,EXEC-000096,WO-20260109-000096,5000000096,GIS-072-3150,GIS Bay 72.5 kV / 3150 A,LINE-06,2026-01-09 08:05:00,IN_PRODUCTION
SN-00000285,EXEC-000097,WO-20260109-000097,5000000097,GIS-145-3150,GIS Bay 145 kV / 3150 A,LINE-01,2026-01-09 08:25:00,IN_PRODUCTION
SN-00000286,EXEC-000097,WO-20260109-000097,5000000097,GIS-145-3150,GIS Bay 145 kV / 3150 A,LINE-01,2026-01-09 08:25:00,IN_PRODUCTION
SN-00000287,EXEC-000098,WO-20260109-000098,5000000098,GIS-145-3150,GIS Bay 145 kV / 3150 A,LINE-02,2026-01-09 08:45:00,IN_PRODUCTION
SN-00000288,EXEC-000098,WO-20260109-000098,5000000098,GIS-145-3150,GIS Bay 145 kV / 3150 A,LINE-02,2026-01-09 08:45:00,IN_PRODUCTION
SN-00000289,EXEC-000099,WO-20260109-000099,5000000099,GIS-145-4000,GIS Bay 145 kV / 4000 A,LINE-03,2026-01-09 09:05:00,IN_PRODUCTION
SN-00000290,EXEC-000099,WO-20260109-000099,5000000099,GIS-145-4000,GIS Bay 145 kV / 4000 A,LINE-03,2026-01-09 09:05:00,IN_PRODUCTION
SN-00000291,EXEC-000099,WO-20260109-000099,5000000099,GIS-145-4000,GIS Bay 145 kV / 4000 A,LINE-03,2026-01-09 09:05:00,IN_PRODUCTION
SN-00000292,EXEC-000100,WO-20260109-000100,5000000100,GIS-550-5000,GIS Bay 550 kV / 5000 A,LINE-04,2026-01-09 09:25:00,IN_PRODUCTION
SN-00000293,EXEC-000101,WO-20260109-000101,5000000101,GIS-072-2500,GIS Bay 72.5 kV / 2500 A,LINE-05,2026-01-09 09:45:00,IN_PRODUCTION
SN-00000294,EXEC-000101,WO-20260109-000101,5000000101,GIS-072-2500,GIS Bay 72.5 kV / 2500 A,LINE-05,2026-01-09 09:45:00,IN_PRODUCTION
SN-00000295,EXEC-000101,WO-20260109-000101,5000000101,GIS-072-2500,GIS Bay 72.5 kV / 2500 A,LINE-05,2026-01-09 09:45:00,IN_PRODUCTION
SN-00000296,EXEC-000101,WO-20260109-000101,5000000101,GIS-072-2500,GIS Bay 72.5 kV / 2500 A,LINE-05,2026-01-09 09:45:00,IN_PRODUCTION
SN-00000297,EXEC-000101,WO-20260109-000101,5000000101,GIS-072-2500,GIS Bay 72.5 kV / 2500 A,LINE-05,2026-01-09 09:45:00,IN_PRODUCTION
SN-00000298,EXEC-000102,WO-20260109-000102,5000000102,GIS-245-3150,GIS Bay 245 kV / 3150 A,LINE-06,2026-01-09 10:05:00,IN_PRODUCTION
SN-00000299,EXEC-000103,WO-20260109-000103,5000000103,GIS-420-4000,GIS Bay 420 kV / 4000 A,LINE-01,2026-01-09 10:25:00,IN_PRODUCTION
SN-00000300,EXEC-000104,WO-20260109-000104,5000000104,GIS-170-4000,GIS Bay 170 kV / 4000 A,LINE-02,2026-01-09 10:45:00,IN_PRODUCTION
SN-00000301,EXEC-000104,WO-20260109-000104,5000000104,GIS-170-4000,GIS Bay 170 kV / 4000 A,LINE-02,2026-01-09 10:45:00,IN_PRODUCTION
SN-00000302,EXEC-000104,WO-20260109-000104,5000000104,GIS-170-4000,GIS Bay 170 kV / 4000 A,LINE-02,2026-01-09 10:45:00,IN_PRODUCTION
SN-00000303,EXEC-000105,WO-20260109-000105,5000000105,GIS-245-3150,GIS Bay 245 kV / 3150 A,LINE-03,2026-01-09 11:05:00,IN_PRODUCTION
SN-00000304,EXEC-000105,WO-20260109-000105,5000000105,GIS-245-3150,GIS Bay 245 kV / 3150 A,LINE-03,2026-01-09 11:05:00,IN_PRODUCTION
SN-00000305,EXEC-000106,WO-20260109-000106,5000000106,GIS-072-3150,GIS Bay 72.5 kV / 3150 A,LINE-04,2026-01-09 11:25:00,IN_PRODUCTION
SN-00000306,EXEC-000106,WO-20260109-000106,5000000106,GIS-072-3150,GIS Bay 72.5 kV / 3150 A,LINE-04,2026-01-09 11:25:00,IN_PRODUCTION
SN-00000307,EXEC-000106,WO-20260109-000106,5000000106,GIS-072-3150,GIS Bay 72.5 kV / 3150 A,LINE-04,2026-01-09 11:25:00,IN_PRODUCTION
SN-00000308,EXEC-000107,WO-20260109-000107,5000000107,GIS-145-3150,GIS Bay 145 kV / 3150 A,LINE-05,2026-01-09 11:45:00,IN_PRODUCTION
SN-00000309,EXEC-000107,WO-20260109-000107,5000000107,GIS-145-3150,GIS Bay 145 kV / 3150 A,LINE-05,2026-01-09 11:45:00,IN_PRODUCTION
SN-00000310,EXEC-000107,WO-20260109-000107,5000000107,GIS-145-3150,GIS Bay 145 kV / 3150 A,LINE-05,2026-01-09 11:45:00,IN_PRODUCTION
SN-00000311,EXEC-000108,WO-20260109-000108,5000000108,GIS-145-3150,GIS Bay 145 kV / 3150 A,LINE-06,2026-01-09 12:05:00,IN_PRODUCTION
SN-00000312,EXEC-000108,WO-20260109-000108,5000000108,GIS-145-3150,GIS Bay 145 kV / 3150 A,LINE-06,2026-01-09 12:05:00,IN_PRODUCTION
SN-00000313,EXEC-000109,WO-20260109-000109,5000000109,GIS-072-3150,GIS Bay 72.5 kV / 3150 A,LINE-01,2026-01-09 12:25:00,IN_PRODUCTION
SN-00000314,EXEC-000109,WO-20260109-000109,5000000109,GIS-072-3150,GIS Bay 72.5 kV / 3150 A,LINE-01,2026-01-09 12:25:00,IN_PRODUCTION
SN-00000315,EXEC-000109,WO-20260109-000109,5000000109,GIS-072-3150,GIS Bay 72.5 kV / 3150 A,LINE-01,2026-01-09 12:25:00,IN_PRODUCTION
SN-00000316,EXEC-000109,WO-20260109-000109,5000000109,GIS-072-3150,GIS Bay 72.5 kV / 3150 A,LINE-01,2026-01-09 12:25:00,IN_PRODUCTION
SN-00000317,EXEC-000109,WO-20260109-000109,5000000109,GIS-072-3150,GIS Bay 72.5 kV / 3150 A,LINE-01,2026-01-09 12:25:00,IN_PRODUCTION
SN-00000318,EXEC-000110,WO-20260109-000110,5000000110,GIS-245-3150,GIS Bay 245 kV / 3150 A,LINE-02,2026-01-09 12:45:00,IN_PRODUCTION
SN-00000319,EXEC-000110,WO-20260109-000110,5000000110,GIS-245-3150,GIS Bay 245 kV / 3150 A,LINE-02,2026-01-09 12:45:00,IN_PRODUCTION
SN-00000320,EXEC-000110,WO-20260109-000110,5000000110,GIS-245-3150,GIS Bay 245 kV / 3150 A,LINE-02,2026-01-09 12:45:00,IN_PRODUCTION
SN-00000321,EXEC-000111,WO-20260110-000111,5000000111,GIS-420-5000,GIS Bay 420 kV / 5000 A,LINE-03,2026-01-10 06:45:00,IN_PRODUCTION
SN-00000322,EXEC-000112,WO-20260110-000112,5000000112,GIS-300-4000,GIS Bay 300 kV / 4000 A,LINE-04,2026-01-10 07:05:00,IN_PRODUCTION
SN-00000323,EXEC-000113,WO-20260110-000113,5000000113,GIS-072-2500,GIS Bay 72.5 kV / 2500 A,LINE-05,2026-01-10 07:25:00,IN_PRODUCTION
SN-00000324,EXEC-000113,WO-20260110-000113,5000000113,GIS-072-2500,GIS Bay 72.5 kV / 2500 A,LINE-05,2026-01-10 07:25:00,IN_PRODUCTION
SN-00000325,EXEC-000113,WO-20260110-000113,5000000113,GIS-072-2500,GIS Bay 72.5 kV / 2500 A,LINE-05,2026-01-10 07:25:00,IN_PRODUCTION
SN-00000326,EXEC-000113,WO-20260110-000113,5000000113,GIS-072-2500,GIS Bay 72.5 kV / 2500 A,LINE-05,2026-01-10 07:25:00,IN_PRODUCTION
SN-00000327,EXEC-000114,WO-20260110-000114,5000000114,GIS-245-4000,GIS Bay 245 kV / 4000 A,LINE-06,2026-01-10 07:45:00,IN_PRODUCTION
SN-00000328,EXEC-000115,WO-20260110-000115,5000000115,GIS-072-3150,GIS Bay 72.5 kV / 3150 A,LINE-01,2026-01-10 08:05:00,IN_PRODUCTION
SN-00000329,EXEC-000115,WO-20260110-000115,5000000115,GIS-072-3150,GIS Bay 72.5 kV / 3150 A,LINE-01,2026-01-10 08:05:00,IN_PRODUCTION
SN-00000330,EXEC-000115,WO-20260110-000115,5000000115,GIS-072-3150,GIS Bay 72.5 kV / 3150 A,LINE-01,2026-01-10 08:05:00,IN_PRODUCTION
SN-00000331,EXEC-000116,WO-20260110-000116,5000000116,GIS-145-3150,GIS Bay 145 kV / 3150 A,LINE-02,2026-01-10 08:25:00,IN_PRODUCTION
SN-00000332,EXEC-000116,WO-20260110-000116,5000000116,GIS-145-3150,GIS Bay 145 kV / 3150 A,LINE-02,2026-01-10 08:25:00,IN_PRODUCTION
SN-00000333,EXEC-000116,WO-20260110-000116,5000000116,GIS-145-3150,GIS Bay 145 kV / 3150 A,LINE-02,2026-01-10 08:25:00,IN_PRODUCTION
SN-00000334,EXEC-000116,WO-20260110-000116,5000000116,GIS-145-3150,GIS Bay 145 kV / 3150 A,LINE-02,2026-01-10 08:25:00,IN_PRODUCTION
SN-00000335,EXEC-000117,WO-20260110-000117,5000000117,GIS-145-3150,GIS Bay 145 kV / 3150 A,LINE-03,2026-01-10 08:45:00,IN_PRODUCTION
SN-00000336,EXEC-000117,WO-20260110-000117,5000000117,GIS-145-3150,GIS Bay 145 kV / 3150 A,LINE-03,2026-01-10 08:45:00,IN_PRODUCTION
SN-00000337,EXEC-000117,WO-20260110-000117,5000000117,GIS-145-3150,GIS Bay 145 kV / 3150 A,LINE-03,2026-01-10 08:45:00,IN_PRODUCTION
SN-00000338,EXEC-000117,WO-20260110-000117,5000000117,GIS-145-3150,GIS Bay 145 kV / 3150 A,LINE-03,2026-01-10 08:45:00,IN_PRODUCTION
SN-00000339,EXEC-000118,WO-20260110-000118,5000000118,GIS-420-5000,GIS Bay 420 kV / 5000 A,LINE-04,2026-01-10 09:05:00,IN_PRODUCTION
SN-00000340,EXEC-000119,WO-20260110-000119,5000000119,GIS-550-5000,GIS Bay 550 kV / 5000 A,LINE-05,2026-01-10 09:25:00,IN_PRODUCTION
SN-00000341,EXEC-000120,WO-20260110-000120,5000000120,GIS-420-4000,GIS Bay 420 kV / 4000 A,LINE-06,2026-01-10 09:45:00,IN_PRODUCTION
SN-00000342,EXEC-000121,WO-20260110-000121,5000000121,GIS-420-5000,GIS Bay 420 kV / 5000 A,LINE-01,2026-01-10 10:05:00,IN_PRODUCTION
SN-00000343,EXEC-000121,WO-20260110-000121,5000000121,GIS-420-5000,GIS Bay 420 kV / 5000 A,LINE-01,2026-01-10 10:05:00,IN_PRODUCTION
SN-00000344,EXEC-000122,WO-20260110-000122,5000000122,GIS-300-4000,GIS Bay 300 kV / 4000 A,LINE-02,2026-01-10 10:25:00,IN_PRODUCTION
SN-00000345,EXEC-000123,WO-20260110-000123,5000000123,GIS-245-4000,GIS Bay 245 kV / 4000 A,LINE-03,2026-01-10 10:45:00,IN_PRODUCTION
SN-00000346,EXEC-000124,WO-20260110-000124,5000000124,GIS-072-2500,GIS Bay 72.5 kV / 2500 A,LINE-04,2026-01-10 11:05:00,IN_PRODUCTION
SN-00000347,EXEC-000124,WO-20260110-000124,5000000124,GIS-072-2500,GIS Bay 72.5 kV / 2500 A,LINE-04,2026-01-10 11:05:00,IN_PRODUCTION
SN-00000348,EXEC-000124,WO-20260110-000124,5000000124,GIS-072-2500,GIS Bay 72.5 kV / 2500 A,LINE-04,2026-01-10 11:05:00,IN_PRODUCTION
SN-00000349,EXEC-000124,WO-20260110-000124,5000000124,GIS-072-2500,GIS Bay 72.5 kV / 2500 A,LINE-04,2026-01-10 11:05:00,IN_PRODUCTION
SN-00000350,EXEC-000125,WO-20260110-000125,5000000125,GIS-300-4000,GIS Bay 300 kV / 4000 A,LINE-05,2026-01-10 11:25:00,IN_PRODUCTION
SN-00000351,EXEC-000125,WO-20260110-000125,5000000125,GIS-300-4000,GIS Bay 300 kV / 4000 A,LINE-05,2026-01-10 11:25:00,IN_PRODUCTION
SN-00000352,EXEC-000126,WO-20260110-000126,5000000126,GIS-300-4000,GIS Bay 300 kV / 4000 A,LINE-06,2026-01-10 11:45:00,IN_PRODUCTION
SN-00000353,EXEC-000127,WO-20260110-000127,5000000127,GIS-245-3150,GIS Bay 245 kV / 3150 A,LINE-01,2026-01-10 12:05:00,IN_PRODUCTION
SN-00000354,EXEC-000127,WO-20260110-000127,5000000127,GIS-245-3150,GIS Bay 245 kV / 3150 A,LINE-01,2026-01-10 12:05:00,IN_PRODUCTION
SN-00000355,EXEC-000128,WO-20260110-000128,5000000128,GIS-300-4000,GIS Bay 300 kV / 4000 A,LINE-02,2026-01-10 12:25:00,IN_PRODUCTION
SN-00000356,EXEC-000128,WO-20260110-000128,5000000128,GIS-300-4000,GIS Bay 300 kV / 4000 A,LINE-02,2026-01-10 12:25:00,IN_PRODUCTION
SN-00000357,EXEC-000129,WO-20260111-000129,5000000129,GIS-145-3150,GIS Bay 145 kV / 3150 A,LINE-03,2026-01-11 06:45:00,IN_PRODUCTION
SN-00000358,EXEC-000129,WO-20260111-000129,5000000129,GIS-145-3150,GIS Bay 145 kV / 3150 A,LINE-03,2026-01-11 06:45:00,IN_PRODUCTION
SN-00000359,EXEC-000129,WO-20260111-000129,5000000129,GIS-145-3150,GIS Bay 145 kV / 3150 A,LINE-03,2026-01-11 06:45:00,IN_PRODUCTION
SN-00000360,EXEC-000129,WO-20260111-000129,5000000129,GIS-145-3150,GIS Bay 145 kV / 3150 A,LINE-03,2026-01-11 06:45:00,IN_PRODUCTION
SN-00000361,EXEC-000130,WO-20260111-000130,5000000130,GIS-072-2500,GIS Bay 72.5 kV / 2500 A,LINE-04,2026-01-11 07:05:00,IN_PRODUCTION
SN-00000362,EXEC-000130,WO-20260111-000130,5000000130,GIS-072-2500,GIS Bay 72.5 kV / 2500 A,LINE-04,2026-01-11 07:05:00,IN_PRODUCTION
SN-00000363,EXEC-000130,WO-20260111-000130,5000000130,GIS-072-2500,GIS Bay 72.5 kV / 2500 A,LINE-04,2026-01-11 07:05:00,IN_PRODUCTION
SN-00000364,EXEC-000130,WO-20260111-000130,5000000130,GIS-072-2500,GIS Bay 72.5 kV / 2500 A,LINE-04,2026-01-11 07:05:00,IN_PRODUCTION
SN-00000365,EXEC-000131,WO-20260111-000131,5000000131,GIS-550-5000,GIS Bay 550 kV / 5000 A,LINE-05,2026-01-11 07:25:00,IN_PRODUCTION
SN-00000366,EXEC-000132,WO-20260111-000132,5000000132,GIS-072-2500,GIS Bay 72.5 kV / 2500 A,LINE-06,2026-01-11 07:45:00,IN_PRODUCTION
SN-00000367,EXEC-000132,WO-20260111-000132,5000000132,GIS-072-2500,GIS Bay 72.5 kV / 2500 A,LINE-06,2026-01-11 07:45:00,IN_PRODUCTION
SN-00000368,EXEC-000132,WO-20260111-000132,5000000132,GIS-072-2500,GIS Bay 72.5 kV / 2500 A,LINE-06,2026-01-11 07:45:00,IN_PRODUCTION
SN-00000369,EXEC-000132,WO-20260111-000132,5000000132,GIS-072-2500,GIS Bay 72.5 kV / 2500 A,LINE-06,2026-01-11 07:45:00,IN_PRODUCTION
SN-00000370,EXEC-000133,WO-20260111-000133,5000000133,GIS-245-4000,GIS Bay 245 kV / 4000 A,LINE-01,2026-01-11 08:05:00,IN_PRODUCTION
SN-00000371,EXEC-000133,WO-20260111-000133,5000000133,GIS-245-4000,GIS Bay 245 kV / 4000 A,LINE-01,2026-01-11 08:05:00,IN_PRODUCTION
SN-00000372,EXEC-000134,WO-20260111-000134,5000000134,GIS-145-4000,GIS Bay 145 kV / 4000 A,LINE-02,2026-01-11 08:25:00,IN_PRODUCTION
SN-00000373,EXEC-000134,WO-20260111-000134,5000000134,GIS-145-4000,GIS Bay 145 kV / 4000 A,LINE-02,2026-01-11 08:25:00,IN_PRODUCTION
SN-00000374,EXEC-000134,WO-20260111-000134,5000000134,GIS-145-4000,GIS Bay 145 kV / 4000 A,LINE-02,2026-01-11 08:25:00,IN_PRODUCTION
SN-00000375,EXEC-000135,WO-20260111-000135,5000000135,GIS-072-3150,GIS Bay 72.5 kV / 3150 A,LINE-03,2026-01-11 08:45:00,IN_PRODUCTION
SN-00000376,EXEC-000135,WO-20260111-000135,5000000135,GIS-072-3150,GIS Bay 72.5 kV / 3150 A,LINE-03,2026-01-11 08:45:00,IN_PRODUCTION
SN-00000377,EXEC-000135,WO-20260111-000135,5000000135,GIS-072-3150,GIS Bay 72.5 kV / 3150 A,LINE-03,2026-01-11 08:45:00,IN_PRODUCTION
SN-00000378,EXEC-000136,WO-20260111-000136,5000000136,GIS-072-2500,GIS Bay 72.5 kV / 2500 A,LINE-04,2026-01-11 09:05:00,IN_PRODUCTION
SN-00000379,EXEC-000136,WO-20260111-000136,5000000136,GIS-072-2500,GIS Bay 72.5 kV / 2500 A,LINE-04,2026-01-11 09:05:00,IN_PRODUCTION
SN-00000380,EXEC-000136,WO-20260111-000136,5000000136,GIS-072-2500,GIS Bay 72.5 kV / 2500 A,LINE-04,2026-01-11 09:05:00,IN_PRODUCTION
SN-00000381,EXEC-000136,WO-20260111-000136,5000000136,GIS-072-2500,GIS Bay 72.5 kV / 2500 A,LINE-04,2026-01-11 09:05:00,IN_PRODUCTION
SN-00000382,EXEC-000136,WO-20260111-000136,5000000136,GIS-072-2500,GIS Bay 72.5 kV / 2500 A,LINE-04,2026-01-11 09:05:00,IN_PRODUCTION
SN-00000383,EXEC-000137,WO-20260111-000137,5000000137,GIS-420-5000,GIS Bay 420 kV / 5000 A,LINE-05,2026-01-11 09:25:00,IN_PRODUCTION
SN-00000384,EXEC-000138,WO-20260111-000138,5000000138,GIS-072-2500,GIS Bay 72.5 kV / 2500 A,LINE-06,2026-01-11 09:45:00,IN_PRODUCTION
SN-00000385,EXEC-000138,WO-20260111-000138,5000000138,GIS-072-2500,GIS Bay 72.5 kV / 2500 A,LINE-06,2026-01-11 09:45:00,IN_PRODUCTION
SN-00000386,EXEC-000138,WO-20260111-000138,5000000138,GIS-072-2500,GIS Bay 72.5 kV / 2500 A,LINE-06,2026-01-11 09:45:00,IN_PRODUCTION
SN-00000387,EXEC-000138,WO-20260111-000138,5000000138,GIS-072-2500,GIS Bay 72.5 kV / 2500 A,LINE-06,2026-01-11 09:45:00,IN_PRODUCTION
SN-00000388,EXEC-000138,WO-20260111-000138,5000000138,GIS-072-2500,GIS Bay 72.5 kV / 2500 A,LINE-06,2026-01-11 09:45:00,IN_PRODUCTION
SN-00000389,EXEC-000139,WO-20260111-000139,5000000139,GIS-170-4000,GIS Bay 170 kV / 4000 A,LINE-01,2026-01-11 10:05:00,IN_PRODUCTION
SN-00000390,EXEC-000139,WO-20260111-000139,5000000139,GIS-170-4000,GIS Bay 170 kV / 4000 A,LINE-01,2026-01-11 10:05:00,IN_PRODUCTION
SN-00000391,EXEC-000140,WO-20260111-000140,5000000140,GIS-145-3150,GIS Bay 145 kV / 3150 A,LINE-02,2026-01-11 10:25:00,IN_PRODUCTION
SN-00000392,EXEC-000140,WO-20260111-000140,5000000140,GIS-145-3150,GIS Bay 145 kV / 3150 A,LINE-02,2026-01-11 10:25:00,IN_PRODUCTION
SN-00000393,EXEC-000140,WO-20260111-000140,5000000140,GIS-145-3150,GIS Bay 145 kV / 3150 A,LINE-02,2026-01-11 10:25:00,IN_PRODUCTION
SN-00000394,EXEC-000141,WO-20260111-000141,5000000141,GIS-145-3150,GIS Bay 145 kV / 3150 A,LINE-03,2026-01-11 10:45:00,IN_PRODUCTION
SN-00000395,EXEC-000141,WO-20260111-000141,5000000141,GIS-145-3150,GIS Bay 145 kV / 3150 A,LINE-03,2026-01-11 10:45:00,IN_PRODUCTION
SN-00000396,EXEC-000141,WO-20260111-000141,5000000141,GIS-145-3150,GIS Bay 145 kV / 3150 A,LINE-03,2026-01-11 10:45:00,IN_PRODUCTION
SN-00000397,EXEC-000141,WO-20260111-000141,5000000141,GIS-145-3150,GIS Bay 145 kV / 3150 A,LINE-03,2026-01-11 10:45:00,IN_PRODUCTION
SN-00000398,EXEC-000142,WO-20260111-000142,5000000142,GIS-072-2500,GIS Bay 72.5 kV / 2500 A,LINE-04,2026-01-11 11:05:00,IN_PRODUCTION
SN-00000399,EXEC-000142,WO-20260111-000142,5000000142,GIS-072-2500,GIS Bay 72.5 kV / 2500 A,LINE-04,2026-01-11 11:05:00,IN_PRODUCTION
SN-00000400,EXEC-000142,WO-20260111-000142,5000000142,GIS-072-2500,GIS Bay 72.5 kV / 2500 A,LINE-04,2026-01-11 11:05:00,IN_PRODUCTION
SN-00000401,EXEC-000142,WO-20260111-000142,5000000142,GIS-072-2500,GIS Bay 72.5 kV / 2500 A,LINE-04,2026-01-11 11:05:00,IN_PRODUCTION
SN-00000402,EXEC-000143,WO-20260111-000143,5000000143,GIS-145-3150,GIS Bay 145 kV / 3150 A,LINE-05,2026-01-11 11:25:00,IN_PRODUCTION
SN-00000403,EXEC-000143,WO-20260111-000143,5000000143,GIS-145-3150,GIS Bay 145 kV / 3150 A,LINE-05,2026-01-11 11:25:00,IN_PRODUCTION
SN-00000404,EXEC-000143,WO-20260111-000143,5000000143,GIS-145-3150,GIS Bay 145 kV / 3150 A,LINE-05,2026-01-11 11:25:00,IN_PRODUCTION
SN-00000405,EXEC-000143,WO-20260111-000143,5000000143,GIS-145-3150,GIS Bay 145 kV / 3150 A,LINE-05,2026-01-11 11:25:00,IN_PRODUCTION
SN-00000406,EXEC-000144,WO-20260111-000144,5000000144,GIS-170-4000,GIS Bay 170 kV / 4000 A,LINE-06,2026-01-11 11:45:00,IN_PRODUCTION
SN-00000407,EXEC-000144,WO-20260111-000144,5000000144,GIS-170-4000,GIS Bay 170 kV / 4000 A,LINE-06,2026-01-11 11:45:00,IN_PRODUCTION
SN-00000408,EXEC-000144,WO-20260111-000144,5000000144,GIS-170-4000,GIS Bay 170 kV / 4000 A,LINE-06,2026-01-11 11:45:00,IN_PRODUCTION
SN-00000409,EXEC-000145,WO-20260111-000145,5000000145,GIS-300-4000,GIS Bay 300 kV / 4000 A,LINE-01,2026-01-11 12:05:00,IN_PRODUCTION
SN-00000410,EXEC-000145,WO-20260111-000145,5000000145,GIS-300-4000,GIS Bay 300 kV / 4000 A,LINE-01,2026-01-11 12:05:00,IN_PRODUCTION
SN-00000411,EXEC-000146,WO-20260111-000146,5000000146,GIS-145-3150,GIS Bay 145 kV / 3150 A,LINE-02,2026-01-11 12:25:00,IN_PRODUCTION
SN-00000412,EXEC-000146,WO-20260111-000146,5000000146,GIS-145-3150,GIS Bay 145 kV / 3150 A,LINE-02,2026-01-11 12:25:00,IN_PRODUCTION
SN-00000413,EXEC-000146,WO-20260111-000146,5000000146,GIS-145-3150,GIS Bay 145 kV / 3150 A,LINE-02,2026-01-11 12:25:00,IN_PRODUCTION
SN-00000414,EXEC-000146,WO-20260111-000146,5000000146,GIS-145-3150,GIS Bay 145 kV / 3150 A,LINE-02,2026-01-11 12:25:00,IN_PRODUCTION
SN-00000415,EXEC-000147,WO-20260111-000147,5000000147,GIS-145-3150,GIS Bay 145 kV / 3150 A,LINE-03,2026-01-11 12:45:00,IN_PRODUCTION
SN-00000416,EXEC-000147,WO-20260111-000147,5000000147,GIS-145-3150,GIS Bay 145 kV / 3150 A,LINE-03,2026-01-11 12:45:00,IN_PRODUCTION
SN-00000417,EXEC-000147,WO-20260111-000147,5000000147,GIS-145-3150,GIS Bay 145 kV / 3150 A,LINE-03,2026-01-11 12:45:00,IN_PRODUCTION
SN-00000418,EXEC-000148,WO-20260111-000148,5000000148,GIS-072-3150,GIS Bay 72.5 kV / 3150 A,LINE-04,2026-01-11 13:05:00,IN_PRODUCTION
SN-00000419,EXEC-000148,WO-20260111-000148,5000000148,GIS-072-3150,GIS Bay 72.5 kV / 3150 A,LINE-04,2026-01-11 13:05:00,IN_PRODUCTION
SN-00000420,EXEC-000148,WO-20260111-000148,5000000148,GIS-072-3150,GIS Bay 72.5 kV / 3150 A,LINE-04,2026-01-11 13:05:00,IN_PRODUCTION
SN-00000421,EXEC-000148,WO-20260111-000148,5000000148,GIS-072-3150,GIS Bay 72.5 kV / 3150 A,LINE-04,2026-01-11 13:05:00,IN_PRODUCTION
SN-00000422,EXEC-000149,WO-20260111-000149,5000000149,GIS-420-5000,GIS Bay 420 kV / 5000 A,LINE-05,2026-01-11 13:25:00,IN_PRODUCTION
SN-00000423,EXEC-000150,WO-20260111-000150,5000000150,GIS-072-3150,GIS Bay 72.5 kV / 3150 A,LINE-06,2026-01-11 13:45:00,IN_PRODUCTION
SN-00000424,EXEC-000150,WO-20260111-000150,5000000150,GIS-072-3150,GIS Bay 72.5 kV / 3150 A,LINE-06,2026-01-11 13:45:00,IN_PRODUCTION
SN-00000425,EXEC-000150,WO-20260111-000150,5000000150,GIS-072-3150,GIS Bay 72.5 kV / 3150 A,LINE-06,2026-01-11 13:45:00,IN_PRODUCTION
SN-00000426,EXEC-000150,WO-20260111-000150,5000000150,GIS-072-3150,GIS Bay 72.5 kV / 3150 A,LINE-06,2026-01-11 13:45:00,IN_PRODUCTION
SN-00000427,EXEC-000150,WO-20260111-000150,5000000150,GIS-072-3150,GIS Bay 72.5 kV / 3150 A,LINE-06,2026-01-11 13:45:00,IN_PRODUCTION
SN-00000428,EXEC-000151,WO-20260112-000151,5000000151,GIS-072-2500,GIS Bay 72.5 kV / 2500 A,LINE-01,2026-01-12 06:45:00,IN_PRODUCTION
SN-00000429,EXEC-000151,WO-20260112-000151,5000000151,GIS-072-2500,GIS Bay 72.5 kV / 2500 A,LINE-01,2026-01-12 06:45:00,IN_PRODUCTION
SN-00000430,EXEC-000151,WO-20260112-000151,5000000151,GIS-072-2500,GIS Bay 72.5 kV / 2500 A,LINE-01,2026-01-12 06:45:00,IN_PRODUCTION
SN-00000431,EXEC-000152,WO-20260112-000152,5000000152,GIS-072-3150,GIS Bay 72.5 kV / 3150 A,LINE-02,2026-01-12 07:05:00,IN_PRODUCTION
SN-00000432,EXEC-000152,WO-20260112-000152,5000000152,GIS-072-3150,GIS Bay 72.5 kV / 3150 A,LINE-02,2026-01-12 07:05:00,IN_PRODUCTION
SN-00000433,EXEC-000152,WO-20260112-000152,5000000152,GIS-072-3150,GIS Bay 72.5 kV / 3150 A,LINE-02,2026-01-12 07:05:00,IN_PRODUCTION
SN-00000434,EXEC-000153,WO-20260112-000153,5000000153,GIS-072-2500,GIS Bay 72.5 kV / 2500 A,LINE-03,2026-01-12 07:25:00,IN_PRODUCTION
SN-00000435,EXEC-000153,WO-20260112-000153,5000000153,GIS-072-2500,GIS Bay 72.5 kV / 2500 A,LINE-03,2026-01-12 07:25:00,IN_PRODUCTION
SN-00000436,EXEC-000153,WO-20260112-000153,5000000153,GIS-072-2500,GIS Bay 72.5 kV / 2500 A,LINE-03,2026-01-12 07:25:00,IN_PRODUCTION
SN-00000437,EXEC-000153,WO-20260112-000153,5000000153,GIS-072-2500,GIS Bay 72.5 kV / 2500 A,LINE-03,2026-01-12 07:25:00,IN_PRODUCTION
SN-00000438,EXEC-000154,WO-20260112-000154,5000000154,GIS-245-4000,GIS Bay 245 kV / 4000 A,LINE-04,2026-01-12 07:45:00,IN_PRODUCTION
SN-00000439,EXEC-000154,WO-20260112-000154,5000000154,GIS-245-4000,GIS Bay 245 kV / 4000 A,LINE-04,2026-01-12 07:45:00,IN_PRODUCTION
SN-00000440,EXEC-000155,WO-20260112-000155,5000000155,GIS-170-4000,GIS Bay 170 kV / 4000 A,LINE-05,2026-01-12 08:05:00,IN_PRODUCTION
SN-00000441,EXEC-000155,WO-20260112-000155,5000000155,GIS-170-4000,GIS Bay 170 kV / 4000 A,LINE-05,2026-01-12 08:05:00,IN_PRODUCTION
SN-00000442,EXEC-000156,WO-20260112-000156,5000000156,GIS-145-3150,GIS Bay 145 kV / 3150 A,LINE-06,2026-01-12 08:25:00,IN_PRODUCTION
SN-00000443,EXEC-000156,WO-20260112-000156,5000000156,GIS-145-3150,GIS Bay 145 kV / 3150 A,LINE-06,2026-01-12 08:25:00,IN_PRODUCTION
SN-00000444,EXEC-000156,WO-20260112-000156,5000000156,GIS-145-3150,GIS Bay 145 kV / 3150 A,LINE-06,2026-01-12 08:25:00,IN_PRODUCTION
SN-00000445,EXEC-000157,WO-20260112-000157,5000000157,GIS-245-3150,GIS Bay 245 kV / 3150 A,LINE-01,2026-01-12 08:45:00,IN_PRODUCTION
SN-00000446,EXEC-000158,WO-20260112-000158,5000000158,GIS-300-4000,GIS Bay 300 kV / 4000 A,LINE-02,2026-01-12 09:05:00,IN_PRODUCTION
SN-00000447,EXEC-000159,WO-20260112-000159,5000000159,GIS-072-3150,GIS Bay 72.5 kV / 3150 A,LINE-03,2026-01-12 09:25:00,IN_PRODUCTION
SN-00000448,EXEC-000159,WO-20260112-000159,5000000159,GIS-072-3150,GIS Bay 72.5 kV / 3150 A,LINE-03,2026-01-12 09:25:00,IN_PRODUCTION
SN-00000449,EXEC-000159,WO-20260112-000159,5000000159,GIS-072-3150,GIS Bay 72.5 kV / 3150 A,LINE-03,2026-01-12 09:25:00,IN_PRODUCTION
SN-00000450,EXEC-000159,WO-20260112-000159,5000000159,GIS-072-3150,GIS Bay 72.5 kV / 3150 A,LINE-03,2026-01-12 09:25:00,IN_PRODUCTION
SN-00000451,EXEC-000159,WO-20260112-000159,5000000159,GIS-072-3150,GIS Bay 72.5 kV / 3150 A,LINE-03,2026-01-12 09:25:00,IN_PRODUCTION
SN-00000452,EXEC-000160,WO-20260112-000160,5000000160,GIS-072-2500,GIS Bay 72.5 kV / 2500 A,LINE-04,2026-01-12 09:45:00,IN_PRODUCTION
SN-00000453,EXEC-000160,WO-20260112-000160,5000000160,GIS-072-2500,GIS Bay 72.5 kV / 2500 A,LINE-04,2026-01-12 09:45:00,IN_PRODUCTION
SN-00000454,EXEC-000160,WO-20260112-000160,5000000160,GIS-072-2500,GIS Bay 72.5 kV / 2500 A,LINE-04,2026-01-12 09:45:00,IN_PRODUCTION
SN-00000455,EXEC-000161,WO-20260112-000161,5000000161,GIS-072-2500,GIS Bay 72.5 kV / 2500 A,LINE-05,2026-01-12 10:05:00,IN_PRODUCTION
SN-00000456,EXEC-000161,WO-20260112-000161,5000000161,GIS-072-2500,GIS Bay 72.5 kV / 2500 A,LINE-05,2026-01-12 10:05:00,IN_PRODUCTION
SN-00000457,EXEC-000161,WO-20260112-000161,5000000161,GIS-072-2500,GIS Bay 72.5 kV / 2500 A,LINE-05,2026-01-12 10:05:00,IN_PRODUCTION
SN-00000458,EXEC-000162,WO-20260112-000162,5000000162,GIS-245-3150,GIS Bay 245 kV / 3150 A,LINE-06,2026-01-12 10:25:00,IN_PRODUCTION
SN-00000459,EXEC-000162,WO-20260112-000162,5000000162,GIS-245-3150,GIS Bay 245 kV / 3150 A,LINE-06,2026-01-12 10:25:00,IN_PRODUCTION
SN-00000460,EXEC-000162,WO-20260112-000162,5000000162,GIS-245-3150,GIS Bay 245 kV / 3150 A,LINE-06,2026-01-12 10:25:00,IN_PRODUCTION
SN-00000461,EXEC-000163,WO-20260112-000163,5000000163,GIS-420-5000,GIS Bay 420 kV / 5000 A,LINE-01,2026-01-12 10:45:00,IN_PRODUCTION
SN-00000462,EXEC-000163,WO-20260112-000163,5000000163,GIS-420-5000,GIS Bay 420 kV / 5000 A,LINE-01,2026-01-12 10:45:00,IN_PRODUCTION
SN-00000463,EXEC-000164,WO-20260112-000164,5000000164,GIS-245-3150,GIS Bay 245 kV / 3150 A,LINE-02,2026-01-12 11:05:00,IN_PRODUCTION
SN-00000464,EXEC-000164,WO-20260112-000164,5000000164,GIS-245-3150,GIS Bay 245 kV / 3150 A,LINE-02,2026-01-12 11:05:00,IN_PRODUCTION
SN-00000465,EXEC-000164,WO-20260112-000164,5000000164,GIS-245-3150,GIS Bay 245 kV / 3150 A,LINE-02,2026-01-12 11:05:00,IN_PRODUCTION
SN-00000466,EXEC-000165,WO-20260112-000165,5000000165,GIS-420-4000,GIS Bay 420 kV / 4000 A,LINE-03,2026-01-12 11:25:00,IN_PRODUCTION
SN-00000467,EXEC-000165,WO-20260112-000165,5000000165,GIS-420-4000,GIS Bay 420 kV / 4000 A,LINE-03,2026-01-12 11:25:00,IN_PRODUCTION
SN-00000468,EXEC-000166,WO-20260112-000166,5000000166,GIS-245-4000,GIS Bay 245 kV / 4000 A,LINE-04,2026-01-12 11:45:00,IN_PRODUCTION
SN-00000469,EXEC-000166,WO-20260112-000166,5000000166,GIS-245-4000,GIS Bay 245 kV / 4000 A,LINE-04,2026-01-12 11:45:00,IN_PRODUCTION
SN-00000470,EXEC-000167,WO-20260112-000167,5000000167,GIS-245-4000,GIS Bay 245 kV / 4000 A,LINE-05,2026-01-12 12:05:00,IN_PRODUCTION
SN-00000471,EXEC-000167,WO-20260112-000167,5000000167,GIS-245-4000,GIS Bay 245 kV / 4000 A,LINE-05,2026-01-12 12:05:00,IN_PRODUCTION
SN-00000472,EXEC-000167,WO-20260112-000167,5000000167,GIS-245-4000,GIS Bay 245 kV / 4000 A,LINE-05,2026-01-12 12:05:00,IN_PRODUCTION
SN-00000473,EXEC-000168,WO-20260112-000168,5000000168,GIS-245-4000,GIS Bay 245 kV / 4000 A,LINE-06,2026-01-12 12:25:00,IN_PRODUCTION
SN-00000474,EXEC-000168,WO-20260112-000168,5000000168,GIS-245-4000,GIS Bay 245 kV / 4000 A,LINE-06,2026-01-12 12:25:00,IN_PRODUCTION
SN-00000475,EXEC-000169,WO-20260112-000169,5000000169,GIS-072-3150,GIS Bay 72.5 kV / 3150 A,LINE-01,2026-01-12 12:45:00,IN_PRODUCTION
SN-00000476,EXEC-000169,WO-20260112-000169,5000000169,GIS-072-3150,GIS Bay 72.5 kV / 3150 A,LINE-01,2026-01-12 12:45:00,IN_PRODUCTION
SN-00000477,EXEC-000169,WO-20260112-000169,5000000169,GIS-072-3150,GIS Bay 72.5 kV / 3150 A,LINE-01,2026-01-12 12:45:00,IN_PRODUCTION
SN-00000478,EXEC-000170,WO-20260112-000170,5000000170,GIS-072-3150,GIS Bay 72.5 kV / 3150 A,LINE-02,2026-01-12 13:05:00,IN_PRODUCTION
SN-00000479,EXEC-000170,WO-20260112-000170,5000000170,GIS-072-3150,GIS Bay 72.5 kV / 3150 A,LINE-02,2026-01-12 13:05:00,IN_PRODUCTION
SN-00000480,EXEC-000170,WO-20260112-000170,5000000170,GIS-072-3150,GIS Bay 72.5 kV / 3150 A,LINE-02,2026-01-12 13:05:00,IN_PRODUCTION
SN-00000481,EXEC-000170,WO-20260112-000170,5000000170,GIS-072-3150,GIS Bay 72.5 kV / 3150 A,LINE-02,2026-01-12 13:05:00,IN_PRODUCTION
SN-00000482,EXEC-000171,WO-20260113-000171,5000000171,GIS-072-2500,GIS Bay 72.5 kV / 2500 A,LINE-03,2026-01-13 06:45:00,IN_PRODUCTION
SN-00000483,EXEC-000171,WO-20260113-000171,5000000171,GIS-072-2500,GIS Bay 72.5 kV / 2500 A,LINE-03,2026-01-13 06:45:00,IN_PRODUCTION
SN-00000484,EXEC-000171,WO-20260113-000171,5000000171,GIS-072-2500,GIS Bay 72.5 kV / 2500 A,LINE-03,2026-01-13 06:45:00,IN_PRODUCTION
SN-00000485,EXEC-000172,WO-20260113-000172,5000000172,GIS-245-3150,GIS Bay 245 kV / 3150 A,LINE-04,2026-01-13 07:05:00,IN_PRODUCTION
SN-00000486,EXEC-000172,WO-20260113-000172,5000000172,GIS-245-3150,GIS Bay 245 kV / 3150 A,LINE-04,2026-01-13 07:05:00,IN_PRODUCTION
SN-00000487,EXEC-000172,WO-20260113-000172,5000000172,GIS-245-3150,GIS Bay 245 kV / 3150 A,LINE-04,2026-01-13 07:05:00,IN_PRODUCTION
SN-00000488,EXEC-000173,WO-20260113-000173,5000000173,GIS-145-3150,GIS Bay 145 kV / 3150 A,LINE-05,2026-01-13 07:25:00,IN_PRODUCTION
SN-00000489,EXEC-000173,WO-20260113-000173,5000000173,GIS-145-3150,GIS Bay 145 kV / 3150 A,LINE-05,2026-01-13 07:25:00,IN_PRODUCTION
SN-00000490,EXEC-000173,WO-20260113-000173,5000000173,GIS-145-3150,GIS Bay 145 kV / 3150 A,LINE-05,2026-01-13 07:25:00,IN_PRODUCTION
SN-00000491,EXEC-000174,WO-20260113-000174,5000000174,GIS-145-3150,GIS Bay 145 kV / 3150 A,LINE-06,2026-01-13 07:45:00,IN_PRODUCTION
SN-00000492,EXEC-000174,WO-20260113-000174,5000000174,GIS-145-3150,GIS Bay 145 kV / 3150 A,LINE-06,2026-01-13 07:45:00,IN_PRODUCTION
SN-00000493,EXEC-000175,WO-20260113-000175,5000000175,GIS-145-3150,GIS Bay 145 kV / 3150 A,LINE-01,2026-01-13 08:05:00,IN_PRODUCTION
SN-00000494,EXEC-000175,WO-20260113-000175,5000000175,GIS-145-3150,GIS Bay 145 kV / 3150 A,LINE-01,2026-01-13 08:05:00,IN_PRODUCTION
SN-00000495,EXEC-000175,WO-20260113-000175,5000000175,GIS-145-3150,GIS Bay 145 kV / 3150 A,LINE-01,2026-01-13 08:05:00,IN_PRODUCTION
SN-00000496,EXEC-000175,WO-20260113-000175,5000000175,GIS-145-3150,GIS Bay 145 kV / 3150 A,LINE-01,2026-01-13 08:05:00,IN_PRODUCTION
SN-00000497,EXEC-000176,WO-20260113-000176,5000000176,GIS-072-2500,GIS Bay 72.5 kV / 2500 A,LINE-02,2026-01-13 08:25:00,IN_PRODUCTION
SN-00000498,EXEC-000176,WO-20260113-000176,5000000176,GIS-072-2500,GIS Bay 72.5 kV / 2500 A,LINE-02,2026-01-13 08:25:00,IN_PRODUCTION
SN-00000499,EXEC-000176,WO-20260113-000176,5000000176,GIS-072-2500,GIS Bay 72.5 kV / 2500 A,LINE-02,2026-01-13 08:25:00,IN_PRODUCTION
SN-00000500,EXEC-000176,WO-20260113-000176,5000000176,GIS-072-2500,GIS Bay 72.5 kV / 2500 A,LINE-02,2026-01-13 08:25:00,IN_PRODUCTION
SN-00000501,EXEC-000176,WO-20260113-000176,5000000176,GIS-072-2500,GIS Bay 72.5 kV / 2500 A,LINE-02,2026-01-13 08:25:00,IN_PRODUCTION
SN-00000502,EXEC-000177,WO-20260113-000177,5000000177,GIS-072-2500,GIS Bay 72.5 kV / 2500 A,LINE-03,2026-01-13 08:45:00,IN_PRODUCTION
SN-00000503,EXEC-000177,WO-20260113-000177,5000000177,GIS-072-2500,GIS Bay 72.5 kV / 2500 A,LINE-03,2026-01-13 08:45:00,IN_PRODUCTION
SN-00000504,EXEC-000177,WO-20260113-000177,5000000177,GIS-072-2500,GIS Bay 72.5 kV / 2500 A,LINE-03,2026-01-13 08:45:00,IN_PRODUCTION
SN-00000505,EXEC-000177,WO-20260113-000177,5000000177,GIS-072-2500,GIS Bay 72.5 kV / 2500 A,LINE-03,2026-01-13 08:45:00,IN_PRODUCTION
SN-00000506,EXEC-000178,WO-20260113-000178,5000000178,GIS-145-3150,GIS Bay 145 kV / 3150 A,LINE-04,2026-01-13 09:05:00,IN_PRODUCTION
SN-00000507,EXEC-000178,WO-20260113-000178,5000000178,GIS-145-3150,GIS Bay 145 kV / 3150 A,LINE-04,2026-01-13 09:05:00,IN_PRODUCTION
SN-00000508,EXEC-000178,WO-20260113-000178,5000000178,GIS-145-3150,GIS Bay 145 kV / 3150 A,LINE-04,2026-01-13 09:05:00,IN_PRODUCTION
SN-00000509,EXEC-000179,WO-20260113-000179,5000000179,GIS-245-4000,GIS Bay 245 kV / 4000 A,LINE-05,2026-01-13 09:25:00,IN_PRODUCTION
SN-00000510,EXEC-000179,WO-20260113-000179,5000000179,GIS-245-4000,GIS Bay 245 kV / 4000 A,LINE-05,2026-01-13 09:25:00,IN_PRODUCTION
SN-00000511,EXEC-000179,WO-20260113-000179,5000000179,GIS-245-4000,GIS Bay 245 kV / 4000 A,LINE-05,2026-01-13 09:25:00,IN_PRODUCTION
SN-00000512,EXEC-000180,WO-20260113-000180,5000000180,GIS-145-4000,GIS Bay 145 kV / 4000 A,LINE-06,2026-01-13 09:45:00,IN_PRODUCTION
SN-00000513,EXEC-000180,WO-20260113-000180,5000000180,GIS-145-4000,GIS Bay 145 kV / 4000 A,LINE-06,2026-01-13 09:45:00,IN_PRODUCTION
SN-00000514,EXEC-000180,WO-20260113-000180,5000000180,GIS-145-4000,GIS Bay 145 kV / 4000 A,LINE-06,2026-01-13 09:45:00,IN_PRODUCTION
SN-00000515,EXEC-000181,WO-20260113-000181,5000000181,GIS-072-2500,GIS Bay 72.5 kV / 2500 A,LINE-01,2026-01-13 10:05:00,IN_PRODUCTION
SN-00000516,EXEC-000181,WO-20260113-000181,5000000181,GIS-072-2500,GIS Bay 72.5 kV / 2500 A,LINE-01,2026-01-13 10:05:00,IN_PRODUCTION
SN-00000517,EXEC-000181,WO-20260113-000181,5000000181,GIS-072-2500,GIS Bay 72.5 kV / 2500 A,LINE-01,2026-01-13 10:05:00,IN_PRODUCTION
SN-00000518,EXEC-000181,WO-20260113-000181,5000000181,GIS-072-2500,GIS Bay 72.5 kV / 2500 A,LINE-01,2026-01-13 10:05:00,IN_PRODUCTION
SN-00000519,EXEC-000182,WO-20260113-000182,5000000182,GIS-245-4000,GIS Bay 245 kV / 4000 A,LINE-02,2026-01-13 10:25:00,IN_PRODUCTION
SN-00000520,EXEC-000182,WO-20260113-000182,5000000182,GIS-245-4000,GIS Bay 245 kV / 4000 A,LINE-02,2026-01-13 10:25:00,IN_PRODUCTION
SN-00000521,EXEC-000182,WO-20260113-000182,5000000182,GIS-245-4000,GIS Bay 245 kV / 4000 A,LINE-02,2026-01-13 10:25:00,IN_PRODUCTION
SN-00000522,EXEC-000183,WO-20260113-000183,5000000183,GIS-145-4000,GIS Bay 145 kV / 4000 A,LINE-03,2026-01-13 10:45:00,IN_PRODUCTION
SN-00000523,EXEC-000183,WO-20260113-000183,5000000183,GIS-145-4000,GIS Bay 145 kV / 4000 A,LINE-03,2026-01-13 10:45:00,IN_PRODUCTION
SN-00000524,EXEC-000184,WO-20260113-000184,5000000184,GIS-145-4000,GIS Bay 145 kV / 4000 A,LINE-04,2026-01-13 11:05:00,IN_PRODUCTION
SN-00000525,EXEC-000184,WO-20260113-000184,5000000184,GIS-145-4000,GIS Bay 145 kV / 4000 A,LINE-04,2026-01-13 11:05:00,IN_PRODUCTION
SN-00000526,EXEC-000184,WO-20260113-000184,5000000184,GIS-145-4000,GIS Bay 145 kV / 4000 A,LINE-04,2026-01-13 11:05:00,IN_PRODUCTION
SN-00000527,EXEC-000185,WO-20260113-000185,5000000185,GIS-245-3150,GIS Bay 245 kV / 3150 A,LINE-05,2026-01-13 11:25:00,IN_PRODUCTION
SN-00000528,EXEC-000186,WO-20260113-000186,5000000186,GIS-072-2500,GIS Bay 72.5 kV / 2500 A,LINE-06,2026-01-13 11:45:00,IN_PRODUCTION
SN-00000529,EXEC-000186,WO-20260113-000186,5000000186,GIS-072-2500,GIS Bay 72.5 kV / 2500 A,LINE-06,2026-01-13 11:45:00,IN_PRODUCTION
SN-00000530,EXEC-000186,WO-20260113-000186,5000000186,GIS-072-2500,GIS Bay 72.5 kV / 2500 A,LINE-06,2026-01-13 11:45:00,IN_PRODUCTION
SN-00000531,EXEC-000186,WO-20260113-000186,5000000186,GIS-072-2500,GIS Bay 72.5 kV / 2500 A,LINE-06,2026-01-13 11:45:00,IN_PRODUCTION
SN-00000532,EXEC-000187,WO-20260113-000187,5000000187,GIS-072-3150,GIS Bay 72.5 kV / 3150 A,LINE-01,2026-01-13 12:05:00,IN_PRODUCTION
SN-00000533,EXEC-000187,WO-20260113-000187,5000000187,GIS-072-3150,GIS Bay 72.5 kV / 3150 A,LINE-01,2026-01-13 12:05:00,IN_PRODUCTION
SN-00000534,EXEC-000187,WO-20260113-000187,5000000187,GIS-072-3150,GIS Bay 72.5 kV / 3150 A,LINE-01,2026-01-13 12:05:00,IN_PRODUCTION
SN-00000535,EXEC-000187,WO-20260113-000187,5000000187,GIS-072-3150,GIS Bay 72.5 kV / 3150 A,LINE-01,2026-01-13 12:05:00,IN_PRODUCTION
SN-00000536,EXEC-000188,WO-20260113-000188,5000000188,GIS-145-3150,GIS Bay 145 kV / 3150 A,LINE-02,2026-01-13 12:25:00,IN_PRODUCTION
SN-00000537,EXEC-000188,WO-20260113-000188,5000000188,GIS-145-3150,GIS Bay 145 kV / 3150 A,LINE-02,2026-01-13 12:25:00,IN_PRODUCTION
SN-00000538,EXEC-000188,WO-20260113-000188,5000000188,GIS-145-3150,GIS Bay 145 kV / 3150 A,LINE-02,2026-01-13 12:25:00,IN_PRODUCTION
SN-00000539,EXEC-000189,WO-20260113-000189,5000000189,GIS-420-5000,GIS Bay 420 kV / 5000 A,LINE-03,2026-01-13 12:45:00,IN_PRODUCTION
SN-00000540,EXEC-000189,WO-20260113-000189,5000000189,GIS-420-5000,GIS Bay 420 kV / 5000 A,LINE-03,2026-01-13 12:45:00,IN_PRODUCTION
SN-00000541,EXEC-000190,WO-20260113-000190,5000000190,GIS-072-2500,GIS Bay 72.5 kV / 2500 A,LINE-04,2026-01-13 13:05:00,IN_PRODUCTION
SN-00000542,EXEC-000190,WO-20260113-000190,5000000190,GIS-072-2500,GIS Bay 72.5 kV / 2500 A,LINE-04,2026-01-13 13:05:00,IN_PRODUCTION
SN-00000543,EXEC-000190,WO-20260113-000190,5000000190,GIS-072-2500,GIS Bay 72.5 kV / 2500 A,LINE-04,2026-01-13 13:05:00,IN_PRODUCTION
SN-00000544,EXEC-000191,WO-20260113-000191,5000000191,GIS-072-2500,GIS Bay 72.5 kV / 2500 A,LINE-05,2026-01-13 13:25:00,IN_PRODUCTION
SN-00000545,EXEC-000191,WO-20260113-000191,5000000191,GIS-072-2500,GIS Bay 72.5 kV / 2500 A,LINE-05,2026-01-13 13:25:00,IN_PRODUCTION
SN-00000546,EXEC-000191,WO-20260113-000191,5000000191,GIS-072-2500,GIS Bay 72.5 kV / 2500 A,LINE-05,2026-01-13 13:25:00,IN_PRODUCTION
SN-00000547,EXEC-000191,WO-20260113-000191,5000000191,GIS-072-2500,GIS Bay 72.5 kV / 2500 A,LINE-05,2026-01-13 13:25:00,IN_PRODUCTION
SN-00000548,EXEC-000192,WO-20260113-000192,5000000192,GIS-072-2500,GIS Bay 72.5 kV / 2500 A,LINE-06,2026-01-13 13:45:00,IN_PRODUCTION
SN-00000549,EXEC-000192,WO-20260113-000192,5000000192,GIS-072-2500,GIS Bay 72.5 kV / 2500 A,LINE-06,2026-01-13 13:45:00,IN_PRODUCTION
SN-00000550,EXEC-000192,WO-20260113-000192,5000000192,GIS-072-2500,GIS Bay 72.5 kV / 2500 A,LINE-06,2026-01-13 13:45:00,IN_PRODUCTION
SN-00000551,EXEC-000192,WO-20260113-000192,5000000192,GIS-072-2500,GIS Bay 72.5 kV / 2500 A,LINE-06,2026-01-13 13:45:00,IN_PRODUCTION
SN-00000552,EXEC-000192,WO-20260113-000192,5000000192,GIS-072-2500,GIS Bay 72.5 kV / 2500 A,LINE-06,2026-01-13 13:45:00,IN_PRODUCTION
SN-00000553,EXEC-000193,WO-20260114-000193,5000000193,GIS-420-5000,GIS Bay 420 kV / 5000 A,LINE-01,2026-01-14 06:45:00,IN_PRODUCTION
SN-00000554,EXEC-000194,WO-20260114-000194,5000000194,GIS-170-4000,GIS Bay 170 kV / 4000 A,LINE-02,2026-01-14 07:05:00,IN_PRODUCTION
SN-00000555,EXEC-000194,WO-20260114-000194,5000000194,GIS-170-4000,GIS Bay 170 kV / 4000 A,LINE-02,2026-01-14 07:05:00,IN_PRODUCTION
SN-00000556,EXEC-000195,WO-20260114-000195,5000000195,GIS-245-3150,GIS Bay 245 kV / 3150 A,LINE-03,2026-01-14 07:25:00,IN_PRODUCTION
SN-00000557,EXEC-000195,WO-20260114-000195,5000000195,GIS-245-3150,GIS Bay 245 kV / 3150 A,LINE-03,2026-01-14 07:25:00,IN_PRODUCTION
SN-00000558,EXEC-000195,WO-20260114-000195,5000000195,GIS-245-3150,GIS Bay 245 kV / 3150 A,LINE-03,2026-01-14 07:25:00,IN_PRODUCTION
SN-00000559,EXEC-000196,WO-20260114-000196,5000000196,GIS-145-4000,GIS Bay 145 kV / 4000 A,LINE-04,2026-01-14 07:45:00,IN_PRODUCTION
SN-00000560,EXEC-000196,WO-20260114-000196,5000000196,GIS-145-4000,GIS Bay 145 kV / 4000 A,LINE-04,2026-01-14 07:45:00,IN_PRODUCTION
SN-00000561,EXEC-000196,WO-20260114-000196,5000000196,GIS-145-4000,GIS Bay 145 kV / 4000 A,LINE-04,2026-01-14 07:45:00,IN_PRODUCTION
SN-00000562,EXEC-000197,WO-20260114-000197,5000000197,GIS-072-3150,GIS Bay 72.5 kV / 3150 A,LINE-05,2026-01-14 08:05:00,IN_PRODUCTION
SN-00000563,EXEC-000197,WO-20260114-000197,5000000197,GIS-072-3150,GIS Bay 72.5 kV / 3150 A,LINE-05,2026-01-14 08:05:00,IN_PRODUCTION
SN-00000564,EXEC-000197,WO-20260114-000197,5000000197,GIS-072-3150,GIS Bay 72.5 kV / 3150 A,LINE-05,2026-01-14 08:05:00,IN_PRODUCTION
SN-00000565,EXEC-000197,WO-20260114-000197,5000000197,GIS-072-3150,GIS Bay 72.5 kV / 3150 A,LINE-05,2026-01-14 08:05:00,IN_PRODUCTION
SN-00000566,EXEC-000197,WO-20260114-000197,5000000197,GIS-072-3150,GIS Bay 72.5 kV / 3150 A,LINE-05,2026-01-14 08:05:00,IN_PRODUCTION
SN-00000567,EXEC-000198,WO-20260114-000198,5000000198,GIS-245-3150,GIS Bay 245 kV / 3150 A,LINE-06,2026-01-14 08:25:00,IN_PRODUCTION
SN-00000568,EXEC-000199,WO-20260114-000199,5000000199,GIS-072-2500,GIS Bay 72.5 kV / 2500 A,LINE-01,2026-01-14 08:45:00,IN_PRODUCTION
SN-00000569,EXEC-000199,WO-20260114-000199,5000000199,GIS-072-2500,GIS Bay 72.5 kV / 2500 A,LINE-01,2026-01-14 08:45:00,IN_PRODUCTION
SN-00000570,EXEC-000199,WO-20260114-000199,5000000199,GIS-072-2500,GIS Bay 72.5 kV / 2500 A,LINE-01,2026-01-14 08:45:00,IN_PRODUCTION
SN-00000571,EXEC-000200,WO-20260114-000200,5000000200,GIS-170-4000,GIS Bay 170 kV / 4000 A,LINE-02,2026-01-14 09:05:00,IN_PRODUCTION
SN-00000572,EXEC-000200,WO-20260114-000200,5000000200,GIS-170-4000,GIS Bay 170 kV / 4000 A,LINE-02,2026-01-14 09:05:00,IN_PRODUCTION
SN-00000573,EXEC-000200,WO-20260114-000200,5000000200,GIS-170-4000,GIS Bay 170 kV / 4000 A,LINE-02,2026-01-14 09:05:00,IN_PRODUCTION
SN-00000574,EXEC-000201,WO-20260114-000201,5000000201,GIS-245-3150,GIS Bay 245 kV / 3150 A,LINE-03,2026-01-14 09:25:00,IN_PRODUCTION
SN-00000575,EXEC-000202,WO-20260114-000202,5000000202,GIS-300-4000,GIS Bay 300 kV / 4000 A,LINE-04,2026-01-14 09:45:00,IN_PRODUCTION
SN-00000576,EXEC-000203,WO-20260114-000203,5000000203,GIS-245-4000,GIS Bay 245 kV / 4000 A,LINE-05,2026-01-14 10:05:00,IN_PRODUCTION
SN-00000577,EXEC-000203,WO-20260114-000203,5000000203,GIS-245-4000,GIS Bay 245 kV / 4000 A,LINE-05,2026-01-14 10:05:00,IN_PRODUCTION
SN-00000578,EXEC-000203,WO-20260114-000203,5000000203,GIS-245-4000,GIS Bay 245 kV / 4000 A,LINE-05,2026-01-14 10:05:00,IN_PRODUCTION
SN-00000579,EXEC-000204,WO-20260114-000204,5000000204,GIS-072-2500,GIS Bay 72.5 kV / 2500 A,LINE-06,2026-01-14 10:25:00,IN_PRODUCTION
SN-00000580,EXEC-000204,WO-20260114-000204,5000000204,GIS-072-2500,GIS Bay 72.5 kV / 2500 A,LINE-06,2026-01-14 10:25:00,IN_PRODUCTION
SN-00000581,EXEC-000204,WO-20260114-000204,5000000204,GIS-072-2500,GIS Bay 72.5 kV / 2500 A,LINE-06,2026-01-14 10:25:00,IN_PRODUCTION
SN-00000582,EXEC-000204,WO-20260114-000204,5000000204,GIS-072-2500,GIS Bay 72.5 kV / 2500 A,LINE-06,2026-01-14 10:25:00,IN_PRODUCTION
SN-00000583,EXEC-000204,WO-20260114-000204,5000000204,GIS-072-2500,GIS Bay 72.5 kV / 2500 A,LINE-06,2026-01-14 10:25:00,IN_PRODUCTION
SN-00000584,EXEC-000205,WO-20260114-000205,5000000205,GIS-145-3150,GIS Bay 145 kV / 3150 A,LINE-01,2026-01-14 10:45:00,IN_PRODUCTION
SN-00000585,EXEC-000205,WO-20260114-000205,5000000205,GIS-145-3150,GIS Bay 145 kV / 3150 A,LINE-01,2026-01-14 10:45:00,IN_PRODUCTION
SN-00000586,EXEC-000205,WO-20260114-000205,5000000205,GIS-145-3150,GIS Bay 145 kV / 3150 A,LINE-01,2026-01-14 10:45:00,IN_PRODUCTION
SN-00000587,EXEC-000206,WO-20260114-000206,5000000206,GIS-072-2500,GIS Bay 72.5 kV / 2500 A,LINE-02,2026-01-14 11:05:00,IN_PRODUCTION
SN-00000588,EXEC-000206,WO-20260114-000206,5000000206,GIS-072-2500,GIS Bay 72.5 kV / 2500 A,LINE-02,2026-01-14 11:05:00,IN_PRODUCTION
SN-00000589,EXEC-000206,WO-20260114-000206,5000000206,GIS-072-2500,GIS Bay 72.5 kV / 2500 A,LINE-02,2026-01-14 11:05:00,IN_PRODUCTION
SN-00000590,EXEC-000206,WO-20260114-000206,5000000206,GIS-072-2500,GIS Bay 72.5 kV / 2500 A,LINE-02,2026-01-14 11:05:00,IN_PRODUCTION
SN-00000591,EXEC-000206,WO-20260114-000206,5000000206,GIS-072-2500,GIS Bay 72.5 kV / 2500 A,LINE-02,2026-01-14 11:05:00,IN_PRODUCTION
SN-00000592,EXEC-000207,WO-20260114-000207,5000000207,GIS-300-4000,GIS Bay 300 kV / 4000 A,LINE-03,2026-01-14 11:25:00,IN_PRODUCTION
SN-00000593,EXEC-000207,WO-20260114-000207,5000000207,GIS-300-4000,GIS Bay 300 kV / 4000 A,LINE-03,2026-01-14 11:25:00,IN_PRODUCTION
SN-00000594,EXEC-000208,WO-20260114-000208,5000000208,GIS-550-5000,GIS Bay 550 kV / 5000 A,LINE-04,2026-01-14 11:45:00,IN_PRODUCTION
SN-00000595,EXEC-000209,WO-20260114-000209,5000000209,GIS-300-4000,GIS Bay 300 kV / 4000 A,LINE-05,2026-01-14 12:05:00,IN_PRODUCTION
SN-00000596,EXEC-000210,WO-20260114-000210,5000000210,GIS-245-4000,GIS Bay 245 kV / 4000 A,LINE-06,2026-01-14 12:25:00,IN_PRODUCTION
SN-00000597,EXEC-000210,WO-20260114-000210,5000000210,GIS-245-4000,GIS Bay 245 kV / 4000 A,LINE-06,2026-01-14 12:25:00,IN_PRODUCTION
SN-00000598,EXEC-000210,WO-20260114-000210,5000000210,GIS-245-4000,GIS Bay 245 kV / 4000 A,LINE-06,2026-01-14 12:25:00,IN_PRODUCTION
SN-00000599,EXEC-000211,WO-20260115-000211,5000000211,GIS-420-4000,GIS Bay 420 kV / 4000 A,LINE-01,2026-01-15 06:45:00,IN_PRODUCTION
SN-00000600,EXEC-000211,WO-20260115-000211,5000000211,GIS-420-4000,GIS Bay 420 kV / 4000 A,LINE-01,2026-01-15 06:45:00,IN_PRODUCTION
SN-00000601,EXEC-000212,WO-20260115-000212,5000000212,GIS-300-4000,GIS Bay 300 kV / 4000 A,LINE-02,2026-01-15 07:05:00,IN_PRODUCTION
SN-00000602,EXEC-000212,WO-20260115-000212,5000000212,GIS-300-4000,GIS Bay 300 kV / 4000 A,LINE-02,2026-01-15 07:05:00,IN_PRODUCTION
SN-00000603,EXEC-000213,WO-20260115-000213,5000000213,GIS-072-3150,GIS Bay 72.5 kV / 3150 A,LINE-03,2026-01-15 07:25:00,IN_PRODUCTION
SN-00000604,EXEC-000213,WO-20260115-000213,5000000213,GIS-072-3150,GIS Bay 72.5 kV / 3150 A,LINE-03,2026-01-15 07:25:00,IN_PRODUCTION
SN-00000605,EXEC-000213,WO-20260115-000213,5000000213,GIS-072-3150,GIS Bay 72.5 kV / 3150 A,LINE-03,2026-01-15 07:25:00,IN_PRODUCTION
SN-00000606,EXEC-000214,WO-20260115-000214,5000000214,GIS-145-4000,GIS Bay 145 kV / 4000 A,LINE-04,2026-01-15 07:45:00,IN_PRODUCTION
SN-00000607,EXEC-000214,WO-20260115-000214,5000000214,GIS-145-4000,GIS Bay 145 kV / 4000 A,LINE-04,2026-01-15 07:45:00,IN_PRODUCTION
SN-00000608,EXEC-000214,WO-20260115-000214,5000000214,GIS-145-4000,GIS Bay 145 kV / 4000 A,LINE-04,2026-01-15 07:45:00,IN_PRODUCTION
SN-00000609,EXEC-000215,WO-20260115-000215,5000000215,GIS-245-3150,GIS Bay 245 kV / 3150 A,LINE-05,2026-01-15 08:05:00,IN_PRODUCTION
SN-00000610,EXEC-000215,WO-20260115-000215,5000000215,GIS-245-3150,GIS Bay 245 kV / 3150 A,LINE-05,2026-01-15 08:05:00,IN_PRODUCTION
SN-00000611,EXEC-000216,WO-20260115-000216,5000000216,GIS-300-4000,GIS Bay 300 kV / 4000 A,LINE-06,2026-01-15 08:25:00,IN_PRODUCTION
SN-00000612,EXEC-000217,WO-20260115-000217,5000000217,GIS-145-3150,GIS Bay 145 kV / 3150 A,LINE-01,2026-01-15 08:45:00,IN_PRODUCTION
SN-00000613,EXEC-000217,WO-20260115-000217,5000000217,GIS-145-3150,GIS Bay 145 kV / 3150 A,LINE-01,2026-01-15 08:45:00,IN_PRODUCTION
SN-00000614,EXEC-000217,WO-20260115-000217,5000000217,GIS-145-3150,GIS Bay 145 kV / 3150 A,LINE-01,2026-01-15 08:45:00,IN_PRODUCTION
SN-00000615,EXEC-000218,WO-20260115-000218,5000000218,GIS-420-4000,GIS Bay 420 kV / 4000 A,LINE-02,2026-01-15 09:05:00,IN_PRODUCTION
SN-00000616,EXEC-000218,WO-20260115-000218,5000000218,GIS-420-4000,GIS Bay 420 kV / 4000 A,LINE-02,2026-01-15 09:05:00,IN_PRODUCTION
SN-00000617,EXEC-000219,WO-20260115-000219,5000000219,GIS-145-4000,GIS Bay 145 kV / 4000 A,LINE-03,2026-01-15 09:25:00,IN_PRODUCTION
SN-00000618,EXEC-000219,WO-20260115-000219,5000000219,GIS-145-4000,GIS Bay 145 kV / 4000 A,LINE-03,2026-01-15 09:25:00,IN_PRODUCTION
SN-00000619,EXEC-000220,WO-20260115-000220,5000000220,GIS-245-3150,GIS Bay 245 kV / 3150 A,LINE-04,2026-01-15 09:45:00,IN_PRODUCTION
SN-00000620,EXEC-000220,WO-20260115-000220,5000000220,GIS-245-3150,GIS Bay 245 kV / 3150 A,LINE-04,2026-01-15 09:45:00,IN_PRODUCTION
SN-00000621,EXEC-000221,WO-20260115-000221,5000000221,GIS-072-3150,GIS Bay 72.5 kV / 3150 A,LINE-05,2026-01-15 10:05:00,IN_PRODUCTION
SN-00000622,EXEC-000221,WO-20260115-000221,5000000221,GIS-072-3150,GIS Bay 72.5 kV / 3150 A,LINE-05,2026-01-15 10:05:00,IN_PRODUCTION
SN-00000623,EXEC-000221,WO-20260115-000221,5000000221,GIS-072-3150,GIS Bay 72.5 kV / 3150 A,LINE-05,2026-01-15 10:05:00,IN_PRODUCTION
SN-00000624,EXEC-000221,WO-20260115-000221,5000000221,GIS-072-3150,GIS Bay 72.5 kV / 3150 A,LINE-05,2026-01-15 10:05:00,IN_PRODUCTION
SN-00000625,EXEC-000222,WO-20260115-000222,5000000222,GIS-145-4000,GIS Bay 145 kV / 4000 A,LINE-06,2026-01-15 10:25:00,IN_PRODUCTION
SN-00000626,EXEC-000222,WO-20260115-000222,5000000222,GIS-145-4000,GIS Bay 145 kV / 4000 A,LINE-06,2026-01-15 10:25:00,IN_PRODUCTION
SN-00000627,EXEC-000223,WO-20260115-000223,5000000223,GIS-072-3150,GIS Bay 72.5 kV / 3150 A,LINE-01,2026-01-15 10:45:00,IN_PRODUCTION
SN-00000628,EXEC-000223,WO-20260115-000223,5000000223,GIS-072-3150,GIS Bay 72.5 kV / 3150 A,LINE-01,2026-01-15 10:45:00,IN_PRODUCTION
SN-00000629,EXEC-000223,WO-20260115-000223,5000000223,GIS-072-3150,GIS Bay 72.5 kV / 3150 A,LINE-01,2026-01-15 10:45:00,IN_PRODUCTION
SN-00000630,EXEC-000223,WO-20260115-000223,5000000223,GIS-072-3150,GIS Bay 72.5 kV / 3150 A,LINE-01,2026-01-15 10:45:00,IN_PRODUCTION
SN-00000631,EXEC-000223,WO-20260115-000223,5000000223,GIS-072-3150,GIS Bay 72.5 kV / 3150 A,LINE-01,2026-01-15 10:45:00,IN_PRODUCTION
SN-00000632,EXEC-000224,WO-20260115-000224,5000000224,GIS-245-3150,GIS Bay 245 kV / 3150 A,LINE-02,2026-01-15 11:05:00,IN_PRODUCTION
SN-00000633,EXEC-000224,WO-20260115-000224,5000000224,GIS-245-3150,GIS Bay 245 kV / 3150 A,LINE-02,2026-01-15 11:05:00,IN_PRODUCTION
SN-00000634,EXEC-000225,WO-20260115-000225,5000000225,GIS-145-4000,GIS Bay 145 kV / 4000 A,LINE-03,2026-01-15 11:25:00,IN_PRODUCTION
SN-00000635,EXEC-000225,WO-20260115-000225,5000000225,GIS-145-4000,GIS Bay 145 kV / 4000 A,LINE-03,2026-01-15 11:25:00,IN_PRODUCTION
SN-00000636,EXEC-000225,WO-20260115-000225,5000000225,GIS-145-4000,GIS Bay 145 kV / 4000 A,LINE-03,2026-01-15 11:25:00,IN_PRODUCTION
SN-00000637,EXEC-000226,WO-20260115-000226,5000000226,GIS-170-4000,GIS Bay 170 kV / 4000 A,LINE-04,2026-01-15 11:45:00,IN_PRODUCTION
SN-00000638,EXEC-000226,WO-20260115-000226,5000000226,GIS-170-4000,GIS Bay 170 kV / 4000 A,LINE-04,2026-01-15 11:45:00,IN_PRODUCTION
SN-00000639,EXEC-000226,WO-20260115-000226,5000000226,GIS-170-4000,GIS Bay 170 kV / 4000 A,LINE-04,2026-01-15 11:45:00,IN_PRODUCTION
SN-00000640,EXEC-000227,WO-20260115-000227,5000000227,GIS-072-3150,GIS Bay 72.5 kV / 3150 A,LINE-05,2026-01-15 12:05:00,IN_PRODUCTION
SN-00000641,EXEC-000227,WO-20260115-000227,5000000227,GIS-072-3150,GIS Bay 72.5 kV / 3150 A,LINE-05,2026-01-15 12:05:00,IN_PRODUCTION
SN-00000642,EXEC-000227,WO-20260115-000227,5000000227,GIS-072-3150,GIS Bay 72.5 kV / 3150 A,LINE-05,2026-01-15 12:05:00,IN_PRODUCTION
SN-00000643,EXEC-000227,WO-20260115-000227,5000000227,GIS-072-3150,GIS Bay 72.5 kV / 3150 A,LINE-05,2026-01-15 12:05:00,IN_PRODUCTION
SN-00000644,EXEC-000228,WO-20260115-000228,5000000228,GIS-245-3150,GIS Bay 245 kV / 3150 A,LINE-06,2026-01-15 12:25:00,IN_PRODUCTION
SN-00000645,EXEC-000228,WO-20260115-000228,5000000228,GIS-245-3150,GIS Bay 245 kV / 3150 A,LINE-06,2026-01-15 12:25:00,IN_PRODUCTION
SN-00000646,EXEC-000229,WO-20260115-000229,5000000229,GIS-145-4000,GIS Bay 145 kV / 4000 A,LINE-01,2026-01-15 12:45:00,IN_PRODUCTION
SN-00000647,EXEC-000229,WO-20260115-000229,5000000229,GIS-145-4000,GIS Bay 145 kV / 4000 A,LINE-01,2026-01-15 12:45:00,IN_PRODUCTION
SN-00000648,EXEC-000229,WO-20260115-000229,5000000229,GIS-145-4000,GIS Bay 145 kV / 4000 A,LINE-01,2026-01-15 12:45:00,IN_PRODUCTION
SN-00000649,EXEC-000229,WO-20260115-000229,5000000229,GIS-145-4000,GIS Bay 145 kV / 4000 A,LINE-01,2026-01-15 12:45:00,IN_PRODUCTION
SN-00000650,EXEC-000230,WO-20260115-000230,5000000230,GIS-072-3150,GIS Bay 72.5 kV / 3150 A,LINE-02,2026-01-15 13:05:00,IN_PRODUCTION
SN-00000651,EXEC-000230,WO-20260115-000230,5000000230,GIS-072-3150,GIS Bay 72.5 kV / 3150 A,LINE-02,2026-01-15 13:05:00,IN_PRODUCTION
SN-00000652,EXEC-000230,WO-20260115-000230,5000000230,GIS-072-3150,GIS Bay 72.5 kV / 3150 A,LINE-02,2026-01-15 13:05:00,IN_PRODUCTION
SN-00000653,EXEC-000230,WO-20260115-000230,5000000230,GIS-072-3150,GIS Bay 72.5 kV / 3150 A,LINE-02,2026-01-15 13:05:00,IN_PRODUCTION
SN-00000654,EXEC-000231,WO-20260115-000231,5000000231,GIS-170-4000,GIS Bay 170 kV / 4000 A,LINE-03,2026-01-15 13:25:00,IN_PRODUCTION
SN-00000655,EXEC-000231,WO-20260115-000231,5000000231,GIS-170-4000,GIS Bay 170 kV / 4000 A,LINE-03,2026-01-15 13:25:00,IN_PRODUCTION
SN-00000656,EXEC-000231,WO-20260115-000231,5000000231,GIS-170-4000,GIS Bay 170 kV / 4000 A,LINE-03,2026-01-15 13:25:00,IN_PRODUCTION
SN-00000657,EXEC-000232,WO-20260115-000232,5000000232,GIS-300-4000,GIS Bay 300 kV / 4000 A,LINE-04,2026-01-15 13:45:00,IN_PRODUCTION
SN-00000658,EXEC-000232,WO-20260115-000232,5000000232,GIS-300-4000,GIS Bay 300 kV / 4000 A,LINE-04,2026-01-15 13:45:00,IN_PRODUCTION
SN-00000659,EXEC-000233,WO-20260115-000233,5000000233,GIS-072-3150,GIS Bay 72.5 kV / 3150 A,LINE-05,2026-01-15 14:05:00,IN_PRODUCTION
SN-00000660,EXEC-000233,WO-20260115-000233,5000000233,GIS-072-3150,GIS Bay 72.5 kV / 3150 A,LINE-05,2026-01-15 14:05:00,IN_PRODUCTION
SN-00000661,EXEC-000233,WO-20260115-000233,5000000233,GIS-072-3150,GIS Bay 72.5 kV / 3150 A,LINE-05,2026-01-15 14:05:00,IN_PRODUCTION
SN-00000662,EXEC-000234,WO-20260115-000234,5000000234,GIS-072-2500,GIS Bay 72.5 kV / 2500 A,LINE-06,2026-01-15 14:25:00,IN_PRODUCTION
SN-00000663,EXEC-000234,WO-20260115-000234,5000000234,GIS-072-2500,GIS Bay 72.5 kV / 2500 A,LINE-06,2026-01-15 14:25:00,IN_PRODUCTION
SN-00000664,EXEC-000234,WO-20260115-000234,5000000234,GIS-072-2500,GIS Bay 72.5 kV / 2500 A,LINE-06,2026-01-15 14:25:00,IN_PRODUCTION
SN-00000665,EXEC-000235,WO-20260116-000235,5000000235,GIS-072-3150,GIS Bay 72.5 kV / 3150 A,LINE-01,2026-01-16 06:45:00,IN_PRODUCTION
SN-00000666,EXEC-000235,WO-20260116-000235,5000000235,GIS-072-3150,GIS Bay 72.5 kV / 3150 A,LINE-01,2026-01-16 06:45:00,IN_PRODUCTION
SN-00000667,EXEC-000235,WO-20260116-000235,5000000235,GIS-072-3150,GIS Bay 72.5 kV / 3150 A,LINE-01,2026-01-16 06:45:00,IN_PRODUCTION
SN-00000668,EXEC-000236,WO-20260116-000236,5000000236,GIS-245-4000,GIS Bay 245 kV / 4000 A,LINE-02,2026-01-16 07:05:00,IN_PRODUCTION
SN-00000669,EXEC-000237,WO-20260116-000237,5000000237,GIS-170-4000,GIS Bay 170 kV / 4000 A,LINE-03,2026-01-16 07:25:00,IN_PRODUCTION
SN-00000670,EXEC-000237,WO-20260116-000237,5000000237,GIS-170-4000,GIS Bay 170 kV / 4000 A,LINE-03,2026-01-16 07:25:00,IN_PRODUCTION
SN-00000671,EXEC-000237,WO-20260116-000237,5000000237,GIS-170-4000,GIS Bay 170 kV / 4000 A,LINE-03,2026-01-16 07:25:00,IN_PRODUCTION
SN-00000672,EXEC-000238,WO-20260116-000238,5000000238,GIS-145-3150,GIS Bay 145 kV / 3150 A,LINE-04,2026-01-16 07:45:00,IN_PRODUCTION
SN-00000673,EXEC-000238,WO-20260116-000238,5000000238,GIS-145-3150,GIS Bay 145 kV / 3150 A,LINE-04,2026-01-16 07:45:00,IN_PRODUCTION
SN-00000674,EXEC-000239,WO-20260116-000239,5000000239,GIS-300-4000,GIS Bay 300 kV / 4000 A,LINE-05,2026-01-16 08:05:00,IN_PRODUCTION
SN-00000675,EXEC-000240,WO-20260116-000240,5000000240,GIS-145-3150,GIS Bay 145 kV / 3150 A,LINE-06,2026-01-16 08:25:00,IN_PRODUCTION
SN-00000676,EXEC-000240,WO-20260116-000240,5000000240,GIS-145-3150,GIS Bay 145 kV / 3150 A,LINE-06,2026-01-16 08:25:00,IN_PRODUCTION
SN-00000677,EXEC-000241,WO-20260116-000241,5000000241,GIS-245-3150,GIS Bay 245 kV / 3150 A,LINE-01,2026-01-16 08:45:00,IN_PRODUCTION
SN-00000678,EXEC-000242,WO-20260116-000242,5000000242,GIS-170-4000,GIS Bay 170 kV / 4000 A,LINE-02,2026-01-16 09:05:00,IN_PRODUCTION
SN-00000679,EXEC-000242,WO-20260116-000242,5000000242,GIS-170-4000,GIS Bay 170 kV / 4000 A,LINE-02,2026-01-16 09:05:00,IN_PRODUCTION
SN-00000680,EXEC-000242,WO-20260116-000242,5000000242,GIS-170-4000,GIS Bay 170 kV / 4000 A,LINE-02,2026-01-16 09:05:00,IN_PRODUCTION
SN-00000681,EXEC-000243,WO-20260116-000243,5000000243,GIS-072-3150,GIS Bay 72.5 kV / 3150 A,LINE-03,2026-01-16 09:25:00,IN_PRODUCTION
SN-00000682,EXEC-000243,WO-20260116-000243,5000000243,GIS-072-3150,GIS Bay 72.5 kV / 3150 A,LINE-03,2026-01-16 09:25:00,IN_PRODUCTION
SN-00000683,EXEC-000243,WO-20260116-000243,5000000243,GIS-072-3150,GIS Bay 72.5 kV / 3150 A,LINE-03,2026-01-16 09:25:00,IN_PRODUCTION
SN-00000684,EXEC-000243,WO-20260116-000243,5000000243,GIS-072-3150,GIS Bay 72.5 kV / 3150 A,LINE-03,2026-01-16 09:25:00,IN_PRODUCTION
SN-00000685,EXEC-000243,WO-20260116-000243,5000000243,GIS-072-3150,GIS Bay 72.5 kV / 3150 A,LINE-03,2026-01-16 09:25:00,IN_PRODUCTION
SN-00000686,EXEC-000244,WO-20260116-000244,5000000244,GIS-170-4000,GIS Bay 170 kV / 4000 A,LINE-04,2026-01-16 09:45:00,IN_PRODUCTION
SN-00000687,EXEC-000244,WO-20260116-000244,5000000244,GIS-170-4000,GIS Bay 170 kV / 4000 A,LINE-04,2026-01-16 09:45:00,IN_PRODUCTION
SN-00000688,EXEC-000245,WO-20260116-000245,5000000245,GIS-145-3150,GIS Bay 145 kV / 3150 A,LINE-05,2026-01-16 10:05:00,IN_PRODUCTION
SN-00000689,EXEC-000245,WO-20260116-000245,5000000245,GIS-145-3150,GIS Bay 145 kV / 3150 A,LINE-05,2026-01-16 10:05:00,IN_PRODUCTION
SN-00000690,EXEC-000245,WO-20260116-000245,5000000245,GIS-145-3150,GIS Bay 145 kV / 3150 A,LINE-05,2026-01-16 10:05:00,IN_PRODUCTION
SN-00000691,EXEC-000246,WO-20260116-000246,5000000246,GIS-170-4000,GIS Bay 170 kV / 4000 A,LINE-06,2026-01-16 10:25:00,IN_PRODUCTION
SN-00000692,EXEC-000246,WO-20260116-000246,5000000246,GIS-170-4000,GIS Bay 170 kV / 4000 A,LINE-06,2026-01-16 10:25:00,IN_PRODUCTION
SN-00000693,EXEC-000246,WO-20260116-000246,5000000246,GIS-170-4000,GIS Bay 170 kV / 4000 A,LINE-06,2026-01-16 10:25:00,IN_PRODUCTION
SN-00000694,EXEC-000247,WO-20260116-000247,5000000247,GIS-170-4000,GIS Bay 170 kV / 4000 A,LINE-01,2026-01-16 10:45:00,IN_PRODUCTION
SN-00000695,EXEC-000247,WO-20260116-000247,5000000247,GIS-170-4000,GIS Bay 170 kV / 4000 A,LINE-01,2026-01-16 10:45:00,IN_PRODUCTION
SN-00000696,EXEC-000248,WO-20260116-000248,5000000248,GIS-072-3150,GIS Bay 72.5 kV / 3150 A,LINE-02,2026-01-16 11:05:00,IN_PRODUCTION
SN-00000697,EXEC-000248,WO-20260116-000248,5000000248,GIS-072-3150,GIS Bay 72.5 kV / 3150 A,LINE-02,2026-01-16 11:05:00,IN_PRODUCTION
SN-00000698,EXEC-000248,WO-20260116-000248,5000000248,GIS-072-3150,GIS Bay 72.5 kV / 3150 A,LINE-02,2026-01-16 11:05:00,IN_PRODUCTION
SN-00000699,EXEC-000249,WO-20260116-000249,5000000249,GIS-072-2500,GIS Bay 72.5 kV / 2500 A,LINE-03,2026-01-16 11:25:00,IN_PRODUCTION
SN-00000700,EXEC-000249,WO-20260116-000249,5000000249,GIS-072-2500,GIS Bay 72.5 kV / 2500 A,LINE-03,2026-01-16 11:25:00,IN_PRODUCTION
SN-00000701,EXEC-000249,WO-20260116-000249,5000000249,GIS-072-2500,GIS Bay 72.5 kV / 2500 A,LINE-03,2026-01-16 11:25:00,IN_PRODUCTION
SN-00000702,EXEC-000250,WO-20260116-000250,5000000250,GIS-072-2500,GIS Bay 72.5 kV / 2500 A,LINE-04,2026-01-16 11:45:00,IN_PRODUCTION
SN-00000703,EXEC-000250,WO-20260116-000250,5000000250,GIS-072-2500,GIS Bay 72.5 kV / 2500 A,LINE-04,2026-01-16 11:45:00,IN_PRODUCTION
SN-00000704,EXEC-000250,WO-20260116-000250,5000000250,GIS-072-2500,GIS Bay 72.5 kV / 2500 A,LINE-04,2026-01-16 11:45:00,IN_PRODUCTION
SN-00000705,EXEC-000251,WO-20260116-000251,5000000251,GIS-245-3150,GIS Bay 245 kV / 3150 A,LINE-05,2026-01-16 12:05:00,IN_PRODUCTION
SN-00000706,EXEC-000251,WO-20260116-000251,5000000251,GIS-245-3150,GIS Bay 245 kV / 3150 A,LINE-05,2026-01-16 12:05:00,IN_PRODUCTION
SN-00000707,EXEC-000252,WO-20260116-000252,5000000252,GIS-072-3150,GIS Bay 72.5 kV / 3150 A,LINE-06,2026-01-16 12:25:00,IN_PRODUCTION
SN-00000708,EXEC-000252,WO-20260116-000252,5000000252,GIS-072-3150,GIS Bay 72.5 kV / 3150 A,LINE-06,2026-01-16 12:25:00,IN_PRODUCTION
SN-00000709,EXEC-000252,WO-20260116-000252,5000000252,GIS-072-3150,GIS Bay 72.5 kV / 3150 A,LINE-06,2026-01-16 12:25:00,IN_PRODUCTION
SN-00000710,EXEC-000252,WO-20260116-000252,5000000252,GIS-072-3150,GIS Bay 72.5 kV / 3150 A,LINE-06,2026-01-16 12:25:00,IN_PRODUCTION
SN-00000711,EXEC-000252,WO-20260116-000252,5000000252,GIS-072-3150,GIS Bay 72.5 kV / 3150 A,LINE-06,2026-01-16 12:25:00,IN_PRODUCTION
SN-00000712,EXEC-000253,WO-20260116-000253,5000000253,GIS-300-4000,GIS Bay 300 kV / 4000 A,LINE-01,2026-01-16 12:45:00,IN_PRODUCTION
SN-00000713,EXEC-000254,WO-20260116-000254,5000000254,GIS-420-5000,GIS Bay 420 kV / 5000 A,LINE-02,2026-01-16 13:05:00,IN_PRODUCTION
SN-00000714,EXEC-000255,WO-20260116-000255,5000000255,GIS-145-4000,GIS Bay 145 kV / 4000 A,LINE-03,2026-01-16 13:25:00,IN_PRODUCTION
SN-00000715,EXEC-000255,WO-20260116-000255,5000000255,GIS-145-4000,GIS Bay 145 kV / 4000 A,LINE-03,2026-01-16 13:25:00,IN_PRODUCTION
SN-00000716,EXEC-000255,WO-20260116-000255,5000000255,GIS-145-4000,GIS Bay 145 kV / 4000 A,LINE-03,2026-01-16 13:25:00,IN_PRODUCTION
SN-00000717,EXEC-000255,WO-20260116-000255,5000000255,GIS-145-4000,GIS Bay 145 kV / 4000 A,LINE-03,2026-01-16 13:25:00,IN_PRODUCTION
SN-00000718,EXEC-000256,WO-20260116-000256,5000000256,GIS-072-3150,GIS Bay 72.5 kV / 3150 A,LINE-04,2026-01-16 13:45:00,IN_PRODUCTION
SN-00000719,EXEC-000256,WO-20260116-000256,5000000256,GIS-072-3150,GIS Bay 72.5 kV / 3150 A,LINE-04,2026-01-16 13:45:00,IN_PRODUCTION
SN-00000720,EXEC-000256,WO-20260116-000256,5000000256,GIS-072-3150,GIS Bay 72.5 kV / 3150 A,LINE-04,2026-01-16 13:45:00,IN_PRODUCTION
SN-00000721,EXEC-000257,WO-20260117-000257,5000000257,GIS-245-4000,GIS Bay 245 kV / 4000 A,LINE-05,2026-01-17 06:45:00,IN_PRODUCTION
SN-00000722,EXEC-000257,WO-20260117-000257,5000000257,GIS-245-4000,GIS Bay 245 kV / 4000 A,LINE-05,2026-01-17 06:45:00,IN_PRODUCTION
SN-00000723,EXEC-000257,WO-20260117-000257,5000000257,GIS-245-4000,GIS Bay 245 kV / 4000 A,LINE-05,2026-01-17 06:45:00,IN_PRODUCTION
SN-00000724,EXEC-000258,WO-20260117-000258,5000000258,GIS-170-4000,GIS Bay 170 kV / 4000 A,LINE-06,2026-01-17 07:05:00,IN_PRODUCTION
SN-00000725,EXEC-000258,WO-20260117-000258,5000000258,GIS-170-4000,GIS Bay 170 kV / 4000 A,LINE-06,2026-01-17 07:05:00,IN_PRODUCTION
SN-00000726,EXEC-000258,WO-20260117-000258,5000000258,GIS-170-4000,GIS Bay 170 kV / 4000 A,LINE-06,2026-01-17 07:05:00,IN_PRODUCTION
SN-00000727,EXEC-000259,WO-20260117-000259,5000000259,GIS-145-4000,GIS Bay 145 kV / 4000 A,LINE-01,2026-01-17 07:25:00,IN_PRODUCTION
SN-00000728,EXEC-000259,WO-20260117-000259,5000000259,GIS-145-4000,GIS Bay 145 kV / 4000 A,LINE-01,2026-01-17 07:25:00,IN_PRODUCTION
SN-00000729,EXEC-000259,WO-20260117-000259,5000000259,GIS-145-4000,GIS Bay 145 kV / 4000 A,LINE-01,2026-01-17 07:25:00,IN_PRODUCTION
SN-00000730,EXEC-000260,WO-20260117-000260,5000000260,GIS-420-5000,GIS Bay 420 kV / 5000 A,LINE-02,2026-01-17 07:45:00,IN_PRODUCTION
SN-00000731,EXEC-000260,WO-20260117-000260,5000000260,GIS-420-5000,GIS Bay 420 kV / 5000 A,LINE-02,2026-01-17 07:45:00,IN_PRODUCTION
SN-00000732,EXEC-000261,WO-20260117-000261,5000000261,GIS-170-4000,GIS Bay 170 kV / 4000 A,LINE-03,2026-01-17 08:05:00,IN_PRODUCTION
SN-00000733,EXEC-000261,WO-20260117-000261,5000000261,GIS-170-4000,GIS Bay 170 kV / 4000 A,LINE-03,2026-01-17 08:05:00,IN_PRODUCTION
SN-00000734,EXEC-000261,WO-20260117-000261,5000000261,GIS-170-4000,GIS Bay 170 kV / 4000 A,LINE-03,2026-01-17 08:05:00,IN_PRODUCTION
SN-00000735,EXEC-000262,WO-20260117-000262,5000000262,GIS-170-4000,GIS Bay 170 kV / 4000 A,LINE-04,2026-01-17 08:25:00,IN_PRODUCTION
SN-00000736,EXEC-000262,WO-20260117-000262,5000000262,GIS-170-4000,GIS Bay 170 kV / 4000 A,LINE-04,2026-01-17 08:25:00,IN_PRODUCTION
SN-00000737,EXEC-000263,WO-20260117-000263,5000000263,GIS-550-5000,GIS Bay 550 kV / 5000 A,LINE-05,2026-01-17 08:45:00,IN_PRODUCTION
SN-00000738,EXEC-000264,WO-20260117-000264,5000000264,GIS-170-4000,GIS Bay 170 kV / 4000 A,LINE-06,2026-01-17 09:05:00,IN_PRODUCTION
SN-00000739,EXEC-000264,WO-20260117-000264,5000000264,GIS-170-4000,GIS Bay 170 kV / 4000 A,LINE-06,2026-01-17 09:05:00,IN_PRODUCTION
SN-00000740,EXEC-000265,WO-20260117-000265,5000000265,GIS-245-3150,GIS Bay 245 kV / 3150 A,LINE-01,2026-01-17 09:25:00,IN_PRODUCTION
SN-00000741,EXEC-000265,WO-20260117-000265,5000000265,GIS-245-3150,GIS Bay 245 kV / 3150 A,LINE-01,2026-01-17 09:25:00,IN_PRODUCTION
SN-00000742,EXEC-000266,WO-20260117-000266,5000000266,GIS-245-4000,GIS Bay 245 kV / 4000 A,LINE-02,2026-01-17 09:45:00,IN_PRODUCTION
SN-00000743,EXEC-000267,WO-20260117-000267,5000000267,GIS-245-3150,GIS Bay 245 kV / 3150 A,LINE-03,2026-01-17 10:05:00,IN_PRODUCTION
SN-00000744,EXEC-000267,WO-20260117-000267,5000000267,GIS-245-3150,GIS Bay 245 kV / 3150 A,LINE-03,2026-01-17 10:05:00,IN_PRODUCTION
SN-00000745,EXEC-000268,WO-20260117-000268,5000000268,GIS-170-4000,GIS Bay 170 kV / 4000 A,LINE-04,2026-01-17 10:25:00,IN_PRODUCTION
SN-00000746,EXEC-000268,WO-20260117-000268,5000000268,GIS-170-4000,GIS Bay 170 kV / 4000 A,LINE-04,2026-01-17 10:25:00,IN_PRODUCTION
SN-00000747,EXEC-000268,WO-20260117-000268,5000000268,GIS-170-4000,GIS Bay 170 kV / 4000 A,LINE-04,2026-01-17 10:25:00,IN_PRODUCTION
SN-00000748,EXEC-000269,WO-20260117-000269,5000000269,GIS-145-4000,GIS Bay 145 kV / 4000 A,LINE-05,2026-01-17 10:45:00,IN_PRODUCTION
SN-00000749,EXEC-000269,WO-20260117-000269,5000000269,GIS-145-4000,GIS Bay 145 kV / 4000 A,LINE-05,2026-01-17 10:45:00,IN_PRODUCTION
SN-00000750,EXEC-000269,WO-20260117-000269,5000000269,GIS-145-4000,GIS Bay 145 kV / 4000 A,LINE-05,2026-01-17 10:45:00,IN_PRODUCTION
SN-00000751,EXEC-000270,WO-20260117-000270,5000000270,GIS-245-3150,GIS Bay 245 kV / 3150 A,LINE-06,2026-01-17 11:05:00,IN_PRODUCTION
SN-00000752,EXEC-000271,WO-20260117-000271,5000000271,GIS-245-3150,GIS Bay 245 kV / 3150 A,LINE-01,2026-01-17 11:25:00,IN_PRODUCTION
SN-00000753,EXEC-000271,WO-20260117-000271,5000000271,GIS-245-3150,GIS Bay 245 kV / 3150 A,LINE-01,2026-01-17 11:25:00,IN_PRODUCTION
SN-00000754,EXEC-000272,WO-20260117-000272,5000000272,GIS-145-3150,GIS Bay 145 kV / 3150 A,LINE-02,2026-01-17 11:45:00,IN_PRODUCTION
SN-00000755,EXEC-000272,WO-20260117-000272,5000000272,GIS-145-3150,GIS Bay 145 kV / 3150 A,LINE-02,2026-01-17 11:45:00,IN_PRODUCTION
SN-00000756,EXEC-000272,WO-20260117-000272,5000000272,GIS-145-3150,GIS Bay 145 kV / 3150 A,LINE-02,2026-01-17 11:45:00,IN_PRODUCTION
SN-00000757,EXEC-000272,WO-20260117-000272,5000000272,GIS-145-3150,GIS Bay 145 kV / 3150 A,LINE-02,2026-01-17 11:45:00,IN_PRODUCTION
SN-00000758,EXEC-000273,WO-20260117-000273,5000000273,GIS-072-2500,GIS Bay 72.5 kV / 2500 A,LINE-03,2026-01-17 12:05:00,IN_PRODUCTION
SN-00000759,EXEC-000273,WO-20260117-000273,5000000273,GIS-072-2500,GIS Bay 72.5 kV / 2500 A,LINE-03,2026-01-17 12:05:00,IN_PRODUCTION
SN-00000760,EXEC-000273,WO-20260117-000273,5000000273,GIS-072-2500,GIS Bay 72.5 kV / 2500 A,LINE-03,2026-01-17 12:05:00,IN_PRODUCTION
SN-00000761,EXEC-000273,WO-20260117-000273,5000000273,GIS-072-2500,GIS Bay 72.5 kV / 2500 A,LINE-03,2026-01-17 12:05:00,IN_PRODUCTION
SN-00000762,EXEC-000274,WO-20260117-000274,5000000274,GIS-550-5000,GIS Bay 550 kV / 5000 A,LINE-04,2026-01-17 12:25:00,IN_PRODUCTION
SN-00000763,EXEC-000275,WO-20260117-000275,5000000275,GIS-145-4000,GIS Bay 145 kV / 4000 A,LINE-05,2026-01-17 12:45:00,IN_PRODUCTION
SN-00000764,EXEC-000275,WO-20260117-000275,5000000275,GIS-145-4000,GIS Bay 145 kV / 4000 A,LINE-05,2026-01-17 12:45:00,IN_PRODUCTION
SN-00000765,EXEC-000276,WO-20260118-000276,5000000276,GIS-145-4000,GIS Bay 145 kV / 4000 A,LINE-06,2026-01-18 06:45:00,IN_PRODUCTION
SN-00000766,EXEC-000276,WO-20260118-000276,5000000276,GIS-145-4000,GIS Bay 145 kV / 4000 A,LINE-06,2026-01-18 06:45:00,IN_PRODUCTION
SN-00000767,EXEC-000277,WO-20260118-000277,5000000277,GIS-145-3150,GIS Bay 145 kV / 3150 A,LINE-01,2026-01-18 07:05:00,IN_PRODUCTION
SN-00000768,EXEC-000277,WO-20260118-000277,5000000277,GIS-145-3150,GIS Bay 145 kV / 3150 A,LINE-01,2026-01-18 07:05:00,IN_PRODUCTION
SN-00000769,EXEC-000277,WO-20260118-000277,5000000277,GIS-145-3150,GIS Bay 145 kV / 3150 A,LINE-01,2026-01-18 07:05:00,IN_PRODUCTION
SN-00000770,EXEC-000278,WO-20260118-000278,5000000278,GIS-245-4000,GIS Bay 245 kV / 4000 A,LINE-02,2026-01-18 07:25:00,IN_PRODUCTION
SN-00000771,EXEC-000279,WO-20260118-000279,5000000279,GIS-072-2500,GIS Bay 72.5 kV / 2500 A,LINE-03,2026-01-18 07:45:00,IN_PRODUCTION
SN-00000772,EXEC-000279,WO-20260118-000279,5000000279,GIS-072-2500,GIS Bay 72.5 kV / 2500 A,LINE-03,2026-01-18 07:45:00,IN_PRODUCTION
SN-00000773,EXEC-000279,WO-20260118-000279,5000000279,GIS-072-2500,GIS Bay 72.5 kV / 2500 A,LINE-03,2026-01-18 07:45:00,IN_PRODUCTION
SN-00000774,EXEC-000279,WO-20260118-000279,5000000279,GIS-072-2500,GIS Bay 72.5 kV / 2500 A,LINE-03,2026-01-18 07:45:00,IN_PRODUCTION
SN-00000775,EXEC-000280,WO-20260118-000280,5000000280,GIS-245-3150,GIS Bay 245 kV / 3150 A,LINE-04,2026-01-18 08:05:00,IN_PRODUCTION
SN-00000776,EXEC-000281,WO-20260118-000281,5000000281,GIS-245-3150,GIS Bay 245 kV / 3150 A,LINE-05,2026-01-18 08:25:00,IN_PRODUCTION
SN-00000777,EXEC-000282,WO-20260118-000282,5000000282,GIS-145-3150,GIS Bay 145 kV / 3150 A,LINE-06,2026-01-18 08:45:00,IN_PRODUCTION
SN-00000778,EXEC-000282,WO-20260118-000282,5000000282,GIS-145-3150,GIS Bay 145 kV / 3150 A,LINE-06,2026-01-18 08:45:00,IN_PRODUCTION
SN-00000779,EXEC-000283,WO-20260118-000283,5000000283,GIS-072-2500,GIS Bay 72.5 kV / 2500 A,LINE-01,2026-01-18 09:05:00,IN_PRODUCTION
SN-00000780,EXEC-000283,WO-20260118-000283,5000000283,GIS-072-2500,GIS Bay 72.5 kV / 2500 A,LINE-01,2026-01-18 09:05:00,IN_PRODUCTION
SN-00000781,EXEC-000283,WO-20260118-000283,5000000283,GIS-072-2500,GIS Bay 72.5 kV / 2500 A,LINE-01,2026-01-18 09:05:00,IN_PRODUCTION
SN-00000782,EXEC-000284,WO-20260118-000284,5000000284,GIS-072-2500,GIS Bay 72.5 kV / 2500 A,LINE-02,2026-01-18 09:25:00,IN_PRODUCTION
SN-00000783,EXEC-000284,WO-20260118-000284,5000000284,GIS-072-2500,GIS Bay 72.5 kV / 2500 A,LINE-02,2026-01-18 09:25:00,IN_PRODUCTION
SN-00000784,EXEC-000284,WO-20260118-000284,5000000284,GIS-072-2500,GIS Bay 72.5 kV / 2500 A,LINE-02,2026-01-18 09:25:00,IN_PRODUCTION
SN-00000785,EXEC-000285,WO-20260118-000285,5000000285,GIS-245-3150,GIS Bay 245 kV / 3150 A,LINE-03,2026-01-18 09:45:00,IN_PRODUCTION
SN-00000786,EXEC-000285,WO-20260118-000285,5000000285,GIS-245-3150,GIS Bay 245 kV / 3150 A,LINE-03,2026-01-18 09:45:00,IN_PRODUCTION
SN-00000787,EXEC-000285,WO-20260118-000285,5000000285,GIS-245-3150,GIS Bay 245 kV / 3150 A,LINE-03,2026-01-18 09:45:00,IN_PRODUCTION
SN-00000788,EXEC-000286,WO-20260118-000286,5000000286,GIS-145-3150,GIS Bay 145 kV / 3150 A,LINE-04,2026-01-18 10:05:00,IN_PRODUCTION
SN-00000789,EXEC-000286,WO-20260118-000286,5000000286,GIS-145-3150,GIS Bay 145 kV / 3150 A,LINE-04,2026-01-18 10:05:00,IN_PRODUCTION
SN-00000790,EXEC-000286,WO-20260118-000286,5000000286,GIS-145-3150,GIS Bay 145 kV / 3150 A,LINE-04,2026-01-18 10:05:00,IN_PRODUCTION
SN-00000791,EXEC-000287,WO-20260118-000287,5000000287,GIS-072-3150,GIS Bay 72.5 kV / 3150 A,LINE-05,2026-01-18 10:25:00,IN_PRODUCTION
SN-00000792,EXEC-000287,WO-20260118-000287,5000000287,GIS-072-3150,GIS Bay 72.5 kV / 3150 A,LINE-05,2026-01-18 10:25:00,IN_PRODUCTION
SN-00000793,EXEC-000287,WO-20260118-000287,5000000287,GIS-072-3150,GIS Bay 72.5 kV / 3150 A,LINE-05,2026-01-18 10:25:00,IN_PRODUCTION
SN-00000794,EXEC-000287,WO-20260118-000287,5000000287,GIS-072-3150,GIS Bay 72.5 kV / 3150 A,LINE-05,2026-01-18 10:25:00,IN_PRODUCTION
SN-00000795,EXEC-000287,WO-20260118-000287,5000000287,GIS-072-3150,GIS Bay 72.5 kV / 3150 A,LINE-05,2026-01-18 10:25:00,IN_PRODUCTION
SN-00000796,EXEC-000288,WO-20260118-000288,5000000288,GIS-072-3150,GIS Bay 72.5 kV / 3150 A,LINE-06,2026-01-18 10:45:00,IN_PRODUCTION
SN-00000797,EXEC-000288,WO-20260118-000288,5000000288,GIS-072-3150,GIS Bay 72.5 kV / 3150 A,LINE-06,2026-01-18 10:45:00,IN_PRODUCTION
SN-00000798,EXEC-000288,WO-20260118-000288,5000000288,GIS-072-3150,GIS Bay 72.5 kV / 3150 A,LINE-06,2026-01-18 10:45:00,IN_PRODUCTION
SN-00000799,EXEC-000288,WO-20260118-000288,5000000288,GIS-072-3150,GIS Bay 72.5 kV / 3150 A,LINE-06,2026-01-18 10:45:00,IN_PRODUCTION
SN-00000800,EXEC-000288,WO-20260118-000288,5000000288,GIS-072-3150,GIS Bay 72.5 kV / 3150 A,LINE-06,2026-01-18 10:45:00,IN_PRODUCTION
SN-00000801,EXEC-000289,WO-20260118-000289,5000000289,GIS-420-4000,GIS Bay 420 kV / 4000 A,LINE-01,2026-01-18 11:05:00,IN_PRODUCTION
SN-00000802,EXEC-000290,WO-20260118-000290,5000000290,GIS-245-4000,GIS Bay 245 kV / 4000 A,LINE-02,2026-01-18 11:25:00,IN_PRODUCTION
SN-00000803,EXEC-000290,WO-20260118-000290,5000000290,GIS-245-4000,GIS Bay 245 kV / 4000 A,LINE-02,2026-01-18 11:25:00,IN_PRODUCTION
SN-00000804,EXEC-000291,WO-20260118-000291,5000000291,GIS-245-4000,GIS Bay 245 kV / 4000 A,LINE-03,2026-01-18 11:45:00,IN_PRODUCTION
SN-00000805,EXEC-000291,WO-20260118-000291,5000000291,GIS-245-4000,GIS Bay 245 kV / 4000 A,LINE-03,2026-01-18 11:45:00,IN_PRODUCTION
SN-00000806,EXEC-000292,WO-20260118-000292,5000000292,GIS-072-3150,GIS Bay 72.5 kV / 3150 A,LINE-04,2026-01-18 12:05:00,IN_PRODUCTION
SN-00000807,EXEC-000292,WO-20260118-000292,5000000292,GIS-072-3150,GIS Bay 72.5 kV / 3150 A,LINE-04,2026-01-18 12:05:00,IN_PRODUCTION
SN-00000808,EXEC-000292,WO-20260118-000292,5000000292,GIS-072-3150,GIS Bay 72.5 kV / 3150 A,LINE-04,2026-01-18 12:05:00,IN_PRODUCTION
SN-00000809,EXEC-000292,WO-20260118-000292,5000000292,GIS-072-3150,GIS Bay 72.5 kV / 3150 A,LINE-04,2026-01-18 12:05:00,IN_PRODUCTION
SN-00000810,EXEC-000293,WO-20260118-000293,5000000293,GIS-170-4000,GIS Bay 170 kV / 4000 A,LINE-05,2026-01-18 12:25:00,IN_PRODUCTION
SN-00000811,EXEC-000293,WO-20260118-000293,5000000293,GIS-170-4000,GIS Bay 170 kV / 4000 A,LINE-05,2026-01-18 12:25:00,IN_PRODUCTION
SN-00000812,EXEC-000293,WO-20260118-000293,5000000293,GIS-170-4000,GIS Bay 170 kV / 4000 A,LINE-05,2026-01-18 12:25:00,IN_PRODUCTION
SN-00000813,EXEC-000294,WO-20260118-000294,5000000294,GIS-145-3150,GIS Bay 145 kV / 3150 A,LINE-06,2026-01-18 12:45:00,IN_PRODUCTION
SN-00000814,EXEC-000294,WO-20260118-000294,5000000294,GIS-145-3150,GIS Bay 145 kV / 3150 A,LINE-06,2026-01-18 12:45:00,IN_PRODUCTION
SN-00000815,EXEC-000294,WO-20260118-000294,5000000294,GIS-145-3150,GIS Bay 145 kV / 3150 A,LINE-06,2026-01-18 12:45:00,IN_PRODUCTION
SN-00000816,EXEC-000295,WO-20260118-000295,5000000295,GIS-170-4000,GIS Bay 170 kV / 4000 A,LINE-01,2026-01-18 13:05:00,IN_PRODUCTION
SN-00000817,EXEC-000295,WO-20260118-000295,5000000295,GIS-170-4000,GIS Bay 170 kV / 4000 A,LINE-01,2026-01-18 13:05:00,IN_PRODUCTION
SN-00000818,EXEC-000295,WO-20260118-000295,5000000295,GIS-170-4000,GIS Bay 170 kV / 4000 A,LINE-01,2026-01-18 13:05:00,IN_PRODUCTION
SN-00000819,EXEC-000296,WO-20260118-000296,5000000296,GIS-145-3150,GIS Bay 145 kV / 3150 A,LINE-02,2026-01-18 13:25:00,IN_PRODUCTION
SN-00000820,EXEC-000296,WO-20260118-000296,5000000296,GIS-145-3150,GIS Bay 145 kV / 3150 A,LINE-02,2026-01-18 13:25:00,IN_PRODUCTION
SN-00000821,EXEC-000297,WO-20260118-000297,5000000297,GIS-072-3150,GIS Bay 72.5 kV / 3150 A,LINE-03,2026-01-18 13:45:00,IN_PRODUCTION
SN-00000822,EXEC-000297,WO-20260118-000297,5000000297,GIS-072-3150,GIS Bay 72.5 kV / 3150 A,LINE-03,2026-01-18 13:45:00,IN_PRODUCTION
SN-00000823,EXEC-000297,WO-20260118-000297,5000000297,GIS-072-3150,GIS Bay 72.5 kV / 3150 A,LINE-03,2026-01-18 13:45:00,IN_PRODUCTION
SN-00000824,EXEC-000297,WO-20260118-000297,5000000297,GIS-072-3150,GIS Bay 72.5 kV / 3150 A,LINE-03,2026-01-18 13:45:00,IN_PRODUCTION
SN-00000825,EXEC-000298,WO-20260119-000298,5000000298,GIS-145-3150,GIS Bay 145 kV / 3150 A,LINE-04,2026-01-19 06:45:00,IN_PRODUCTION
SN-00000826,EXEC-000298,WO-20260119-000298,5000000298,GIS-145-3150,GIS Bay 145 kV / 3150 A,LINE-04,2026-01-19 06:45:00,IN_PRODUCTION
SN-00000827,EXEC-000298,WO-20260119-000298,5000000298,GIS-145-3150,GIS Bay 145 kV / 3150 A,LINE-04,2026-01-19 06:45:00,IN_PRODUCTION
SN-00000828,EXEC-000299,WO-20260119-000299,5000000299,GIS-245-3150,GIS Bay 245 kV / 3150 A,LINE-05,2026-01-19 07:05:00,IN_PRODUCTION
SN-00000829,EXEC-000299,WO-20260119-000299,5000000299,GIS-245-3150,GIS Bay 245 kV / 3150 A,LINE-05,2026-01-19 07:05:00,IN_PRODUCTION
SN-00000830,EXEC-000300,WO-20260119-000300,5000000300,GIS-245-3150,GIS Bay 245 kV / 3150 A,LINE-06,2026-01-19 07:25:00,IN_PRODUCTION
SN-00000831,EXEC-000300,WO-20260119-000300,5000000300,GIS-245-3150,GIS Bay 245 kV / 3150 A,LINE-06,2026-01-19 07:25:00,IN_PRODUCTION
SN-00000832,EXEC-000300,WO-20260119-000300,5000000300,GIS-245-3150,GIS Bay 245 kV / 3150 A,LINE-06,2026-01-19 07:25:00,IN_PRODUCTION
SN-00000833,EXEC-000301,WO-20260119-000301,5000000301,GIS-145-4000,GIS Bay 145 kV / 4000 A,LINE-01,2026-01-19 07:45:00,IN_PRODUCTION
SN-00000834,EXEC-000301,WO-20260119-000301,5000000301,GIS-145-4000,GIS Bay 145 kV / 4000 A,LINE-01,2026-01-19 07:45:00,IN_PRODUCTION
SN-00000835,EXEC-000302,WO-20260119-000302,5000000302,GIS-550-5000,GIS Bay 550 kV / 5000 A,LINE-02,2026-01-19 08:05:00,IN_PRODUCTION
SN-00000836,EXEC-000303,WO-20260119-000303,5000000303,GIS-072-2500,GIS Bay 72.5 kV / 2500 A,LINE-03,2026-01-19 08:25:00,IN_PRODUCTION
SN-00000837,EXEC-000303,WO-20260119-000303,5000000303,GIS-072-2500,GIS Bay 72.5 kV / 2500 A,LINE-03,2026-01-19 08:25:00,IN_PRODUCTION
SN-00000838,EXEC-000303,WO-20260119-000303,5000000303,GIS-072-2500,GIS Bay 72.5 kV / 2500 A,LINE-03,2026-01-19 08:25:00,IN_PRODUCTION
SN-00000839,EXEC-000303,WO-20260119-000303,5000000303,GIS-072-2500,GIS Bay 72.5 kV / 2500 A,LINE-03,2026-01-19 08:25:00,IN_PRODUCTION
SN-00000840,EXEC-000304,WO-20260119-000304,5000000304,GIS-420-4000,GIS Bay 420 kV / 4000 A,LINE-04,2026-01-19 08:45:00,IN_PRODUCTION
SN-00000841,EXEC-000305,WO-20260119-000305,5000000305,GIS-145-3150,GIS Bay 145 kV / 3150 A,LINE-05,2026-01-19 09:05:00,IN_PRODUCTION
SN-00000842,EXEC-000305,WO-20260119-000305,5000000305,GIS-145-3150,GIS Bay 145 kV / 3150 A,LINE-05,2026-01-19 09:05:00,IN_PRODUCTION
SN-00000843,EXEC-000305,WO-20260119-000305,5000000305,GIS-145-3150,GIS Bay 145 kV / 3150 A,LINE-05,2026-01-19 09:05:00,IN_PRODUCTION
SN-00000844,EXEC-000305,WO-20260119-000305,5000000305,GIS-145-3150,GIS Bay 145 kV / 3150 A,LINE-05,2026-01-19 09:05:00,IN_PRODUCTION
SN-00000845,EXEC-000306,WO-20260119-000306,5000000306,GIS-072-2500,GIS Bay 72.5 kV / 2500 A,LINE-06,2026-01-19 09:25:00,IN_PRODUCTION
SN-00000846,EXEC-000306,WO-20260119-000306,5000000306,GIS-072-2500,GIS Bay 72.5 kV / 2500 A,LINE-06,2026-01-19 09:25:00,IN_PRODUCTION
SN-00000847,EXEC-000306,WO-20260119-000306,5000000306,GIS-072-2500,GIS Bay 72.5 kV / 2500 A,LINE-06,2026-01-19 09:25:00,IN_PRODUCTION
SN-00000848,EXEC-000306,WO-20260119-000306,5000000306,GIS-072-2500,GIS Bay 72.5 kV / 2500 A,LINE-06,2026-01-19 09:25:00,IN_PRODUCTION
SN-00000849,EXEC-000307,WO-20260119-000307,5000000307,GIS-245-3150,GIS Bay 245 kV / 3150 A,LINE-01,2026-01-19 09:45:00,IN_PRODUCTION
SN-00000850,EXEC-000307,WO-20260119-000307,5000000307,GIS-245-3150,GIS Bay 245 kV / 3150 A,LINE-01,2026-01-19 09:45:00,IN_PRODUCTION
SN-00000851,EXEC-000307,WO-20260119-000307,5000000307,GIS-245-3150,GIS Bay 245 kV / 3150 A,LINE-01,2026-01-19 09:45:00,IN_PRODUCTION
SN-00000852,EXEC-000308,WO-20260119-000308,5000000308,GIS-145-3150,GIS Bay 145 kV / 3150 A,LINE-02,2026-01-19 10:05:00,IN_PRODUCTION
SN-00000853,EXEC-000308,WO-20260119-000308,5000000308,GIS-145-3150,GIS Bay 145 kV / 3150 A,LINE-02,2026-01-19 10:05:00,IN_PRODUCTION
SN-00000854,EXEC-000308,WO-20260119-000308,5000000308,GIS-145-3150,GIS Bay 145 kV / 3150 A,LINE-02,2026-01-19 10:05:00,IN_PRODUCTION
SN-00000855,EXEC-000308,WO-20260119-000308,5000000308,GIS-145-3150,GIS Bay 145 kV / 3150 A,LINE-02,2026-01-19 10:05:00,IN_PRODUCTION
SN-00000856,EXEC-000309,WO-20260119-000309,5000000309,GIS-145-3150,GIS Bay 145 kV / 3150 A,LINE-03,2026-01-19 10:25:00,IN_PRODUCTION
SN-00000857,EXEC-000309,WO-20260119-000309,5000000309,GIS-145-3150,GIS Bay 145 kV / 3150 A,LINE-03,2026-01-19 10:25:00,IN_PRODUCTION
SN-00000858,EXEC-000309,WO-20260119-000309,5000000309,GIS-145-3150,GIS Bay 145 kV / 3150 A,LINE-03,2026-01-19 10:25:00,IN_PRODUCTION
SN-00000859,EXEC-000310,WO-20260119-000310,5000000310,GIS-420-4000,GIS Bay 420 kV / 4000 A,LINE-04,2026-01-19 10:45:00,IN_PRODUCTION
SN-00000860,EXEC-000310,WO-20260119-000310,5000000310,GIS-420-4000,GIS Bay 420 kV / 4000 A,LINE-04,2026-01-19 10:45:00,IN_PRODUCTION
SN-00000861,EXEC-000311,WO-20260119-000311,5000000311,GIS-072-2500,GIS Bay 72.5 kV / 2500 A,LINE-05,2026-01-19 11:05:00,IN_PRODUCTION
SN-00000862,EXEC-000311,WO-20260119-000311,5000000311,GIS-072-2500,GIS Bay 72.5 kV / 2500 A,LINE-05,2026-01-19 11:05:00,IN_PRODUCTION
SN-00000863,EXEC-000311,WO-20260119-000311,5000000311,GIS-072-2500,GIS Bay 72.5 kV / 2500 A,LINE-05,2026-01-19 11:05:00,IN_PRODUCTION
SN-00000864,EXEC-000312,WO-20260119-000312,5000000312,GIS-245-3150,GIS Bay 245 kV / 3150 A,LINE-06,2026-01-19 11:25:00,IN_PRODUCTION
SN-00000865,EXEC-000312,WO-20260119-000312,5000000312,GIS-245-3150,GIS Bay 245 kV / 3150 A,LINE-06,2026-01-19 11:25:00,IN_PRODUCTION
SN-00000866,EXEC-000313,WO-20260119-000313,5000000313,GIS-245-4000,GIS Bay 245 kV / 4000 A,LINE-01,2026-01-19 11:45:00,IN_PRODUCTION
SN-00000867,EXEC-000313,WO-20260119-000313,5000000313,GIS-245-4000,GIS Bay 245 kV / 4000 A,LINE-01,2026-01-19 11:45:00,IN_PRODUCTION
SN-00000868,EXEC-000314,WO-20260119-000314,5000000314,GIS-245-4000,GIS Bay 245 kV / 4000 A,LINE-02,2026-01-19 12:05:00,IN_PRODUCTION
SN-00000869,EXEC-000314,WO-20260119-000314,5000000314,GIS-245-4000,GIS Bay 245 kV / 4000 A,LINE-02,2026-01-19 12:05:00,IN_PRODUCTION
SN-00000870,EXEC-000314,WO-20260119-000314,5000000314,GIS-245-4000,GIS Bay 245 kV / 4000 A,LINE-02,2026-01-19 12:05:00,IN_PRODUCTION
SN-00000871,EXEC-000315,WO-20260119-000315,5000000315,GIS-145-3150,GIS Bay 145 kV / 3150 A,LINE-03,2026-01-19 12:25:00,IN_PRODUCTION
SN-00000872,EXEC-000315,WO-20260119-000315,5000000315,GIS-145-3150,GIS Bay 145 kV / 3150 A,LINE-03,2026-01-19 12:25:00,IN_PRODUCTION
SN-00000873,EXEC-000315,WO-20260119-000315,5000000315,GIS-145-3150,GIS Bay 145 kV / 3150 A,LINE-03,2026-01-19 12:25:00,IN_PRODUCTION
SN-00000874,EXEC-000315,WO-20260119-000315,5000000315,GIS-145-3150,GIS Bay 145 kV / 3150 A,LINE-03,2026-01-19 12:25:00,IN_PRODUCTION
SN-00000875,EXEC-000316,WO-20260119-000316,5000000316,GIS-072-2500,GIS Bay 72.5 kV / 2500 A,LINE-04,2026-01-19 12:45:00,IN_PRODUCTION
SN-00000876,EXEC-000316,WO-20260119-000316,5000000316,GIS-072-2500,GIS Bay 72.5 kV / 2500 A,LINE-04,2026-01-19 12:45:00,IN_PRODUCTION
SN-00000877,EXEC-000316,WO-20260119-000316,5000000316,GIS-072-2500,GIS Bay 72.5 kV / 2500 A,LINE-04,2026-01-19 12:45:00,IN_PRODUCTION
SN-00000878,EXEC-000316,WO-20260119-000316,5000000316,GIS-072-2500,GIS Bay 72.5 kV / 2500 A,LINE-04,2026-01-19 12:45:00,IN_PRODUCTION
SN-00000879,EXEC-000317,WO-20260119-000317,5000000317,GIS-072-3150,GIS Bay 72.5 kV / 3150 A,LINE-05,2026-01-19 13:05:00,IN_PRODUCTION
SN-00000880,EXEC-000317,WO-20260119-000317,5000000317,GIS-072-3150,GIS Bay 72.5 kV / 3150 A,LINE-05,2026-01-19 13:05:00,IN_PRODUCTION
SN-00000881,EXEC-000317,WO-20260119-000317,5000000317,GIS-072-3150,GIS Bay 72.5 kV / 3150 A,LINE-05,2026-01-19 13:05:00,IN_PRODUCTION
SN-00000882,EXEC-000317,WO-20260119-000317,5000000317,GIS-072-3150,GIS Bay 72.5 kV / 3150 A,LINE-05,2026-01-19 13:05:00,IN_PRODUCTION
SN-00000883,EXEC-000318,WO-20260119-000318,5000000318,GIS-072-3150,GIS Bay 72.5 kV / 3150 A,LINE-06,2026-01-19 13:25:00,IN_PRODUCTION
SN-00000884,EXEC-000318,WO-20260119-000318,5000000318,GIS-072-3150,GIS Bay 72.5 kV / 3150 A,LINE-06,2026-01-19 13:25:00,IN_PRODUCTION
SN-00000885,EXEC-000318,WO-20260119-000318,5000000318,GIS-072-3150,GIS Bay 72.5 kV / 3150 A,LINE-06,2026-01-19 13:25:00,IN_PRODUCTION
SN-00000886,EXEC-000318,WO-20260119-000318,5000000318,GIS-072-3150,GIS Bay 72.5 kV / 3150 A,LINE-06,2026-01-19 13:25:00,IN_PRODUCTION
SN-00000887,EXEC-000319,WO-20260119-000319,5000000319,GIS-245-4000,GIS Bay 245 kV / 4000 A,LINE-01,2026-01-19 13:45:00,IN_PRODUCTION
SN-00000888,EXEC-000320,WO-20260119-000320,5000000320,GIS-170-4000,GIS Bay 170 kV / 4000 A,LINE-02,2026-01-19 14:05:00,IN_PRODUCTION
SN-00000889,EXEC-000320,WO-20260119-000320,5000000320,GIS-170-4000,GIS Bay 170 kV / 4000 A,LINE-02,2026-01-19 14:05:00,IN_PRODUCTION
SN-00000890,EXEC-000320,WO-20260119-000320,5000000320,GIS-170-4000,GIS Bay 170 kV / 4000 A,LINE-02,2026-01-19 14:05:00,IN_PRODUCTION
SN-00000891,EXEC-000321,WO-20260119-000321,5000000321,GIS-072-3150,GIS Bay 72.5 kV / 3150 A,LINE-03,2026-01-19 14:25:00,IN_PRODUCTION
SN-00000892,EXEC-000321,WO-20260119-000321,5000000321,GIS-072-3150,GIS Bay 72.5 kV / 3150 A,LINE-03,2026-01-19 14:25:00,IN_PRODUCTION
SN-00000893,EXEC-000321,WO-20260119-000321,5000000321,GIS-072-3150,GIS Bay 72.5 kV / 3150 A,LINE-03,2026-01-19 14:25:00,IN_PRODUCTION
SN-00000894,EXEC-000321,WO-20260119-000321,5000000321,GIS-072-3150,GIS Bay 72.5 kV / 3150 A,LINE-03,2026-01-19 14:25:00,IN_PRODUCTION
SN-00000895,EXEC-000321,WO-20260119-000321,5000000321,GIS-072-3150,GIS Bay 72.5 kV / 3150 A,LINE-03,2026-01-19 14:25:00,IN_PRODUCTION
SN-00000896,EXEC-000322,WO-20260120-000322,5000000322,GIS-245-3150,GIS Bay 245 kV / 3150 A,LINE-04,2026-01-20 06:45:00,IN_PRODUCTION
SN-00000897,EXEC-000322,WO-20260120-000322,5000000322,GIS-245-3150,GIS Bay 245 kV / 3150 A,LINE-04,2026-01-20 06:45:00,IN_PRODUCTION
SN-00000898,EXEC-000323,WO-20260120-000323,5000000323,GIS-072-2500,GIS Bay 72.5 kV / 2500 A,LINE-05,2026-01-20 07:05:00,IN_PRODUCTION
SN-00000899,EXEC-000323,WO-20260120-000323,5000000323,GIS-072-2500,GIS Bay 72.5 kV / 2500 A,LINE-05,2026-01-20 07:05:00,IN_PRODUCTION
SN-00000900,EXEC-000323,WO-20260120-000323,5000000323,GIS-072-2500,GIS Bay 72.5 kV / 2500 A,LINE-05,2026-01-20 07:05:00,IN_PRODUCTION
SN-00000901,EXEC-000323,WO-20260120-000323,5000000323,GIS-072-2500,GIS Bay 72.5 kV / 2500 A,LINE-05,2026-01-20 07:05:00,IN_PRODUCTION
SN-00000902,EXEC-000324,WO-20260120-000324,5000000324,GIS-245-3150,GIS Bay 245 kV / 3150 A,LINE-06,2026-01-20 07:25:00,IN_PRODUCTION
SN-00000903,EXEC-000325,WO-20260120-000325,5000000325,GIS-420-5000,GIS Bay 420 kV / 5000 A,LINE-01,2026-01-20 07:45:00,IN_PRODUCTION
SN-00000904,EXEC-000325,WO-20260120-000325,5000000325,GIS-420-5000,GIS Bay 420 kV / 5000 A,LINE-01,2026-01-20 07:45:00,IN_PRODUCTION
SN-00000905,EXEC-000326,WO-20260120-000326,5000000326,GIS-145-3150,GIS Bay 145 kV / 3150 A,LINE-02,2026-01-20 08:05:00,IN_PRODUCTION
SN-00000906,EXEC-000326,WO-20260120-000326,5000000326,GIS-145-3150,GIS Bay 145 kV / 3150 A,LINE-02,2026-01-20 08:05:00,IN_PRODUCTION
SN-00000907,EXEC-000326,WO-20260120-000326,5000000326,GIS-145-3150,GIS Bay 145 kV / 3150 A,LINE-02,2026-01-20 08:05:00,IN_PRODUCTION
SN-00000908,EXEC-000327,WO-20260120-000327,5000000327,GIS-145-3150,GIS Bay 145 kV / 3150 A,LINE-03,2026-01-20 08:25:00,IN_PRODUCTION
SN-00000909,EXEC-000327,WO-20260120-000327,5000000327,GIS-145-3150,GIS Bay 145 kV / 3150 A,LINE-03,2026-01-20 08:25:00,IN_PRODUCTION
SN-00000910,EXEC-000327,WO-20260120-000327,5000000327,GIS-145-3150,GIS Bay 145 kV / 3150 A,LINE-03,2026-01-20 08:25:00,IN_PRODUCTION
SN-00000911,EXEC-000328,WO-20260120-000328,5000000328,GIS-072-2500,GIS Bay 72.5 kV / 2500 A,LINE-04,2026-01-20 08:45:00,IN_PRODUCTION
SN-00000912,EXEC-000328,WO-20260120-000328,5000000328,GIS-072-2500,GIS Bay 72.5 kV / 2500 A,LINE-04,2026-01-20 08:45:00,IN_PRODUCTION
SN-00000913,EXEC-000328,WO-20260120-000328,5000000328,GIS-072-2500,GIS Bay 72.5 kV / 2500 A,LINE-04,2026-01-20 08:45:00,IN_PRODUCTION
SN-00000914,EXEC-000328,WO-20260120-000328,5000000328,GIS-072-2500,GIS Bay 72.5 kV / 2500 A,LINE-04,2026-01-20 08:45:00,IN_PRODUCTION
SN-00000915,EXEC-000329,WO-20260120-000329,5000000329,GIS-170-4000,GIS Bay 170 kV / 4000 A,LINE-05,2026-01-20 09:05:00,IN_PRODUCTION
SN-00000916,EXEC-000329,WO-20260120-000329,5000000329,GIS-170-4000,GIS Bay 170 kV / 4000 A,LINE-05,2026-01-20 09:05:00,IN_PRODUCTION
SN-00000917,EXEC-000329,WO-20260120-000329,5000000329,GIS-170-4000,GIS Bay 170 kV / 4000 A,LINE-05,2026-01-20 09:05:00,IN_PRODUCTION
SN-00000918,EXEC-000330,WO-20260120-000330,5000000330,GIS-300-4000,GIS Bay 300 kV / 4000 A,LINE-06,2026-01-20 09:25:00,IN_PRODUCTION
SN-00000919,EXEC-000330,WO-20260120-000330,5000000330,GIS-300-4000,GIS Bay 300 kV / 4000 A,LINE-06,2026-01-20 09:25:00,IN_PRODUCTION
SN-00000920,EXEC-000331,WO-20260120-000331,5000000331,GIS-170-4000,GIS Bay 170 kV / 4000 A,LINE-01,2026-01-20 09:45:00,IN_PRODUCTION
SN-00000921,EXEC-000331,WO-20260120-000331,5000000331,GIS-170-4000,GIS Bay 170 kV / 4000 A,LINE-01,2026-01-20 09:45:00,IN_PRODUCTION
SN-00000922,EXEC-000332,WO-20260120-000332,5000000332,GIS-245-4000,GIS Bay 245 kV / 4000 A,LINE-02,2026-01-20 10:05:00,IN_PRODUCTION
SN-00000923,EXEC-000332,WO-20260120-000332,5000000332,GIS-245-4000,GIS Bay 245 kV / 4000 A,LINE-02,2026-01-20 10:05:00,IN_PRODUCTION
SN-00000924,EXEC-000333,WO-20260120-000333,5000000333,GIS-072-3150,GIS Bay 72.5 kV / 3150 A,LINE-03,2026-01-20 10:25:00,IN_PRODUCTION
SN-00000925,EXEC-000333,WO-20260120-000333,5000000333,GIS-072-3150,GIS Bay 72.5 kV / 3150 A,LINE-03,2026-01-20 10:25:00,IN_PRODUCTION
SN-00000926,EXEC-000333,WO-20260120-000333,5000000333,GIS-072-3150,GIS Bay 72.5 kV / 3150 A,LINE-03,2026-01-20 10:25:00,IN_PRODUCTION
SN-00000927,EXEC-000333,WO-20260120-000333,5000000333,GIS-072-3150,GIS Bay 72.5 kV / 3150 A,LINE-03,2026-01-20 10:25:00,IN_PRODUCTION
SN-00000928,EXEC-000334,WO-20260120-000334,5000000334,GIS-072-3150,GIS Bay 72.5 kV / 3150 A,LINE-04,2026-01-20 10:45:00,IN_PRODUCTION
SN-00000929,EXEC-000334,WO-20260120-000334,5000000334,GIS-072-3150,GIS Bay 72.5 kV / 3150 A,LINE-04,2026-01-20 10:45:00,IN_PRODUCTION
SN-00000930,EXEC-000334,WO-20260120-000334,5000000334,GIS-072-3150,GIS Bay 72.5 kV / 3150 A,LINE-04,2026-01-20 10:45:00,IN_PRODUCTION
SN-00000931,EXEC-000334,WO-20260120-000334,5000000334,GIS-072-3150,GIS Bay 72.5 kV / 3150 A,LINE-04,2026-01-20 10:45:00,IN_PRODUCTION
SN-00000932,EXEC-000335,WO-20260120-000335,5000000335,GIS-245-3150,GIS Bay 245 kV / 3150 A,LINE-05,2026-01-20 11:05:00,IN_PRODUCTION
SN-00000933,EXEC-000335,WO-20260120-000335,5000000335,GIS-245-3150,GIS Bay 245 kV / 3150 A,LINE-05,2026-01-20 11:05:00,IN_PRODUCTION
SN-00000934,EXEC-000335,WO-20260120-000335,5000000335,GIS-245-3150,GIS Bay 245 kV / 3150 A,LINE-05,2026-01-20 11:05:00,IN_PRODUCTION
SN-00000935,EXEC-000336,WO-20260120-000336,5000000336,GIS-072-2500,GIS Bay 72.5 kV / 2500 A,LINE-06,2026-01-20 11:25:00,IN_PRODUCTION
SN-00000936,EXEC-000336,WO-20260120-000336,5000000336,GIS-072-2500,GIS Bay 72.5 kV / 2500 A,LINE-06,2026-01-20 11:25:00,IN_PRODUCTION
SN-00000937,EXEC-000336,WO-20260120-000336,5000000336,GIS-072-2500,GIS Bay 72.5 kV / 2500 A,LINE-06,2026-01-20 11:25:00,IN_PRODUCTION
SN-00000938,EXEC-000337,WO-20260120-000337,5000000337,GIS-245-3150,GIS Bay 245 kV / 3150 A,LINE-01,2026-01-20 11:45:00,IN_PRODUCTION
SN-00000939,EXEC-000337,WO-20260120-000337,5000000337,GIS-245-3150,GIS Bay 245 kV / 3150 A,LINE-01,2026-01-20 11:45:00,IN_PRODUCTION
SN-00000940,EXEC-000338,WO-20260120-000338,5000000338,GIS-072-2500,GIS Bay 72.5 kV / 2500 A,LINE-02,2026-01-20 12:05:00,IN_PRODUCTION
SN-00000941,EXEC-000338,WO-20260120-000338,5000000338,GIS-072-2500,GIS Bay 72.5 kV / 2500 A,LINE-02,2026-01-20 12:05:00,IN_PRODUCTION
SN-00000942,EXEC-000338,WO-20260120-000338,5000000338,GIS-072-2500,GIS Bay 72.5 kV / 2500 A,LINE-02,2026-01-20 12:05:00,IN_PRODUCTION
SN-00000943,EXEC-000338,WO-20260120-000338,5000000338,GIS-072-2500,GIS Bay 72.5 kV / 2500 A,LINE-02,2026-01-20 12:05:00,IN_PRODUCTION
SN-00000944,EXEC-000339,WO-20260120-000339,5000000339,GIS-072-2500,GIS Bay 72.5 kV / 2500 A,LINE-03,2026-01-20 12:25:00,IN_PRODUCTION
SN-00000945,EXEC-000339,WO-20260120-000339,5000000339,GIS-072-2500,GIS Bay 72.5 kV / 2500 A,LINE-03,2026-01-20 12:25:00,IN_PRODUCTION
SN-00000946,EXEC-000339,WO-20260120-000339,5000000339,GIS-072-2500,GIS Bay 72.5 kV / 2500 A,LINE-03,2026-01-20 12:25:00,IN_PRODUCTION
SN-00000947,EXEC-000339,WO-20260120-000339,5000000339,GIS-072-2500,GIS Bay 72.5 kV / 2500 A,LINE-03,2026-01-20 12:25:00,IN_PRODUCTION
SN-00000948,EXEC-000340,WO-20260120-000340,5000000340,GIS-145-3150,GIS Bay 145 kV / 3150 A,LINE-04,2026-01-20 12:45:00,IN_PRODUCTION
SN-00000949,EXEC-000340,WO-20260120-000340,5000000340,GIS-145-3150,GIS Bay 145 kV / 3150 A,LINE-04,2026-01-20 12:45:00,IN_PRODUCTION
SN-00000950,EXEC-000341,WO-20260120-000341,5000000341,GIS-145-4000,GIS Bay 145 kV / 4000 A,LINE-05,2026-01-20 13:05:00,IN_PRODUCTION
SN-00000951,EXEC-000341,WO-20260120-000341,5000000341,GIS-145-4000,GIS Bay 145 kV / 4000 A,LINE-05,2026-01-20 13:05:00,IN_PRODUCTION
SN-00000952,EXEC-000341,WO-20260120-000341,5000000341,GIS-145-4000,GIS Bay 145 kV / 4000 A,LINE-05,2026-01-20 13:05:00,IN_PRODUCTION
SN-00000953,EXEC-000342,WO-20260120-000342,5000000342,GIS-420-4000,GIS Bay 420 kV / 4000 A,LINE-06,2026-01-20 13:25:00,IN_PRODUCTION
SN-00000954,EXEC-000343,WO-20260121-000343,5000000343,GIS-420-5000,GIS Bay 420 kV / 5000 A,LINE-01,2026-01-21 06:45:00,IN_PRODUCTION
SN-00000955,EXEC-000343,WO-20260121-000343,5000000343,GIS-420-5000,GIS Bay 420 kV / 5000 A,LINE-01,2026-01-21 06:45:00,IN_PRODUCTION
SN-00000956,EXEC-000344,WO-20260121-000344,5000000344,GIS-145-3150,GIS Bay 145 kV / 3150 A,LINE-02,2026-01-21 07:05:00,IN_PRODUCTION
SN-00000957,EXEC-000344,WO-20260121-000344,5000000344,GIS-145-3150,GIS Bay 145 kV / 3150 A,LINE-02,2026-01-21 07:05:00,IN_PRODUCTION
SN-00000958,EXEC-000345,WO-20260121-000345,5000000345,GIS-072-2500,GIS Bay 72.5 kV / 2500 A,LINE-03,2026-01-21 07:25:00,IN_PRODUCTION
SN-00000959,EXEC-000345,WO-20260121-000345,5000000345,GIS-072-2500,GIS Bay 72.5 kV / 2500 A,LINE-03,2026-01-21 07:25:00,IN_PRODUCTION
SN-00000960,EXEC-000345,WO-20260121-000345,5000000345,GIS-072-2500,GIS Bay 72.5 kV / 2500 A,LINE-03,2026-01-21 07:25:00,IN_PRODUCTION
SN-00000961,EXEC-000346,WO-20260121-000346,5000000346,GIS-245-3150,GIS Bay 245 kV / 3150 A,LINE-04,2026-01-21 07:45:00,IN_PRODUCTION
SN-00000962,EXEC-000346,WO-20260121-000346,5000000346,GIS-245-3150,GIS Bay 245 kV / 3150 A,LINE-04,2026-01-21 07:45:00,IN_PRODUCTION
SN-00000963,EXEC-000347,WO-20260121-000347,5000000347,GIS-245-4000,GIS Bay 245 kV / 4000 A,LINE-05,2026-01-21 08:05:00,IN_PRODUCTION
SN-00000964,EXEC-000347,WO-20260121-000347,5000000347,GIS-245-4000,GIS Bay 245 kV / 4000 A,LINE-05,2026-01-21 08:05:00,IN_PRODUCTION
SN-00000965,EXEC-000348,WO-20260121-000348,5000000348,GIS-145-3150,GIS Bay 145 kV / 3150 A,LINE-06,2026-01-21 08:25:00,IN_PRODUCTION
SN-00000966,EXEC-000348,WO-20260121-000348,5000000348,GIS-145-3150,GIS Bay 145 kV / 3150 A,LINE-06,2026-01-21 08:25:00,IN_PRODUCTION
SN-00000967,EXEC-000348,WO-20260121-000348,5000000348,GIS-145-3150,GIS Bay 145 kV / 3150 A,LINE-06,2026-01-21 08:25:00,IN_PRODUCTION
SN-00000968,EXEC-000349,WO-20260121-000349,5000000349,GIS-145-4000,GIS Bay 145 kV / 4000 A,LINE-01,2026-01-21 08:45:00,IN_PRODUCTION
SN-00000969,EXEC-000349,WO-20260121-000349,5000000349,GIS-145-4000,GIS Bay 145 kV / 4000 A,LINE-01,2026-01-21 08:45:00,IN_PRODUCTION
SN-00000970,EXEC-000349,WO-20260121-000349,5000000349,GIS-145-4000,GIS Bay 145 kV / 4000 A,LINE-01,2026-01-21 08:45:00,IN_PRODUCTION
SN-00000971,EXEC-000349,WO-20260121-000349,5000000349,GIS-145-4000,GIS Bay 145 kV / 4000 A,LINE-01,2026-01-21 08:45:00,IN_PRODUCTION
SN-00000972,EXEC-000350,WO-20260121-000350,5000000350,GIS-072-3150,GIS Bay 72.5 kV / 3150 A,LINE-02,2026-01-21 09:05:00,IN_PRODUCTION
SN-00000973,EXEC-000350,WO-20260121-000350,5000000350,GIS-072-3150,GIS Bay 72.5 kV / 3150 A,LINE-02,2026-01-21 09:05:00,IN_PRODUCTION
SN-00000974,EXEC-000350,WO-20260121-000350,5000000350,GIS-072-3150,GIS Bay 72.5 kV / 3150 A,LINE-02,2026-01-21 09:05:00,IN_PRODUCTION
SN-00000975,EXEC-000350,WO-20260121-000350,5000000350,GIS-072-3150,GIS Bay 72.5 kV / 3150 A,LINE-02,2026-01-21 09:05:00,IN_PRODUCTION
SN-00000976,EXEC-000351,WO-20260121-000351,5000000351,GIS-420-5000,GIS Bay 420 kV / 5000 A,LINE-03,2026-01-21 09:25:00,IN_PRODUCTION
SN-00000977,EXEC-000352,WO-20260121-000352,5000000352,GIS-145-4000,GIS Bay 145 kV / 4000 A,LINE-04,2026-01-21 09:45:00,IN_PRODUCTION
SN-00000978,EXEC-000352,WO-20260121-000352,5000000352,GIS-145-4000,GIS Bay 145 kV / 4000 A,LINE-04,2026-01-21 09:45:00,IN_PRODUCTION
SN-00000979,EXEC-000352,WO-20260121-000352,5000000352,GIS-145-4000,GIS Bay 145 kV / 4000 A,LINE-04,2026-01-21 09:45:00,IN_PRODUCTION
SN-00000980,EXEC-000352,WO-20260121-000352,5000000352,GIS-145-4000,GIS Bay 145 kV / 4000 A,LINE-04,2026-01-21 09:45:00,IN_PRODUCTION
SN-00000981,EXEC-000353,WO-20260121-000353,5000000353,GIS-170-4000,GIS Bay 170 kV / 4000 A,LINE-05,2026-01-21 10:05:00,IN_PRODUCTION
SN-00000982,EXEC-000353,WO-20260121-000353,5000000353,GIS-170-4000,GIS Bay 170 kV / 4000 A,LINE-05,2026-01-21 10:05:00,IN_PRODUCTION
SN-00000983,EXEC-000354,WO-20260121-000354,5000000354,GIS-245-3150,GIS Bay 245 kV / 3150 A,LINE-06,2026-01-21 10:25:00,IN_PRODUCTION
SN-00000984,EXEC-000354,WO-20260121-000354,5000000354,GIS-245-3150,GIS Bay 245 kV / 3150 A,LINE-06,2026-01-21 10:25:00,IN_PRODUCTION
SN-00000985,EXEC-000355,WO-20260121-000355,5000000355,GIS-145-3150,GIS Bay 145 kV / 3150 A,LINE-01,2026-01-21 10:45:00,IN_PRODUCTION
SN-00000986,EXEC-000355,WO-20260121-000355,5000000355,GIS-145-3150,GIS Bay 145 kV / 3150 A,LINE-01,2026-01-21 10:45:00,IN_PRODUCTION
SN-00000987,EXEC-000355,WO-20260121-000355,5000000355,GIS-145-3150,GIS Bay 145 kV / 3150 A,LINE-01,2026-01-21 10:45:00,IN_PRODUCTION
SN-00000988,EXEC-000356,WO-20260121-000356,5000000356,GIS-072-2500,GIS Bay 72.5 kV / 2500 A,LINE-02,2026-01-21 11:05:00,IN_PRODUCTION
SN-00000989,EXEC-000356,WO-20260121-000356,5000000356,GIS-072-2500,GIS Bay 72.5 kV / 2500 A,LINE-02,2026-01-21 11:05:00,IN_PRODUCTION
SN-00000990,EXEC-000356,WO-20260121-000356,5000000356,GIS-072-2500,GIS Bay 72.5 kV / 2500 A,LINE-02,2026-01-21 11:05:00,IN_PRODUCTION
SN-00000991,EXEC-000357,WO-20260121-000357,5000000357,GIS-145-4000,GIS Bay 145 kV / 4000 A,LINE-03,2026-01-21 11:25:00,IN_PRODUCTION
SN-00000992,EXEC-000357,WO-20260121-000357,5000000357,GIS-145-4000,GIS Bay 145 kV / 4000 A,LINE-03,2026-01-21 11:25:00,IN_PRODUCTION
SN-00000993,EXEC-000358,WO-20260121-000358,5000000358,GIS-145-4000,GIS Bay 145 kV / 4000 A,LINE-04,2026-01-21 11:45:00,IN_PRODUCTION
SN-00000994,EXEC-000358,WO-20260121-000358,5000000358,GIS-145-4000,GIS Bay 145 kV / 4000 A,LINE-04,2026-01-21 11:45:00,IN_PRODUCTION
SN-00000995,EXEC-000358,WO-20260121-000358,5000000358,GIS-145-4000,GIS Bay 145 kV / 4000 A,LINE-04,2026-01-21 11:45:00,IN_PRODUCTION
SN-00000996,EXEC-000359,WO-20260121-000359,5000000359,GIS-245-3150,GIS Bay 245 kV / 3150 A,LINE-05,2026-01-21 12:05:00,IN_PRODUCTION
SN-00000997,EXEC-000359,WO-20260121-000359,5000000359,GIS-245-3150,GIS Bay 245 kV / 3150 A,LINE-05,2026-01-21 12:05:00,IN_PRODUCTION
SN-00000998,EXEC-000359,WO-20260121-000359,5000000359,GIS-245-3150,GIS Bay 245 kV / 3150 A,LINE-05,2026-01-21 12:05:00,IN_PRODUCTION
SN-00000999,EXEC-000360,WO-20260121-000360,5000000360,GIS-145-4000,GIS Bay 145 kV / 4000 A,LINE-06,2026-01-21 12:25:00,IN_PRODUCTION
SN-00001000,EXEC-000360,WO-20260121-000360,5000000360,GIS-145-4000,GIS Bay 145 kV / 4000 A,LINE-06,2026-01-21 12:25:00,IN_PRODUCTION
SN-00001001,EXEC-000360,WO-20260121-000360,5000000360,GIS-145-4000,GIS Bay 145 kV / 4000 A,LINE-06,2026-01-21 12:25:00,IN_PRODUCTION
SN-00001002,EXEC-000360,WO-20260121-000360,5000000360,GIS-145-4000,GIS Bay 145 kV / 4000 A,LINE-06,2026-01-21 12:25:00,IN_PRODUCTION
SN-00001003,EXEC-000361,WO-20260121-000361,5000000361,GIS-072-3150,GIS Bay 72.5 kV / 3150 A,LINE-01,2026-01-21 12:45:00,IN_PRODUCTION
SN-00001004,EXEC-000361,WO-20260121-000361,5000000361,GIS-072-3150,GIS Bay 72.5 kV / 3150 A,LINE-01,2026-01-21 12:45:00,IN_PRODUCTION
SN-00001005,EXEC-000361,WO-20260121-000361,5000000361,GIS-072-3150,GIS Bay 72.5 kV / 3150 A,LINE-01,2026-01-21 12:45:00,IN_PRODUCTION
SN-00001006,EXEC-000361,WO-20260121-000361,5000000361,GIS-072-3150,GIS Bay 72.5 kV / 3150 A,LINE-01,2026-01-21 12:45:00,IN_PRODUCTION
SN-00001007,EXEC-000362,WO-20260121-000362,5000000362,GIS-300-4000,GIS Bay 300 kV / 4000 A,LINE-02,2026-01-21 13:05:00,IN_PRODUCTION
SN-00001008,EXEC-000362,WO-20260121-000362,5000000362,GIS-300-4000,GIS Bay 300 kV / 4000 A,LINE-02,2026-01-21 13:05:00,IN_PRODUCTION
SN-00001009,EXEC-000363,WO-20260121-000363,5000000363,GIS-072-3150,GIS Bay 72.5 kV / 3150 A,LINE-03,2026-01-21 13:25:00,IN_PRODUCTION
SN-00001010,EXEC-000363,WO-20260121-000363,5000000363,GIS-072-3150,GIS Bay 72.5 kV / 3150 A,LINE-03,2026-01-21 13:25:00,IN_PRODUCTION
SN-00001011,EXEC-000363,WO-20260121-000363,5000000363,GIS-072-3150,GIS Bay 72.5 kV / 3150 A,LINE-03,2026-01-21 13:25:00,IN_PRODUCTION
SN-00001012,EXEC-000363,WO-20260121-000363,5000000363,GIS-072-3150,GIS Bay 72.5 kV / 3150 A,LINE-03,2026-01-21 13:25:00,IN_PRODUCTION
SN-00001013,EXEC-000363,WO-20260121-000363,5000000363,GIS-072-3150,GIS Bay 72.5 kV / 3150 A,LINE-03,2026-01-21 13:25:00,IN_PRODUCTION
SN-00001014,EXEC-000364,WO-20260121-000364,5000000364,GIS-145-3150,GIS Bay 145 kV / 3150 A,LINE-04,2026-01-21 13:45:00,IN_PRODUCTION
SN-00001015,EXEC-000364,WO-20260121-000364,5000000364,GIS-145-3150,GIS Bay 145 kV / 3150 A,LINE-04,2026-01-21 13:45:00,IN_PRODUCTION
SN-00001016,EXEC-000365,WO-20260121-000365,5000000365,GIS-072-2500,GIS Bay 72.5 kV / 2500 A,LINE-05,2026-01-21 14:05:00,IN_PRODUCTION
SN-00001017,EXEC-000365,WO-20260121-000365,5000000365,GIS-072-2500,GIS Bay 72.5 kV / 2500 A,LINE-05,2026-01-21 14:05:00,IN_PRODUCTION
SN-00001018,EXEC-000365,WO-20260121-000365,5000000365,GIS-072-2500,GIS Bay 72.5 kV / 2500 A,LINE-05,2026-01-21 14:05:00,IN_PRODUCTION
SN-00001019,EXEC-000365,WO-20260121-000365,5000000365,GIS-072-2500,GIS Bay 72.5 kV / 2500 A,LINE-05,2026-01-21 14:05:00,IN_PRODUCTION
SN-00001020,EXEC-000365,WO-20260121-000365,5000000365,GIS-072-2500,GIS Bay 72.5 kV / 2500 A,LINE-05,2026-01-21 14:05:00,IN_PRODUCTION
SN-00001021,EXEC-000366,WO-20260121-000366,5000000366,GIS-420-4000,GIS Bay 420 kV / 4000 A,LINE-06,2026-01-21 14:25:00,IN_PRODUCTION
SN-00001022,EXEC-000366,WO-20260121-000366,5000000366,GIS-420-4000,GIS Bay 420 kV / 4000 A,LINE-06,2026-01-21 14:25:00,IN_PRODUCTION
SN-00001023,EXEC-000367,WO-20260122-000367,5000000367,GIS-072-3150,GIS Bay 72.5 kV / 3150 A,LINE-01,2026-01-22 06:45:00,IN_PRODUCTION
SN-00001024,EXEC-000367,WO-20260122-000367,5000000367,GIS-072-3150,GIS Bay 72.5 kV / 3150 A,LINE-01,2026-01-22 06:45:00,IN_PRODUCTION
SN-00001025,EXEC-000367,WO-20260122-000367,5000000367,GIS-072-3150,GIS Bay 72.5 kV / 3150 A,LINE-01,2026-01-22 06:45:00,IN_PRODUCTION
SN-00001026,EXEC-000368,WO-20260122-000368,5000000368,GIS-300-4000,GIS Bay 300 kV / 4000 A,LINE-02,2026-01-22 07:05:00,IN_PRODUCTION
SN-00001027,EXEC-000369,WO-20260122-000369,5000000369,GIS-245-3150,GIS Bay 245 kV / 3150 A,LINE-03,2026-01-22 07:25:00,IN_PRODUCTION
SN-00001028,EXEC-000369,WO-20260122-000369,5000000369,GIS-245-3150,GIS Bay 245 kV / 3150 A,LINE-03,2026-01-22 07:25:00,IN_PRODUCTION
SN-00001029,EXEC-000369,WO-20260122-000369,5000000369,GIS-245-3150,GIS Bay 245 kV / 3150 A,LINE-03,2026-01-22 07:25:00,IN_PRODUCTION
SN-00001030,EXEC-000370,WO-20260122-000370,5000000370,GIS-072-2500,GIS Bay 72.5 kV / 2500 A,LINE-04,2026-01-22 07:45:00,IN_PRODUCTION
SN-00001031,EXEC-000370,WO-20260122-000370,5000000370,GIS-072-2500,GIS Bay 72.5 kV / 2500 A,LINE-04,2026-01-22 07:45:00,IN_PRODUCTION
SN-00001032,EXEC-000370,WO-20260122-000370,5000000370,GIS-072-2500,GIS Bay 72.5 kV / 2500 A,LINE-04,2026-01-22 07:45:00,IN_PRODUCTION
SN-00001033,EXEC-000370,WO-20260122-000370,5000000370,GIS-072-2500,GIS Bay 72.5 kV / 2500 A,LINE-04,2026-01-22 07:45:00,IN_PRODUCTION
SN-00001034,EXEC-000371,WO-20260122-000371,5000000371,GIS-072-2500,GIS Bay 72.5 kV / 2500 A,LINE-05,2026-01-22 08:05:00,IN_PRODUCTION
SN-00001035,EXEC-000371,WO-20260122-000371,5000000371,GIS-072-2500,GIS Bay 72.5 kV / 2500 A,LINE-05,2026-01-22 08:05:00,IN_PRODUCTION
SN-00001036,EXEC-000371,WO-20260122-000371,5000000371,GIS-072-2500,GIS Bay 72.5 kV / 2500 A,LINE-05,2026-01-22 08:05:00,IN_PRODUCTION
SN-00001037,EXEC-000371,WO-20260122-000371,5000000371,GIS-072-2500,GIS Bay 72.5 kV / 2500 A,LINE-05,2026-01-22 08:05:00,IN_PRODUCTION
SN-00001038,EXEC-000371,WO-20260122-000371,5000000371,GIS-072-2500,GIS Bay 72.5 kV / 2500 A,LINE-05,2026-01-22 08:05:00,IN_PRODUCTION
SN-00001039,EXEC-000372,WO-20260122-000372,5000000372,GIS-300-4000,GIS Bay 300 kV / 4000 A,LINE-06,2026-01-22 08:25:00,IN_PRODUCTION
SN-00001040,EXEC-000373,WO-20260122-000373,5000000373,GIS-300-4000,GIS Bay 300 kV / 4000 A,LINE-01,2026-01-22 08:45:00,IN_PRODUCTION
SN-00001041,EXEC-000374,WO-20260122-000374,5000000374,GIS-072-2500,GIS Bay 72.5 kV / 2500 A,LINE-02,2026-01-22 09:05:00,IN_PRODUCTION
SN-00001042,EXEC-000374,WO-20260122-000374,5000000374,GIS-072-2500,GIS Bay 72.5 kV / 2500 A,LINE-02,2026-01-22 09:05:00,IN_PRODUCTION
SN-00001043,EXEC-000374,WO-20260122-000374,5000000374,GIS-072-2500,GIS Bay 72.5 kV / 2500 A,LINE-02,2026-01-22 09:05:00,IN_PRODUCTION
SN-00001044,EXEC-000374,WO-20260122-000374,5000000374,GIS-072-2500,GIS Bay 72.5 kV / 2500 A,LINE-02,2026-01-22 09:05:00,IN_PRODUCTION
SN-00001045,EXEC-000374,WO-20260122-000374,5000000374,GIS-072-2500,GIS Bay 72.5 kV / 2500 A,LINE-02,2026-01-22 09:05:00,IN_PRODUCTION
SN-00001046,EXEC-000375,WO-20260122-000375,5000000375,GIS-300-4000,GIS Bay 300 kV / 4000 A,LINE-03,2026-01-22 09:25:00,IN_PRODUCTION
SN-00001047,EXEC-000376,WO-20260122-000376,5000000376,GIS-145-4000,GIS Bay 145 kV / 4000 A,LINE-04,2026-01-22 09:45:00,IN_PRODUCTION
SN-00001048,EXEC-000376,WO-20260122-000376,5000000376,GIS-145-4000,GIS Bay 145 kV / 4000 A,LINE-04,2026-01-22 09:45:00,IN_PRODUCTION
SN-00001049,EXEC-000377,WO-20260122-000377,5000000377,GIS-300-4000,GIS Bay 300 kV / 4000 A,LINE-05,2026-01-22 10:05:00,IN_PRODUCTION
SN-00001050,EXEC-000378,WO-20260122-000378,5000000378,GIS-245-4000,GIS Bay 245 kV / 4000 A,LINE-06,2026-01-22 10:25:00,IN_PRODUCTION
SN-00001051,EXEC-000379,WO-20260122-000379,5000000379,GIS-072-2500,GIS Bay 72.5 kV / 2500 A,LINE-01,2026-01-22 10:45:00,IN_PRODUCTION
SN-00001052,EXEC-000379,WO-20260122-000379,5000000379,GIS-072-2500,GIS Bay 72.5 kV / 2500 A,LINE-01,2026-01-22 10:45:00,IN_PRODUCTION
SN-00001053,EXEC-000379,WO-20260122-000379,5000000379,GIS-072-2500,GIS Bay 72.5 kV / 2500 A,LINE-01,2026-01-22 10:45:00,IN_PRODUCTION
SN-00001054,EXEC-000379,WO-20260122-000379,5000000379,GIS-072-2500,GIS Bay 72.5 kV / 2500 A,LINE-01,2026-01-22 10:45:00,IN_PRODUCTION
SN-00001055,EXEC-000380,WO-20260122-000380,5000000380,GIS-245-4000,GIS Bay 245 kV / 4000 A,LINE-02,2026-01-22 11:05:00,IN_PRODUCTION
SN-00001056,EXEC-000380,WO-20260122-000380,5000000380,GIS-245-4000,GIS Bay 245 kV / 4000 A,LINE-02,2026-01-22 11:05:00,IN_PRODUCTION
SN-00001057,EXEC-000380,WO-20260122-000380,5000000380,GIS-245-4000,GIS Bay 245 kV / 4000 A,LINE-02,2026-01-22 11:05:00,IN_PRODUCTION
SN-00001058,EXEC-000381,WO-20260122-000381,5000000381,GIS-072-2500,GIS Bay 72.5 kV / 2500 A,LINE-03,2026-01-22 11:25:00,IN_PRODUCTION
SN-00001059,EXEC-000381,WO-20260122-000381,5000000381,GIS-072-2500,GIS Bay 72.5 kV / 2500 A,LINE-03,2026-01-22 11:25:00,IN_PRODUCTION
SN-00001060,EXEC-000381,WO-20260122-000381,5000000381,GIS-072-2500,GIS Bay 72.5 kV / 2500 A,LINE-03,2026-01-22 11:25:00,IN_PRODUCTION
SN-00001061,EXEC-000381,WO-20260122-000381,5000000381,GIS-072-2500,GIS Bay 72.5 kV / 2500 A,LINE-03,2026-01-22 11:25:00,IN_PRODUCTION
SN-00001062,EXEC-000382,WO-20260122-000382,5000000382,GIS-145-4000,GIS Bay 145 kV / 4000 A,LINE-04,2026-01-22 11:45:00,IN_PRODUCTION
SN-00001063,EXEC-000382,WO-20260122-000382,5000000382,GIS-145-4000,GIS Bay 145 kV / 4000 A,LINE-04,2026-01-22 11:45:00,IN_PRODUCTION
SN-00001064,EXEC-000383,WO-20260122-000383,5000000383,GIS-072-3150,GIS Bay 72.5 kV / 3150 A,LINE-05,2026-01-22 12:05:00,IN_PRODUCTION
SN-00001065,EXEC-000383,WO-20260122-000383,5000000383,GIS-072-3150,GIS Bay 72.5 kV / 3150 A,LINE-05,2026-01-22 12:05:00,IN_PRODUCTION
SN-00001066,EXEC-000383,WO-20260122-000383,5000000383,GIS-072-3150,GIS Bay 72.5 kV / 3150 A,LINE-05,2026-01-22 12:05:00,IN_PRODUCTION
SN-00001067,EXEC-000383,WO-20260122-000383,5000000383,GIS-072-3150,GIS Bay 72.5 kV / 3150 A,LINE-05,2026-01-22 12:05:00,IN_PRODUCTION
SN-00001068,EXEC-000383,WO-20260122-000383,5000000383,GIS-072-3150,GIS Bay 72.5 kV / 3150 A,LINE-05,2026-01-22 12:05:00,IN_PRODUCTION
SN-00001069,EXEC-000384,WO-20260122-000384,5000000384,GIS-245-4000,GIS Bay 245 kV / 4000 A,LINE-06,2026-01-22 12:25:00,IN_PRODUCTION
SN-00001070,EXEC-000384,WO-20260122-000384,5000000384,GIS-245-4000,GIS Bay 245 kV / 4000 A,LINE-06,2026-01-22 12:25:00,IN_PRODUCTION
SN-00001071,EXEC-000384,WO-20260122-000384,5000000384,GIS-245-4000,GIS Bay 245 kV / 4000 A,LINE-06,2026-01-22 12:25:00,IN_PRODUCTION
SN-00001072,EXEC-000385,WO-20260122-000385,5000000385,GIS-145-4000,GIS Bay 145 kV / 4000 A,LINE-01,2026-01-22 12:45:00,IN_PRODUCTION
SN-00001073,EXEC-000385,WO-20260122-000385,5000000385,GIS-145-4000,GIS Bay 145 kV / 4000 A,LINE-01,2026-01-22 12:45:00,IN_PRODUCTION
SN-00001074,EXEC-000386,WO-20260122-000386,5000000386,GIS-145-4000,GIS Bay 145 kV / 4000 A,LINE-02,2026-01-22 13:05:00,IN_PRODUCTION
SN-00001075,EXEC-000386,WO-20260122-000386,5000000386,GIS-145-4000,GIS Bay 145 kV / 4000 A,LINE-02,2026-01-22 13:05:00,IN_PRODUCTION
SN-00001076,EXEC-000386,WO-20260122-000386,5000000386,GIS-145-4000,GIS Bay 145 kV / 4000 A,LINE-02,2026-01-22 13:05:00,IN_PRODUCTION
SN-00001077,EXEC-000387,WO-20260123-000387,5000000387,GIS-145-4000,GIS Bay 145 kV / 4000 A,LINE-03,2026-01-23 06:45:00,IN_PRODUCTION
SN-00001078,EXEC-000387,WO-20260123-000387,5000000387,GIS-145-4000,GIS Bay 145 kV / 4000 A,LINE-03,2026-01-23 06:45:00,IN_PRODUCTION
SN-00001079,EXEC-000387,WO-20260123-000387,5000000387,GIS-145-4000,GIS Bay 145 kV / 4000 A,LINE-03,2026-01-23 06:45:00,IN_PRODUCTION
SN-00001080,EXEC-000388,WO-20260123-000388,5000000388,GIS-072-2500,GIS Bay 72.5 kV / 2500 A,LINE-04,2026-01-23 07:05:00,IN_PRODUCTION
SN-00001081,EXEC-000388,WO-20260123-000388,5000000388,GIS-072-2500,GIS Bay 72.5 kV / 2500 A,LINE-04,2026-01-23 07:05:00,IN_PRODUCTION
SN-00001082,EXEC-000388,WO-20260123-000388,5000000388,GIS-072-2500,GIS Bay 72.5 kV / 2500 A,LINE-04,2026-01-23 07:05:00,IN_PRODUCTION
SN-00001083,EXEC-000388,WO-20260123-000388,5000000388,GIS-072-2500,GIS Bay 72.5 kV / 2500 A,LINE-04,2026-01-23 07:05:00,IN_PRODUCTION
SN-00001084,EXEC-000388,WO-20260123-000388,5000000388,GIS-072-2500,GIS Bay 72.5 kV / 2500 A,LINE-04,2026-01-23 07:05:00,IN_PRODUCTION
SN-00001085,EXEC-000389,WO-20260123-000389,5000000389,GIS-072-2500,GIS Bay 72.5 kV / 2500 A,LINE-05,2026-01-23 07:25:00,IN_PRODUCTION
SN-00001086,EXEC-000389,WO-20260123-000389,5000000389,GIS-072-2500,GIS Bay 72.5 kV / 2500 A,LINE-05,2026-01-23 07:25:00,IN_PRODUCTION
SN-00001087,EXEC-000389,WO-20260123-000389,5000000389,GIS-072-2500,GIS Bay 72.5 kV / 2500 A,LINE-05,2026-01-23 07:25:00,IN_PRODUCTION
SN-00001088,EXEC-000389,WO-20260123-000389,5000000389,GIS-072-2500,GIS Bay 72.5 kV / 2500 A,LINE-05,2026-01-23 07:25:00,IN_PRODUCTION
SN-00001089,EXEC-000389,WO-20260123-000389,5000000389,GIS-072-2500,GIS Bay 72.5 kV / 2500 A,LINE-05,2026-01-23 07:25:00,IN_PRODUCTION
SN-00001090,EXEC-000390,WO-20260123-000390,5000000390,GIS-145-4000,GIS Bay 145 kV / 4000 A,LINE-06,2026-01-23 07:45:00,IN_PRODUCTION
SN-00001091,EXEC-000390,WO-20260123-000390,5000000390,GIS-145-4000,GIS Bay 145 kV / 4000 A,LINE-06,2026-01-23 07:45:00,IN_PRODUCTION
SN-00001092,EXEC-000390,WO-20260123-000390,5000000390,GIS-145-4000,GIS Bay 145 kV / 4000 A,LINE-06,2026-01-23 07:45:00,IN_PRODUCTION
SN-00001093,EXEC-000391,WO-20260123-000391,5000000391,GIS-170-4000,GIS Bay 170 kV / 4000 A,LINE-01,2026-01-23 08:05:00,IN_PRODUCTION
SN-00001094,EXEC-000391,WO-20260123-000391,5000000391,GIS-170-4000,GIS Bay 170 kV / 4000 A,LINE-01,2026-01-23 08:05:00,IN_PRODUCTION
SN-00001095,EXEC-000391,WO-20260123-000391,5000000391,GIS-170-4000,GIS Bay 170 kV / 4000 A,LINE-01,2026-01-23 08:05:00,IN_PRODUCTION
SN-00001096,EXEC-000392,WO-20260123-000392,5000000392,GIS-170-4000,GIS Bay 170 kV / 4000 A,LINE-02,2026-01-23 08:25:00,IN_PRODUCTION
SN-00001097,EXEC-000392,WO-20260123-000392,5000000392,GIS-170-4000,GIS Bay 170 kV / 4000 A,LINE-02,2026-01-23 08:25:00,IN_PRODUCTION
SN-00001098,EXEC-000393,WO-20260123-000393,5000000393,GIS-072-2500,GIS Bay 72.5 kV / 2500 A,LINE-03,2026-01-23 08:45:00,IN_PRODUCTION
SN-00001099,EXEC-000393,WO-20260123-000393,5000000393,GIS-072-2500,GIS Bay 72.5 kV / 2500 A,LINE-03,2026-01-23 08:45:00,IN_PRODUCTION
SN-00001100,EXEC-000393,WO-20260123-000393,5000000393,GIS-072-2500,GIS Bay 72.5 kV / 2500 A,LINE-03,2026-01-23 08:45:00,IN_PRODUCTION
SN-00001101,EXEC-000393,WO-20260123-000393,5000000393,GIS-072-2500,GIS Bay 72.5 kV / 2500 A,LINE-03,2026-01-23 08:45:00,IN_PRODUCTION
SN-00001102,EXEC-000393,WO-20260123-000393,5000000393,GIS-072-2500,GIS Bay 72.5 kV / 2500 A,LINE-03,2026-01-23 08:45:00,IN_PRODUCTION
SN-00001103,EXEC-000394,WO-20260123-000394,5000000394,GIS-245-4000,GIS Bay 245 kV / 4000 A,LINE-04,2026-01-23 09:05:00,IN_PRODUCTION
SN-00001104,EXEC-000394,WO-20260123-000394,5000000394,GIS-245-4000,GIS Bay 245 kV / 4000 A,LINE-04,2026-01-23 09:05:00,IN_PRODUCTION
SN-00001105,EXEC-000394,WO-20260123-000394,5000000394,GIS-245-4000,GIS Bay 245 kV / 4000 A,LINE-04,2026-01-23 09:05:00,IN_PRODUCTION
SN-00001106,EXEC-000395,WO-20260123-000395,5000000395,GIS-145-3150,GIS Bay 145 kV / 3150 A,LINE-05,2026-01-23 09:25:00,IN_PRODUCTION
SN-00001107,EXEC-000395,WO-20260123-000395,5000000395,GIS-145-3150,GIS Bay 145 kV / 3150 A,LINE-05,2026-01-23 09:25:00,IN_PRODUCTION
SN-00001108,EXEC-000396,WO-20260123-000396,5000000396,GIS-300-4000,GIS Bay 300 kV / 4000 A,LINE-06,2026-01-23 09:45:00,IN_PRODUCTION
SN-00001109,EXEC-000396,WO-20260123-000396,5000000396,GIS-300-4000,GIS Bay 300 kV / 4000 A,LINE-06,2026-01-23 09:45:00,IN_PRODUCTION
SN-00001110,EXEC-000397,WO-20260123-000397,5000000397,GIS-072-2500,GIS Bay 72.5 kV / 2500 A,LINE-01,2026-01-23 10:05:00,IN_PRODUCTION
SN-00001111,EXEC-000397,WO-20260123-000397,5000000397,GIS-072-2500,GIS Bay 72.5 kV / 2500 A,LINE-01,2026-01-23 10:05:00,IN_PRODUCTION
SN-00001112,EXEC-000397,WO-20260123-000397,5000000397,GIS-072-2500,GIS Bay 72.5 kV / 2500 A,LINE-01,2026-01-23 10:05:00,IN_PRODUCTION
SN-00001113,EXEC-000397,WO-20260123-000397,5000000397,GIS-072-2500,GIS Bay 72.5 kV / 2500 A,LINE-01,2026-01-23 10:05:00,IN_PRODUCTION
SN-00001114,EXEC-000398,WO-20260123-000398,5000000398,GIS-072-3150,GIS Bay 72.5 kV / 3150 A,LINE-02,2026-01-23 10:25:00,IN_PRODUCTION
SN-00001115,EXEC-000398,WO-20260123-000398,5000000398,GIS-072-3150,GIS Bay 72.5 kV / 3150 A,LINE-02,2026-01-23 10:25:00,IN_PRODUCTION
SN-00001116,EXEC-000398,WO-20260123-000398,5000000398,GIS-072-3150,GIS Bay 72.5 kV / 3150 A,LINE-02,2026-01-23 10:25:00,IN_PRODUCTION
SN-00001117,EXEC-000399,WO-20260123-000399,5000000399,GIS-145-4000,GIS Bay 145 kV / 4000 A,LINE-03,2026-01-23 10:45:00,IN_PRODUCTION
SN-00001118,EXEC-000399,WO-20260123-000399,5000000399,GIS-145-4000,GIS Bay 145 kV / 4000 A,LINE-03,2026-01-23 10:45:00,IN_PRODUCTION
SN-00001119,EXEC-000400,WO-20260123-000400,5000000400,GIS-072-2500,GIS Bay 72.5 kV / 2500 A,LINE-04,2026-01-23 11:05:00,IN_PRODUCTION
SN-00001120,EXEC-000400,WO-20260123-000400,5000000400,GIS-072-2500,GIS Bay 72.5 kV / 2500 A,LINE-04,2026-01-23 11:05:00,IN_PRODUCTION
SN-00001121,EXEC-000400,WO-20260123-000400,5000000400,GIS-072-2500,GIS Bay 72.5 kV / 2500 A,LINE-04,2026-01-23 11:05:00,IN_PRODUCTION
SN-00001122,EXEC-000401,WO-20260123-000401,5000000401,GIS-145-3150,GIS Bay 145 kV / 3150 A,LINE-05,2026-01-23 11:25:00,IN_PRODUCTION
SN-00001123,EXEC-000401,WO-20260123-000401,5000000401,GIS-145-3150,GIS Bay 145 kV / 3150 A,LINE-05,2026-01-23 11:25:00,IN_PRODUCTION
SN-00001124,EXEC-000402,WO-20260123-000402,5000000402,GIS-170-4000,GIS Bay 170 kV / 4000 A,LINE-06,2026-01-23 11:45:00,IN_PRODUCTION
SN-00001125,EXEC-000402,WO-20260123-000402,5000000402,GIS-170-4000,GIS Bay 170 kV / 4000 A,LINE-06,2026-01-23 11:45:00,IN_PRODUCTION
SN-00001126,EXEC-000402,WO-20260123-000402,5000000402,GIS-170-4000,GIS Bay 170 kV / 4000 A,LINE-06,2026-01-23 11:45:00,IN_PRODUCTION
SN-00001127,EXEC-000403,WO-20260123-000403,5000000403,GIS-145-3150,GIS Bay 145 kV / 3150 A,LINE-01,2026-01-23 12:05:00,IN_PRODUCTION
SN-00001128,EXEC-000403,WO-20260123-000403,5000000403,GIS-145-3150,GIS Bay 145 kV / 3150 A,LINE-01,2026-01-23 12:05:00,IN_PRODUCTION
SN-00001129,EXEC-000403,WO-20260123-000403,5000000403,GIS-145-3150,GIS Bay 145 kV / 3150 A,LINE-01,2026-01-23 12:05:00,IN_PRODUCTION
SN-00001130,EXEC-000403,WO-20260123-000403,5000000403,GIS-145-3150,GIS Bay 145 kV / 3150 A,LINE-01,2026-01-23 12:05:00,IN_PRODUCTION
SN-00001131,EXEC-000404,WO-20260123-000404,5000000404,GIS-145-3150,GIS Bay 145 kV / 3150 A,LINE-02,2026-01-23 12:25:00,IN_PRODUCTION
SN-00001132,EXEC-000404,WO-20260123-000404,5000000404,GIS-145-3150,GIS Bay 145 kV / 3150 A,LINE-02,2026-01-23 12:25:00,IN_PRODUCTION
SN-00001133,EXEC-000404,WO-20260123-000404,5000000404,GIS-145-3150,GIS Bay 145 kV / 3150 A,LINE-02,2026-01-23 12:25:00,IN_PRODUCTION
SN-00001134,EXEC-000404,WO-20260123-000404,5000000404,GIS-145-3150,GIS Bay 145 kV / 3150 A,LINE-02,2026-01-23 12:25:00,IN_PRODUCTION
SN-00001135,EXEC-000405,WO-20260124-000405,5000000405,GIS-170-4000,GIS Bay 170 kV / 4000 A,LINE-03,2026-01-24 06:45:00,IN_PRODUCTION
SN-00001136,EXEC-000405,WO-20260124-000405,5000000405,GIS-170-4000,GIS Bay 170 kV / 4000 A,LINE-03,2026-01-24 06:45:00,IN_PRODUCTION
SN-00001137,EXEC-000405,WO-20260124-000405,5000000405,GIS-170-4000,GIS Bay 170 kV / 4000 A,LINE-03,2026-01-24 06:45:00,IN_PRODUCTION
SN-00001138,EXEC-000406,WO-20260124-000406,5000000406,GIS-145-4000,GIS Bay 145 kV / 4000 A,LINE-04,2026-01-24 07:05:00,IN_PRODUCTION
SN-00001139,EXEC-000406,WO-20260124-000406,5000000406,GIS-145-4000,GIS Bay 145 kV / 4000 A,LINE-04,2026-01-24 07:05:00,IN_PRODUCTION
SN-00001140,EXEC-000407,WO-20260124-000407,5000000407,GIS-072-3150,GIS Bay 72.5 kV / 3150 A,LINE-05,2026-01-24 07:25:00,IN_PRODUCTION
SN-00001141,EXEC-000407,WO-20260124-000407,5000000407,GIS-072-3150,GIS Bay 72.5 kV / 3150 A,LINE-05,2026-01-24 07:25:00,IN_PRODUCTION
SN-00001142,EXEC-000407,WO-20260124-000407,5000000407,GIS-072-3150,GIS Bay 72.5 kV / 3150 A,LINE-05,2026-01-24 07:25:00,IN_PRODUCTION
SN-00001143,EXEC-000408,WO-20260124-000408,5000000408,GIS-170-4000,GIS Bay 170 kV / 4000 A,LINE-06,2026-01-24 07:45:00,IN_PRODUCTION
SN-00001144,EXEC-000408,WO-20260124-000408,5000000408,GIS-170-4000,GIS Bay 170 kV / 4000 A,LINE-06,2026-01-24 07:45:00,IN_PRODUCTION
SN-00001145,EXEC-000409,WO-20260124-000409,5000000409,GIS-170-4000,GIS Bay 170 kV / 4000 A,LINE-01,2026-01-24 08:05:00,IN_PRODUCTION
SN-00001146,EXEC-000409,WO-20260124-000409,5000000409,GIS-170-4000,GIS Bay 170 kV / 4000 A,LINE-01,2026-01-24 08:05:00,IN_PRODUCTION
SN-00001147,EXEC-000409,WO-20260124-000409,5000000409,GIS-170-4000,GIS Bay 170 kV / 4000 A,LINE-01,2026-01-24 08:05:00,IN_PRODUCTION
SN-00001148,EXEC-000410,WO-20260124-000410,5000000410,GIS-550-5000,GIS Bay 550 kV / 5000 A,LINE-02,2026-01-24 08:25:00,IN_PRODUCTION
SN-00001149,EXEC-000411,WO-20260124-000411,5000000411,GIS-170-4000,GIS Bay 170 kV / 4000 A,LINE-03,2026-01-24 08:45:00,IN_PRODUCTION
SN-00001150,EXEC-000411,WO-20260124-000411,5000000411,GIS-170-4000,GIS Bay 170 kV / 4000 A,LINE-03,2026-01-24 08:45:00,IN_PRODUCTION
SN-00001151,EXEC-000412,WO-20260124-000412,5000000412,GIS-245-3150,GIS Bay 245 kV / 3150 A,LINE-04,2026-01-24 09:05:00,IN_PRODUCTION
SN-00001152,EXEC-000412,WO-20260124-000412,5000000412,GIS-245-3150,GIS Bay 245 kV / 3150 A,LINE-04,2026-01-24 09:05:00,IN_PRODUCTION
SN-00001153,EXEC-000412,WO-20260124-000412,5000000412,GIS-245-3150,GIS Bay 245 kV / 3150 A,LINE-04,2026-01-24 09:05:00,IN_PRODUCTION
SN-00001154,EXEC-000413,WO-20260124-000413,5000000413,GIS-072-3150,GIS Bay 72.5 kV / 3150 A,LINE-05,2026-01-24 09:25:00,IN_PRODUCTION
SN-00001155,EXEC-000413,WO-20260124-000413,5000000413,GIS-072-3150,GIS Bay 72.5 kV / 3150 A,LINE-05,2026-01-24 09:25:00,IN_PRODUCTION
SN-00001156,EXEC-000413,WO-20260124-000413,5000000413,GIS-072-3150,GIS Bay 72.5 kV / 3150 A,LINE-05,2026-01-24 09:25:00,IN_PRODUCTION
SN-00001157,EXEC-000413,WO-20260124-000413,5000000413,GIS-072-3150,GIS Bay 72.5 kV / 3150 A,LINE-05,2026-01-24 09:25:00,IN_PRODUCTION
SN-00001158,EXEC-000413,WO-20260124-000413,5000000413,GIS-072-3150,GIS Bay 72.5 kV / 3150 A,LINE-05,2026-01-24 09:25:00,IN_PRODUCTION
SN-00001159,EXEC-000414,WO-20260124-000414,5000000414,GIS-420-5000,GIS Bay 420 kV / 5000 A,LINE-06,2026-01-24 09:45:00,IN_PRODUCTION
SN-00001160,EXEC-000414,WO-20260124-000414,5000000414,GIS-420-5000,GIS Bay 420 kV / 5000 A,LINE-06,2026-01-24 09:45:00,IN_PRODUCTION
SN-00001161,EXEC-000415,WO-20260124-000415,5000000415,GIS-300-4000,GIS Bay 300 kV / 4000 A,LINE-01,2026-01-24 10:05:00,IN_PRODUCTION
SN-00001162,EXEC-000415,WO-20260124-000415,5000000415,GIS-300-4000,GIS Bay 300 kV / 4000 A,LINE-01,2026-01-24 10:05:00,IN_PRODUCTION
SN-00001163,EXEC-000416,WO-20260124-000416,5000000416,GIS-245-4000,GIS Bay 245 kV / 4000 A,LINE-02,2026-01-24 10:25:00,IN_PRODUCTION
SN-00001164,EXEC-000417,WO-20260124-000417,5000000417,GIS-145-4000,GIS Bay 145 kV / 4000 A,LINE-03,2026-01-24 10:45:00,IN_PRODUCTION
SN-00001165,EXEC-000417,WO-20260124-000417,5000000417,GIS-145-4000,GIS Bay 145 kV / 4000 A,LINE-03,2026-01-24 10:45:00,IN_PRODUCTION
SN-00001166,EXEC-000417,WO-20260124-000417,5000000417,GIS-145-4000,GIS Bay 145 kV / 4000 A,LINE-03,2026-01-24 10:45:00,IN_PRODUCTION
SN-00001167,EXEC-000418,WO-20260124-000418,5000000418,GIS-145-3150,GIS Bay 145 kV / 3150 A,LINE-04,2026-01-24 11:05:00,IN_PRODUCTION
SN-00001168,EXEC-000418,WO-20260124-000418,5000000418,GIS-145-3150,GIS Bay 145 kV / 3150 A,LINE-04,2026-01-24 11:05:00,IN_PRODUCTION
SN-00001169,EXEC-000418,WO-20260124-000418,5000000418,GIS-145-3150,GIS Bay 145 kV / 3150 A,LINE-04,2026-01-24 11:05:00,IN_PRODUCTION
SN-00001170,EXEC-000419,WO-20260124-000419,5000000419,GIS-145-3150,GIS Bay 145 kV / 3150 A,LINE-05,2026-01-24 11:25:00,IN_PRODUCTION
SN-00001171,EXEC-000419,WO-20260124-000419,5000000419,GIS-145-3150,GIS Bay 145 kV / 3150 A,LINE-05,2026-01-24 11:25:00,IN_PRODUCTION
SN-00001172,EXEC-000419,WO-20260124-000419,5000000419,GIS-145-3150,GIS Bay 145 kV / 3150 A,LINE-05,2026-01-24 11:25:00,IN_PRODUCTION
SN-00001173,EXEC-000419,WO-20260124-000419,5000000419,GIS-145-3150,GIS Bay 145 kV / 3150 A,LINE-05,2026-01-24 11:25:00,IN_PRODUCTION
SN-00001174,EXEC-000420,WO-20260124-000420,5000000420,GIS-420-4000,GIS Bay 420 kV / 4000 A,LINE-06,2026-01-24 11:45:00,IN_PRODUCTION
SN-00001175,EXEC-000421,WO-20260124-000421,5000000421,GIS-170-4000,GIS Bay 170 kV / 4000 A,LINE-01,2026-01-24 12:05:00,IN_PRODUCTION
SN-00001176,EXEC-000421,WO-20260124-000421,5000000421,GIS-170-4000,GIS Bay 170 kV / 4000 A,LINE-01,2026-01-24 12:05:00,IN_PRODUCTION
SN-00001177,EXEC-000422,WO-20260124-000422,5000000422,GIS-245-3150,GIS Bay 245 kV / 3150 A,LINE-02,2026-01-24 12:25:00,IN_PRODUCTION
SN-00001178,EXEC-000422,WO-20260124-000422,5000000422,GIS-245-3150,GIS Bay 245 kV / 3150 A,LINE-02,2026-01-24 12:25:00,IN_PRODUCTION
SN-00001179,EXEC-000423,WO-20260124-000423,5000000423,GIS-145-3150,GIS Bay 145 kV / 3150 A,LINE-03,2026-01-24 12:45:00,IN_PRODUCTION
SN-00001180,EXEC-000423,WO-20260124-000423,5000000423,GIS-145-3150,GIS Bay 145 kV / 3150 A,LINE-03,2026-01-24 12:45:00,IN_PRODUCTION
SN-00001181,EXEC-000424,WO-20260124-000424,5000000424,GIS-072-2500,GIS Bay 72.5 kV / 2500 A,LINE-04,2026-01-24 13:05:00,IN_PRODUCTION
SN-00001182,EXEC-000424,WO-20260124-000424,5000000424,GIS-072-2500,GIS Bay 72.5 kV / 2500 A,LINE-04,2026-01-24 13:05:00,IN_PRODUCTION
SN-00001183,EXEC-000424,WO-20260124-000424,5000000424,GIS-072-2500,GIS Bay 72.5 kV / 2500 A,LINE-04,2026-01-24 13:05:00,IN_PRODUCTION
SN-00001184,EXEC-000424,WO-20260124-000424,5000000424,GIS-072-2500,GIS Bay 72.5 kV / 2500 A,LINE-04,2026-01-24 13:05:00,IN_PRODUCTION
SN-00001185,EXEC-000425,WO-20260125-000425,5000000425,GIS-245-3150,GIS Bay 245 kV / 3150 A,LINE-05,2026-01-25 06:45:00,IN_PRODUCTION
SN-00001186,EXEC-000425,WO-20260125-000425,5000000425,GIS-245-3150,GIS Bay 245 kV / 3150 A,LINE-05,2026-01-25 06:45:00,IN_PRODUCTION
SN-00001187,EXEC-000426,WO-20260125-000426,5000000426,GIS-145-3150,GIS Bay 145 kV / 3150 A,LINE-06,2026-01-25 07:05:00,IN_PRODUCTION
SN-00001188,EXEC-000426,WO-20260125-000426,5000000426,GIS-145-3150,GIS Bay 145 kV / 3150 A,LINE-06,2026-01-25 07:05:00,IN_PRODUCTION
SN-00001189,EXEC-000427,WO-20260125-000427,5000000427,GIS-170-4000,GIS Bay 170 kV / 4000 A,LINE-01,2026-01-25 07:25:00,IN_PRODUCTION
SN-00001190,EXEC-000427,WO-20260125-000427,5000000427,GIS-170-4000,GIS Bay 170 kV / 4000 A,LINE-01,2026-01-25 07:25:00,IN_PRODUCTION
SN-00001191,EXEC-000428,WO-20260125-000428,5000000428,GIS-420-5000,GIS Bay 420 kV / 5000 A,LINE-02,2026-01-25 07:45:00,IN_PRODUCTION
SN-00001192,EXEC-000429,WO-20260125-000429,5000000429,GIS-072-3150,GIS Bay 72.5 kV / 3150 A,LINE-03,2026-01-25 08:05:00,IN_PRODUCTION
SN-00001193,EXEC-000429,WO-20260125-000429,5000000429,GIS-072-3150,GIS Bay 72.5 kV / 3150 A,LINE-03,2026-01-25 08:05:00,IN_PRODUCTION
SN-00001194,EXEC-000429,WO-20260125-000429,5000000429,GIS-072-3150,GIS Bay 72.5 kV / 3150 A,LINE-03,2026-01-25 08:05:00,IN_PRODUCTION
SN-00001195,EXEC-000430,WO-20260125-000430,5000000430,GIS-245-4000,GIS Bay 245 kV / 4000 A,LINE-04,2026-01-25 08:25:00,IN_PRODUCTION
SN-00001196,EXEC-000431,WO-20260125-000431,5000000431,GIS-145-4000,GIS Bay 145 kV / 4000 A,LINE-05,2026-01-25 08:45:00,IN_PRODUCTION
SN-00001197,EXEC-000431,WO-20260125-000431,5000000431,GIS-145-4000,GIS Bay 145 kV / 4000 A,LINE-05,2026-01-25 08:45:00,IN_PRODUCTION
SN-00001198,EXEC-000432,WO-20260125-000432,5000000432,GIS-300-4000,GIS Bay 300 kV / 4000 A,LINE-06,2026-01-25 09:05:00,IN_PRODUCTION
SN-00001199,EXEC-000432,WO-20260125-000432,5000000432,GIS-300-4000,GIS Bay 300 kV / 4000 A,LINE-06,2026-01-25 09:05:00,IN_PRODUCTION
SN-00001200,EXEC-000433,WO-20260125-000433,5000000433,GIS-300-4000,GIS Bay 300 kV / 4000 A,LINE-01,2026-01-25 09:25:00,IN_PRODUCTION
SN-00001201,EXEC-000434,WO-20260125-000434,5000000434,GIS-145-4000,GIS Bay 145 kV / 4000 A,LINE-02,2026-01-25 09:45:00,IN_PRODUCTION
SN-00001202,EXEC-000434,WO-20260125-000434,5000000434,GIS-145-4000,GIS Bay 145 kV / 4000 A,LINE-02,2026-01-25 09:45:00,IN_PRODUCTION
SN-00001203,EXEC-000435,WO-20260125-000435,5000000435,GIS-170-4000,GIS Bay 170 kV / 4000 A,LINE-03,2026-01-25 10:05:00,IN_PRODUCTION
SN-00001204,EXEC-000435,WO-20260125-000435,5000000435,GIS-170-4000,GIS Bay 170 kV / 4000 A,LINE-03,2026-01-25 10:05:00,IN_PRODUCTION
SN-00001205,EXEC-000435,WO-20260125-000435,5000000435,GIS-170-4000,GIS Bay 170 kV / 4000 A,LINE-03,2026-01-25 10:05:00,IN_PRODUCTION
SN-00001206,EXEC-000436,WO-20260125-000436,5000000436,GIS-145-3150,GIS Bay 145 kV / 3150 A,LINE-04,2026-01-25 10:25:00,IN_PRODUCTION
SN-00001207,EXEC-000436,WO-20260125-000436,5000000436,GIS-145-3150,GIS Bay 145 kV / 3150 A,LINE-04,2026-01-25 10:25:00,IN_PRODUCTION
SN-00001208,EXEC-000437,WO-20260125-000437,5000000437,GIS-550-5000,GIS Bay 550 kV / 5000 A,LINE-05,2026-01-25 10:45:00,IN_PRODUCTION
SN-00001209,EXEC-000438,WO-20260125-000438,5000000438,GIS-420-5000,GIS Bay 420 kV / 5000 A,LINE-06,2026-01-25 11:05:00,IN_PRODUCTION
SN-00001210,EXEC-000438,WO-20260125-000438,5000000438,GIS-420-5000,GIS Bay 420 kV / 5000 A,LINE-06,2026-01-25 11:05:00,IN_PRODUCTION
SN-00001211,EXEC-000439,WO-20260125-000439,5000000439,GIS-420-4000,GIS Bay 420 kV / 4000 A,LINE-01,2026-01-25 11:25:00,IN_PRODUCTION
SN-00001212,EXEC-000440,WO-20260125-000440,5000000440,GIS-072-2500,GIS Bay 72.5 kV / 2500 A,LINE-02,2026-01-25 11:45:00,IN_PRODUCTION
SN-00001213,EXEC-000440,WO-20260125-000440,5000000440,GIS-072-2500,GIS Bay 72.5 kV / 2500 A,LINE-02,2026-01-25 11:45:00,IN_PRODUCTION
SN-00001214,EXEC-000440,WO-20260125-000440,5000000440,GIS-072-2500,GIS Bay 72.5 kV / 2500 A,LINE-02,2026-01-25 11:45:00,IN_PRODUCTION
SN-00001215,EXEC-000440,WO-20260125-000440,5000000440,GIS-072-2500,GIS Bay 72.5 kV / 2500 A,LINE-02,2026-01-25 11:45:00,IN_PRODUCTION
SN-00001216,EXEC-000441,WO-20260125-000441,5000000441,GIS-145-4000,GIS Bay 145 kV / 4000 A,LINE-03,2026-01-25 12:05:00,IN_PRODUCTION
SN-00001217,EXEC-000441,WO-20260125-000441,5000000441,GIS-145-4000,GIS Bay 145 kV / 4000 A,LINE-03,2026-01-25 12:05:00,IN_PRODUCTION
SN-00001218,EXEC-000441,WO-20260125-000441,5000000441,GIS-145-4000,GIS Bay 145 kV / 4000 A,LINE-03,2026-01-25 12:05:00,IN_PRODUCTION
SN-00001219,EXEC-000442,WO-20260125-000442,5000000442,GIS-245-4000,GIS Bay 245 kV / 4000 A,LINE-04,2026-01-25 12:25:00,IN_PRODUCTION
SN-00001220,EXEC-000443,WO-20260125-000443,5000000443,GIS-072-3150,GIS Bay 72.5 kV / 3150 A,LINE-05,2026-01-25 12:45:00,IN_PRODUCTION
SN-00001221,EXEC-000443,WO-20260125-000443,5000000443,GIS-072-3150,GIS Bay 72.5 kV / 3150 A,LINE-05,2026-01-25 12:45:00,IN_PRODUCTION
SN-00001222,EXEC-000443,WO-20260125-000443,5000000443,GIS-072-3150,GIS Bay 72.5 kV / 3150 A,LINE-05,2026-01-25 12:45:00,IN_PRODUCTION
SN-00001223,EXEC-000443,WO-20260125-000443,5000000443,GIS-072-3150,GIS Bay 72.5 kV / 3150 A,LINE-05,2026-01-25 12:45:00,IN_PRODUCTION
SN-00001224,EXEC-000443,WO-20260125-000443,5000000443,GIS-072-3150,GIS Bay 72.5 kV / 3150 A,LINE-05,2026-01-25 12:45:00,IN_PRODUCTION
SN-00001225,EXEC-000444,WO-20260125-000444,5000000444,GIS-145-4000,GIS Bay 145 kV / 4000 A,LINE-06,2026-01-25 13:05:00,IN_PRODUCTION
SN-00001226,EXEC-000444,WO-20260125-000444,5000000444,GIS-145-4000,GIS Bay 145 kV / 4000 A,LINE-06,2026-01-25 13:05:00,IN_PRODUCTION
SN-00001227,EXEC-000445,WO-20260125-000445,5000000445,GIS-145-3150,GIS Bay 145 kV / 3150 A,LINE-01,2026-01-25 13:25:00,IN_PRODUCTION
SN-00001228,EXEC-000445,WO-20260125-000445,5000000445,GIS-145-3150,GIS Bay 145 kV / 3150 A,LINE-01,2026-01-25 13:25:00,IN_PRODUCTION
SN-00001229,EXEC-000445,WO-20260125-000445,5000000445,GIS-145-3150,GIS Bay 145 kV / 3150 A,LINE-01,2026-01-25 13:25:00,IN_PRODUCTION
SN-00001230,EXEC-000445,WO-20260125-000445,5000000445,GIS-145-3150,GIS Bay 145 kV / 3150 A,LINE-01,2026-01-25 13:25:00,IN_PRODUCTION
SN-00001231,EXEC-000446,WO-20260125-000446,5000000446,GIS-245-3150,GIS Bay 245 kV / 3150 A,LINE-02,2026-01-25 13:45:00,IN_PRODUCTION
SN-00001232,EXEC-000447,WO-20260125-000447,5000000447,GIS-072-2500,GIS Bay 72.5 kV / 2500 A,LINE-03,2026-01-25 14:05:00,IN_PRODUCTION
SN-00001233,EXEC-000447,WO-20260125-000447,5000000447,GIS-072-2500,GIS Bay 72.5 kV / 2500 A,LINE-03,2026-01-25 14:05:00,IN_PRODUCTION
SN-00001234,EXEC-000447,WO-20260125-000447,5000000447,GIS-072-2500,GIS Bay 72.5 kV / 2500 A,LINE-03,2026-01-25 14:05:00,IN_PRODUCTION
SN-00001235,EXEC-000448,WO-20260126-000448,5000000448,GIS-245-4000,GIS Bay 245 kV / 4000 A,LINE-04,2026-01-26 06:45:00,IN_PRODUCTION
SN-00001236,EXEC-000448,WO-20260126-000448,5000000448,GIS-245-4000,GIS Bay 245 kV / 4000 A,LINE-04,2026-01-26 06:45:00,IN_PRODUCTION
SN-00001237,EXEC-000448,WO-20260126-000448,5000000448,GIS-245-4000,GIS Bay 245 kV / 4000 A,LINE-04,2026-01-26 06:45:00,IN_PRODUCTION
SN-00001238,EXEC-000449,WO-20260126-000449,5000000449,GIS-420-5000,GIS Bay 420 kV / 5000 A,LINE-05,2026-01-26 07:05:00,IN_PRODUCTION
SN-00001239,EXEC-000449,WO-20260126-000449,5000000449,GIS-420-5000,GIS Bay 420 kV / 5000 A,LINE-05,2026-01-26 07:05:00,IN_PRODUCTION
SN-00001240,EXEC-000450,WO-20260126-000450,5000000450,GIS-170-4000,GIS Bay 170 kV / 4000 A,LINE-06,2026-01-26 07:25:00,IN_PRODUCTION
SN-00001241,EXEC-000450,WO-20260126-000450,5000000450,GIS-170-4000,GIS Bay 170 kV / 4000 A,LINE-06,2026-01-26 07:25:00,IN_PRODUCTION
SN-00001242,EXEC-000450,WO-20260126-000450,5000000450,GIS-170-4000,GIS Bay 170 kV / 4000 A,LINE-06,2026-01-26 07:25:00,IN_PRODUCTION
SN-00001243,EXEC-000451,WO-20260126-000451,5000000451,GIS-420-4000,GIS Bay 420 kV / 4000 A,LINE-01,2026-01-26 07:45:00,IN_PRODUCTION
SN-00001244,EXEC-000451,WO-20260126-000451,5000000451,GIS-420-4000,GIS Bay 420 kV / 4000 A,LINE-01,2026-01-26 07:45:00,IN_PRODUCTION
SN-00001245,EXEC-000452,WO-20260126-000452,5000000452,GIS-170-4000,GIS Bay 170 kV / 4000 A,LINE-02,2026-01-26 08:05:00,IN_PRODUCTION
SN-00001246,EXEC-000452,WO-20260126-000452,5000000452,GIS-170-4000,GIS Bay 170 kV / 4000 A,LINE-02,2026-01-26 08:05:00,IN_PRODUCTION
SN-00001247,EXEC-000453,WO-20260126-000453,5000000453,GIS-145-4000,GIS Bay 145 kV / 4000 A,LINE-03,2026-01-26 08:25:00,IN_PRODUCTION
SN-00001248,EXEC-000453,WO-20260126-000453,5000000453,GIS-145-4000,GIS Bay 145 kV / 4000 A,LINE-03,2026-01-26 08:25:00,IN_PRODUCTION
SN-00001249,EXEC-000453,WO-20260126-000453,5000000453,GIS-145-4000,GIS Bay 145 kV / 4000 A,LINE-03,2026-01-26 08:25:00,IN_PRODUCTION
SN-00001250,EXEC-000453,WO-20260126-000453,5000000453,GIS-145-4000,GIS Bay 145 kV / 4000 A,LINE-03,2026-01-26 08:25:00,IN_PRODUCTION
SN-00001251,EXEC-000454,WO-20260126-000454,5000000454,GIS-072-3150,GIS Bay 72.5 kV / 3150 A,LINE-04,2026-01-26 08:45:00,IN_PRODUCTION
SN-00001252,EXEC-000454,WO-20260126-000454,5000000454,GIS-072-3150,GIS Bay 72.5 kV / 3150 A,LINE-04,2026-01-26 08:45:00,IN_PRODUCTION
SN-00001253,EXEC-000454,WO-20260126-000454,5000000454,GIS-072-3150,GIS Bay 72.5 kV / 3150 A,LINE-04,2026-01-26 08:45:00,IN_PRODUCTION
SN-00001254,EXEC-000455,WO-20260126-000455,5000000455,GIS-072-2500,GIS Bay 72.5 kV / 2500 A,LINE-05,2026-01-26 09:05:00,IN_PRODUCTION
SN-00001255,EXEC-000455,WO-20260126-000455,5000000455,GIS-072-2500,GIS Bay 72.5 kV / 2500 A,LINE-05,2026-01-26 09:05:00,IN_PRODUCTION
SN-00001256,EXEC-000455,WO-20260126-000455,5000000455,GIS-072-2500,GIS Bay 72.5 kV / 2500 A,LINE-05,2026-01-26 09:05:00,IN_PRODUCTION
SN-00001257,EXEC-000455,WO-20260126-000455,5000000455,GIS-072-2500,GIS Bay 72.5 kV / 2500 A,LINE-05,2026-01-26 09:05:00,IN_PRODUCTION
SN-00001258,EXEC-000456,WO-20260126-000456,5000000456,GIS-072-2500,GIS Bay 72.5 kV / 2500 A,LINE-06,2026-01-26 09:25:00,IN_PRODUCTION
SN-00001259,EXEC-000456,WO-20260126-000456,5000000456,GIS-072-2500,GIS Bay 72.5 kV / 2500 A,LINE-06,2026-01-26 09:25:00,IN_PRODUCTION
SN-00001260,EXEC-000456,WO-20260126-000456,5000000456,GIS-072-2500,GIS Bay 72.5 kV / 2500 A,LINE-06,2026-01-26 09:25:00,IN_PRODUCTION
SN-00001261,EXEC-000456,WO-20260126-000456,5000000456,GIS-072-2500,GIS Bay 72.5 kV / 2500 A,LINE-06,2026-01-26 09:25:00,IN_PRODUCTION
SN-00001262,EXEC-000457,WO-20260126-000457,5000000457,GIS-300-4000,GIS Bay 300 kV / 4000 A,LINE-01,2026-01-26 09:45:00,IN_PRODUCTION
SN-00001263,EXEC-000458,WO-20260126-000458,5000000458,GIS-145-4000,GIS Bay 145 kV / 4000 A,LINE-02,2026-01-26 10:05:00,IN_PRODUCTION
SN-00001264,EXEC-000458,WO-20260126-000458,5000000458,GIS-145-4000,GIS Bay 145 kV / 4000 A,LINE-02,2026-01-26 10:05:00,IN_PRODUCTION
SN-00001265,EXEC-000458,WO-20260126-000458,5000000458,GIS-145-4000,GIS Bay 145 kV / 4000 A,LINE-02,2026-01-26 10:05:00,IN_PRODUCTION
SN-00001266,EXEC-000459,WO-20260126-000459,5000000459,GIS-420-5000,GIS Bay 420 kV / 5000 A,LINE-03,2026-01-26 10:25:00,IN_PRODUCTION
SN-00001267,EXEC-000460,WO-20260126-000460,5000000460,GIS-245-4000,GIS Bay 245 kV / 4000 A,LINE-04,2026-01-26 10:45:00,IN_PRODUCTION
SN-00001268,EXEC-000460,WO-20260126-000460,5000000460,GIS-245-4000,GIS Bay 245 kV / 4000 A,LINE-04,2026-01-26 10:45:00,IN_PRODUCTION
SN-00001269,EXEC-000460,WO-20260126-000460,5000000460,GIS-245-4000,GIS Bay 245 kV / 4000 A,LINE-04,2026-01-26 10:45:00,IN_PRODUCTION
SN-00001270,EXEC-000461,WO-20260126-000461,5000000461,GIS-170-4000,GIS Bay 170 kV / 4000 A,LINE-05,2026-01-26 11:05:00,IN_PRODUCTION
SN-00001271,EXEC-000461,WO-20260126-000461,5000000461,GIS-170-4000,GIS Bay 170 kV / 4000 A,LINE-05,2026-01-26 11:05:00,IN_PRODUCTION
SN-00001272,EXEC-000462,WO-20260126-000462,5000000462,GIS-145-4000,GIS Bay 145 kV / 4000 A,LINE-06,2026-01-26 11:25:00,IN_PRODUCTION
SN-00001273,EXEC-000462,WO-20260126-000462,5000000462,GIS-145-4000,GIS Bay 145 kV / 4000 A,LINE-06,2026-01-26 11:25:00,IN_PRODUCTION
SN-00001274,EXEC-000462,WO-20260126-000462,5000000462,GIS-145-4000,GIS Bay 145 kV / 4000 A,LINE-06,2026-01-26 11:25:00,IN_PRODUCTION
SN-00001275,EXEC-000463,WO-20260126-000463,5000000463,GIS-072-2500,GIS Bay 72.5 kV / 2500 A,LINE-01,2026-01-26 11:45:00,IN_PRODUCTION
SN-00001276,EXEC-000463,WO-20260126-000463,5000000463,GIS-072-2500,GIS Bay 72.5 kV / 2500 A,LINE-01,2026-01-26 11:45:00,IN_PRODUCTION
SN-00001277,EXEC-000463,WO-20260126-000463,5000000463,GIS-072-2500,GIS Bay 72.5 kV / 2500 A,LINE-01,2026-01-26 11:45:00,IN_PRODUCTION
SN-00001278,EXEC-000463,WO-20260126-000463,5000000463,GIS-072-2500,GIS Bay 72.5 kV / 2500 A,LINE-01,2026-01-26 11:45:00,IN_PRODUCTION
SN-00001279,EXEC-000463,WO-20260126-000463,5000000463,GIS-072-2500,GIS Bay 72.5 kV / 2500 A,LINE-01,2026-01-26 11:45:00,IN_PRODUCTION
SN-00001280,EXEC-000464,WO-20260126-000464,5000000464,GIS-072-3150,GIS Bay 72.5 kV / 3150 A,LINE-02,2026-01-26 12:05:00,IN_PRODUCTION
SN-00001281,EXEC-000464,WO-20260126-000464,5000000464,GIS-072-3150,GIS Bay 72.5 kV / 3150 A,LINE-02,2026-01-26 12:05:00,IN_PRODUCTION
SN-00001282,EXEC-000464,WO-20260126-000464,5000000464,GIS-072-3150,GIS Bay 72.5 kV / 3150 A,LINE-02,2026-01-26 12:05:00,IN_PRODUCTION
SN-00001283,EXEC-000464,WO-20260126-000464,5000000464,GIS-072-3150,GIS Bay 72.5 kV / 3150 A,LINE-02,2026-01-26 12:05:00,IN_PRODUCTION
SN-00001284,EXEC-000465,WO-20260126-000465,5000000465,GIS-145-4000,GIS Bay 145 kV / 4000 A,LINE-03,2026-01-26 12:25:00,IN_PRODUCTION
SN-00001285,EXEC-000465,WO-20260126-000465,5000000465,GIS-145-4000,GIS Bay 145 kV / 4000 A,LINE-03,2026-01-26 12:25:00,IN_PRODUCTION
SN-00001286,EXEC-000465,WO-20260126-000465,5000000465,GIS-145-4000,GIS Bay 145 kV / 4000 A,LINE-03,2026-01-26 12:25:00,IN_PRODUCTION
SN-00001287,EXEC-000465,WO-20260126-000465,5000000465,GIS-145-4000,GIS Bay 145 kV / 4000 A,LINE-03,2026-01-26 12:25:00,IN_PRODUCTION
SN-00001288,EXEC-000466,WO-20260126-000466,5000000466,GIS-145-3150,GIS Bay 145 kV / 3150 A,LINE-04,2026-01-26 12:45:00,IN_PRODUCTION
SN-00001289,EXEC-000466,WO-20260126-000466,5000000466,GIS-145-3150,GIS Bay 145 kV / 3150 A,LINE-04,2026-01-26 12:45:00,IN_PRODUCTION
SN-00001290,EXEC-000466,WO-20260126-000466,5000000466,GIS-145-3150,GIS Bay 145 kV / 3150 A,LINE-04,2026-01-26 12:45:00,IN_PRODUCTION
SN-00001291,EXEC-000467,WO-20260127-000467,5000000467,GIS-145-3150,GIS Bay 145 kV / 3150 A,LINE-05,2026-01-27 06:45:00,IN_PRODUCTION
SN-00001292,EXEC-000467,WO-20260127-000467,5000000467,GIS-145-3150,GIS Bay 145 kV / 3150 A,LINE-05,2026-01-27 06:45:00,IN_PRODUCTION
SN-00001293,EXEC-000467,WO-20260127-000467,5000000467,GIS-145-3150,GIS Bay 145 kV / 3150 A,LINE-05,2026-01-27 06:45:00,IN_PRODUCTION
SN-00001294,EXEC-000467,WO-20260127-000467,5000000467,GIS-145-3150,GIS Bay 145 kV / 3150 A,LINE-05,2026-01-27 06:45:00,IN_PRODUCTION
SN-00001295,EXEC-000468,WO-20260127-000468,5000000468,GIS-245-3150,GIS Bay 245 kV / 3150 A,LINE-06,2026-01-27 07:05:00,IN_PRODUCTION
SN-00001296,EXEC-000468,WO-20260127-000468,5000000468,GIS-245-3150,GIS Bay 245 kV / 3150 A,LINE-06,2026-01-27 07:05:00,IN_PRODUCTION
SN-00001297,EXEC-000469,WO-20260127-000469,5000000469,GIS-072-2500,GIS Bay 72.5 kV / 2500 A,LINE-01,2026-01-27 07:25:00,IN_PRODUCTION
SN-00001298,EXEC-000469,WO-20260127-000469,5000000469,GIS-072-2500,GIS Bay 72.5 kV / 2500 A,LINE-01,2026-01-27 07:25:00,IN_PRODUCTION
SN-00001299,EXEC-000469,WO-20260127-000469,5000000469,GIS-072-2500,GIS Bay 72.5 kV / 2500 A,LINE-01,2026-01-27 07:25:00,IN_PRODUCTION
SN-00001300,EXEC-000469,WO-20260127-000469,5000000469,GIS-072-2500,GIS Bay 72.5 kV / 2500 A,LINE-01,2026-01-27 07:25:00,IN_PRODUCTION
SN-00001301,EXEC-000469,WO-20260127-000469,5000000469,GIS-072-2500,GIS Bay 72.5 kV / 2500 A,LINE-01,2026-01-27 07:25:00,IN_PRODUCTION
SN-00001302,EXEC-000470,WO-20260127-000470,5000000470,GIS-072-3150,GIS Bay 72.5 kV / 3150 A,LINE-02,2026-01-27 07:45:00,IN_PRODUCTION
SN-00001303,EXEC-000470,WO-20260127-000470,5000000470,GIS-072-3150,GIS Bay 72.5 kV / 3150 A,LINE-02,2026-01-27 07:45:00,IN_PRODUCTION
SN-00001304,EXEC-000470,WO-20260127-000470,5000000470,GIS-072-3150,GIS Bay 72.5 kV / 3150 A,LINE-02,2026-01-27 07:45:00,IN_PRODUCTION
SN-00001305,EXEC-000470,WO-20260127-000470,5000000470,GIS-072-3150,GIS Bay 72.5 kV / 3150 A,LINE-02,2026-01-27 07:45:00,IN_PRODUCTION
SN-00001306,EXEC-000470,WO-20260127-000470,5000000470,GIS-072-3150,GIS Bay 72.5 kV / 3150 A,LINE-02,2026-01-27 07:45:00,IN_PRODUCTION
SN-00001307,EXEC-000471,WO-20260127-000471,5000000471,GIS-170-4000,GIS Bay 170 kV / 4000 A,LINE-03,2026-01-27 08:05:00,IN_PRODUCTION
SN-00001308,EXEC-000471,WO-20260127-000471,5000000471,GIS-170-4000,GIS Bay 170 kV / 4000 A,LINE-03,2026-01-27 08:05:00,IN_PRODUCTION
SN-00001309,EXEC-000472,WO-20260127-000472,5000000472,GIS-170-4000,GIS Bay 170 kV / 4000 A,LINE-04,2026-01-27 08:25:00,IN_PRODUCTION
SN-00001310,EXEC-000472,WO-20260127-000472,5000000472,GIS-170-4000,GIS Bay 170 kV / 4000 A,LINE-04,2026-01-27 08:25:00,IN_PRODUCTION
SN-00001311,EXEC-000473,WO-20260127-000473,5000000473,GIS-145-3150,GIS Bay 145 kV / 3150 A,LINE-05,2026-01-27 08:45:00,IN_PRODUCTION
SN-00001312,EXEC-000473,WO-20260127-000473,5000000473,GIS-145-3150,GIS Bay 145 kV / 3150 A,LINE-05,2026-01-27 08:45:00,IN_PRODUCTION
SN-00001313,EXEC-000473,WO-20260127-000473,5000000473,GIS-145-3150,GIS Bay 145 kV / 3150 A,LINE-05,2026-01-27 08:45:00,IN_PRODUCTION
SN-00001314,EXEC-000473,WO-20260127-000473,5000000473,GIS-145-3150,GIS Bay 145 kV / 3150 A,LINE-05,2026-01-27 08:45:00,IN_PRODUCTION
SN-00001315,EXEC-000474,WO-20260127-000474,5000000474,GIS-145-3150,GIS Bay 145 kV / 3150 A,LINE-06,2026-01-27 09:05:00,IN_PRODUCTION
SN-00001316,EXEC-000474,WO-20260127-000474,5000000474,GIS-145-3150,GIS Bay 145 kV / 3150 A,LINE-06,2026-01-27 09:05:00,IN_PRODUCTION
SN-00001317,EXEC-000474,WO-20260127-000474,5000000474,GIS-145-3150,GIS Bay 145 kV / 3150 A,LINE-06,2026-01-27 09:05:00,IN_PRODUCTION
SN-00001318,EXEC-000474,WO-20260127-000474,5000000474,GIS-145-3150,GIS Bay 145 kV / 3150 A,LINE-06,2026-01-27 09:05:00,IN_PRODUCTION
SN-00001319,EXEC-000475,WO-20260127-000475,5000000475,GIS-072-2500,GIS Bay 72.5 kV / 2500 A,LINE-01,2026-01-27 09:25:00,IN_PRODUCTION
SN-00001320,EXEC-000475,WO-20260127-000475,5000000475,GIS-072-2500,GIS Bay 72.5 kV / 2500 A,LINE-01,2026-01-27 09:25:00,IN_PRODUCTION
SN-00001321,EXEC-000475,WO-20260127-000475,5000000475,GIS-072-2500,GIS Bay 72.5 kV / 2500 A,LINE-01,2026-01-27 09:25:00,IN_PRODUCTION
SN-00001322,EXEC-000475,WO-20260127-000475,5000000475,GIS-072-2500,GIS Bay 72.5 kV / 2500 A,LINE-01,2026-01-27 09:25:00,IN_PRODUCTION
SN-00001323,EXEC-000475,WO-20260127-000475,5000000475,GIS-072-2500,GIS Bay 72.5 kV / 2500 A,LINE-01,2026-01-27 09:25:00,IN_PRODUCTION
SN-00001324,EXEC-000476,WO-20260127-000476,5000000476,GIS-245-4000,GIS Bay 245 kV / 4000 A,LINE-02,2026-01-27 09:45:00,IN_PRODUCTION
SN-00001325,EXEC-000477,WO-20260127-000477,5000000477,GIS-300-4000,GIS Bay 300 kV / 4000 A,LINE-03,2026-01-27 10:05:00,IN_PRODUCTION
SN-00001326,EXEC-000478,WO-20260127-000478,5000000478,GIS-145-3150,GIS Bay 145 kV / 3150 A,LINE-04,2026-01-27 10:25:00,IN_PRODUCTION
SN-00001327,EXEC-000478,WO-20260127-000478,5000000478,GIS-145-3150,GIS Bay 145 kV / 3150 A,LINE-04,2026-01-27 10:25:00,IN_PRODUCTION
SN-00001328,EXEC-000478,WO-20260127-000478,5000000478,GIS-145-3150,GIS Bay 145 kV / 3150 A,LINE-04,2026-01-27 10:25:00,IN_PRODUCTION
SN-00001329,EXEC-000479,WO-20260127-000479,5000000479,GIS-145-3150,GIS Bay 145 kV / 3150 A,LINE-05,2026-01-27 10:45:00,IN_PRODUCTION
SN-00001330,EXEC-000479,WO-20260127-000479,5000000479,GIS-145-3150,GIS Bay 145 kV / 3150 A,LINE-05,2026-01-27 10:45:00,IN_PRODUCTION
SN-00001331,EXEC-000480,WO-20260127-000480,5000000480,GIS-245-4000,GIS Bay 245 kV / 4000 A,LINE-06,2026-01-27 11:05:00,IN_PRODUCTION
SN-00001332,EXEC-000481,WO-20260127-000481,5000000481,GIS-072-2500,GIS Bay 72.5 kV / 2500 A,LINE-01,2026-01-27 11:25:00,IN_PRODUCTION
SN-00001333,EXEC-000481,WO-20260127-000481,5000000481,GIS-072-2500,GIS Bay 72.5 kV / 2500 A,LINE-01,2026-01-27 11:25:00,IN_PRODUCTION
SN-00001334,EXEC-000481,WO-20260127-000481,5000000481,GIS-072-2500,GIS Bay 72.5 kV / 2500 A,LINE-01,2026-01-27 11:25:00,IN_PRODUCTION
SN-00001335,EXEC-000482,WO-20260127-000482,5000000482,GIS-245-4000,GIS Bay 245 kV / 4000 A,LINE-02,2026-01-27 11:45:00,IN_PRODUCTION
SN-00001336,EXEC-000482,WO-20260127-000482,5000000482,GIS-245-4000,GIS Bay 245 kV / 4000 A,LINE-02,2026-01-27 11:45:00,IN_PRODUCTION
SN-00001337,EXEC-000482,WO-20260127-000482,5000000482,GIS-245-4000,GIS Bay 245 kV / 4000 A,LINE-02,2026-01-27 11:45:00,IN_PRODUCTION
SN-00001338,EXEC-000483,WO-20260127-000483,5000000483,GIS-300-4000,GIS Bay 300 kV / 4000 A,LINE-03,2026-01-27 12:05:00,IN_PRODUCTION
SN-00001339,EXEC-000484,WO-20260127-000484,5000000484,GIS-420-4000,GIS Bay 420 kV / 4000 A,LINE-04,2026-01-27 12:25:00,IN_PRODUCTION
SN-00001340,EXEC-000485,WO-20260127-000485,5000000485,GIS-072-3150,GIS Bay 72.5 kV / 3150 A,LINE-05,2026-01-27 12:45:00,IN_PRODUCTION
SN-00001341,EXEC-000485,WO-20260127-000485,5000000485,GIS-072-3150,GIS Bay 72.5 kV / 3150 A,LINE-05,2026-01-27 12:45:00,IN_PRODUCTION
SN-00001342,EXEC-000485,WO-20260127-000485,5000000485,GIS-072-3150,GIS Bay 72.5 kV / 3150 A,LINE-05,2026-01-27 12:45:00,IN_PRODUCTION
SN-00001343,EXEC-000486,WO-20260127-000486,5000000486,GIS-245-4000,GIS Bay 245 kV / 4000 A,LINE-06,2026-01-27 13:05:00,IN_PRODUCTION
SN-00001344,EXEC-000487,WO-20260127-000487,5000000487,GIS-072-2500,GIS Bay 72.5 kV / 2500 A,LINE-01,2026-01-27 13:25:00,IN_PRODUCTION
SN-00001345,EXEC-000487,WO-20260127-000487,5000000487,GIS-072-2500,GIS Bay 72.5 kV / 2500 A,LINE-01,2026-01-27 13:25:00,IN_PRODUCTION
SN-00001346,EXEC-000487,WO-20260127-000487,5000000487,GIS-072-2500,GIS Bay 72.5 kV / 2500 A,LINE-01,2026-01-27 13:25:00,IN_PRODUCTION
SN-00001347,EXEC-000487,WO-20260127-000487,5000000487,GIS-072-2500,GIS Bay 72.5 kV / 2500 A,LINE-01,2026-01-27 13:25:00,IN_PRODUCTION
SN-00001348,EXEC-000488,WO-20260127-000488,5000000488,GIS-072-3150,GIS Bay 72.5 kV / 3150 A,LINE-02,2026-01-27 13:45:00,IN_PRODUCTION
SN-00001349,EXEC-000488,WO-20260127-000488,5000000488,GIS-072-3150,GIS Bay 72.5 kV / 3150 A,LINE-02,2026-01-27 13:45:00,IN_PRODUCTION
SN-00001350,EXEC-000488,WO-20260127-000488,5000000488,GIS-072-3150,GIS Bay 72.5 kV / 3150 A,LINE-02,2026-01-27 13:45:00,IN_PRODUCTION
SN-00001351,EXEC-000488,WO-20260127-000488,5000000488,GIS-072-3150,GIS Bay 72.5 kV / 3150 A,LINE-02,2026-01-27 13:45:00,IN_PRODUCTION
SN-00001352,EXEC-000489,WO-20260127-000489,5000000489,GIS-245-4000,GIS Bay 245 kV / 4000 A,LINE-03,2026-01-27 14:05:00,IN_PRODUCTION
SN-00001353,EXEC-000489,WO-20260127-000489,5000000489,GIS-245-4000,GIS Bay 245 kV / 4000 A,LINE-03,2026-01-27 14:05:00,IN_PRODUCTION
SN-00001354,EXEC-000490,WO-20260127-000490,5000000490,GIS-072-3150,GIS Bay 72.5 kV / 3150 A,LINE-04,2026-01-27 14:25:00,IN_PRODUCTION
SN-00001355,EXEC-000490,WO-20260127-000490,5000000490,GIS-072-3150,GIS Bay 72.5 kV / 3150 A,LINE-04,2026-01-27 14:25:00,IN_PRODUCTION
SN-00001356,EXEC-000490,WO-20260127-000490,5000000490,GIS-072-3150,GIS Bay 72.5 kV / 3150 A,LINE-04,2026-01-27 14:25:00,IN_PRODUCTION
SN-00001357,EXEC-000490,WO-20260127-000490,5000000490,GIS-072-3150,GIS Bay 72.5 kV / 3150 A,LINE-04,2026-01-27 14:25:00,IN_PRODUCTION
SN-00001358,EXEC-000491,WO-20260128-000491,5000000491,GIS-145-3150,GIS Bay 145 kV / 3150 A,LINE-05,2026-01-28 06:45:00,IN_PRODUCTION
SN-00001359,EXEC-000491,WO-20260128-000491,5000000491,GIS-145-3150,GIS Bay 145 kV / 3150 A,LINE-05,2026-01-28 06:45:00,IN_PRODUCTION
SN-00001360,EXEC-000491,WO-20260128-000491,5000000491,GIS-145-3150,GIS Bay 145 kV / 3150 A,LINE-05,2026-01-28 06:45:00,IN_PRODUCTION
SN-00001361,EXEC-000491,WO-20260128-000491,5000000491,GIS-145-3150,GIS Bay 145 kV / 3150 A,LINE-05,2026-01-28 06:45:00,IN_PRODUCTION
SN-00001362,EXEC-000492,WO-20260128-000492,5000000492,GIS-145-4000,GIS Bay 145 kV / 4000 A,LINE-06,2026-01-28 07:05:00,IN_PRODUCTION
SN-00001363,EXEC-000492,WO-20260128-000492,5000000492,GIS-145-4000,GIS Bay 145 kV / 4000 A,LINE-06,2026-01-28 07:05:00,IN_PRODUCTION
SN-00001364,EXEC-000492,WO-20260128-000492,5000000492,GIS-145-4000,GIS Bay 145 kV / 4000 A,LINE-06,2026-01-28 07:05:00,IN_PRODUCTION
SN-00001365,EXEC-000493,WO-20260128-000493,5000000493,GIS-145-4000,GIS Bay 145 kV / 4000 A,LINE-01,2026-01-28 07:25:00,IN_PRODUCTION
SN-00001366,EXEC-000493,WO-20260128-000493,5000000493,GIS-145-4000,GIS Bay 145 kV / 4000 A,LINE-01,2026-01-28 07:25:00,IN_PRODUCTION
SN-00001367,EXEC-000493,WO-20260128-000493,5000000493,GIS-145-4000,GIS Bay 145 kV / 4000 A,LINE-01,2026-01-28 07:25:00,IN_PRODUCTION
SN-00001368,EXEC-000494,WO-20260128-000494,5000000494,GIS-300-4000,GIS Bay 300 kV / 4000 A,LINE-02,2026-01-28 07:45:00,IN_PRODUCTION
SN-00001369,EXEC-000495,WO-20260128-000495,5000000495,GIS-072-2500,GIS Bay 72.5 kV / 2500 A,LINE-03,2026-01-28 08:05:00,IN_PRODUCTION
SN-00001370,EXEC-000495,WO-20260128-000495,5000000495,GIS-072-2500,GIS Bay 72.5 kV / 2500 A,LINE-03,2026-01-28 08:05:00,IN_PRODUCTION
SN-00001371,EXEC-000495,WO-20260128-000495,5000000495,GIS-072-2500,GIS Bay 72.5 kV / 2500 A,LINE-03,2026-01-28 08:05:00,IN_PRODUCTION
SN-00001372,EXEC-000495,WO-20260128-000495,5000000495,GIS-072-2500,GIS Bay 72.5 kV / 2500 A,LINE-03,2026-01-28 08:05:00,IN_PRODUCTION
SN-00001373,EXEC-000496,WO-20260128-000496,5000000496,GIS-170-4000,GIS Bay 170 kV / 4000 A,LINE-04,2026-01-28 08:25:00,IN_PRODUCTION
SN-00001374,EXEC-000496,WO-20260128-000496,5000000496,GIS-170-4000,GIS Bay 170 kV / 4000 A,LINE-04,2026-01-28 08:25:00,IN_PRODUCTION
SN-00001375,EXEC-000497,WO-20260128-000497,5000000497,GIS-145-4000,GIS Bay 145 kV / 4000 A,LINE-05,2026-01-28 08:45:00,IN_PRODUCTION
SN-00001376,EXEC-000497,WO-20260128-000497,5000000497,GIS-145-4000,GIS Bay 145 kV / 4000 A,LINE-05,2026-01-28 08:45:00,IN_PRODUCTION
SN-00001377,EXEC-000498,WO-20260128-000498,5000000498,GIS-245-4000,GIS Bay 245 kV / 4000 A,LINE-06,2026-01-28 09:05:00,IN_PRODUCTION
SN-00001378,EXEC-000498,WO-20260128-000498,5000000498,GIS-245-4000,GIS Bay 245 kV / 4000 A,LINE-06,2026-01-28 09:05:00,IN_PRODUCTION
SN-00001379,EXEC-000499,WO-20260128-000499,5000000499,GIS-145-4000,GIS Bay 145 kV / 4000 A,LINE-01,2026-01-28 09:25:00,IN_PRODUCTION
SN-00001380,EXEC-000499,WO-20260128-000499,5000000499,GIS-145-4000,GIS Bay 145 kV / 4000 A,LINE-01,2026-01-28 09:25:00,IN_PRODUCTION
SN-00001381,EXEC-000499,WO-20260128-000499,5000000499,GIS-145-4000,GIS Bay 145 kV / 4000 A,LINE-01,2026-01-28 09:25:00,IN_PRODUCTION
SN-00001382,EXEC-000500,WO-20260128-000500,5000000500,GIS-420-4000,GIS Bay 420 kV / 4000 A,LINE-02,2026-01-28 09:45:00,IN_PRODUCTION
SN-00001383,EXEC-000500,WO-20260128-000500,5000000500,GIS-420-4000,GIS Bay 420 kV / 4000 A,LINE-02,2026-01-28 09:45:00,IN_PRODUCTION
SN-00001384,EXEC-000501,WO-20260128-000501,5000000501,GIS-420-5000,GIS Bay 420 kV / 5000 A,LINE-03,2026-01-28 10:05:00,IN_PRODUCTION
SN-00001385,EXEC-000501,WO-20260128-000501,5000000501,GIS-420-5000,GIS Bay 420 kV / 5000 A,LINE-03,2026-01-28 10:05:00,IN_PRODUCTION
SN-00001386,EXEC-000502,WO-20260128-000502,5000000502,GIS-145-4000,GIS Bay 145 kV / 4000 A,LINE-04,2026-01-28 10:25:00,IN_PRODUCTION
SN-00001387,EXEC-000502,WO-20260128-000502,5000000502,GIS-145-4000,GIS Bay 145 kV / 4000 A,LINE-04,2026-01-28 10:25:00,IN_PRODUCTION
SN-00001388,EXEC-000503,WO-20260128-000503,5000000503,GIS-072-2500,GIS Bay 72.5 kV / 2500 A,LINE-05,2026-01-28 10:45:00,IN_PRODUCTION
SN-00001389,EXEC-000503,WO-20260128-000503,5000000503,GIS-072-2500,GIS Bay 72.5 kV / 2500 A,LINE-05,2026-01-28 10:45:00,IN_PRODUCTION
SN-00001390,EXEC-000503,WO-20260128-000503,5000000503,GIS-072-2500,GIS Bay 72.5 kV / 2500 A,LINE-05,2026-01-28 10:45:00,IN_PRODUCTION
SN-00001391,EXEC-000504,WO-20260128-000504,5000000504,GIS-420-5000,GIS Bay 420 kV / 5000 A,LINE-06,2026-01-28 11:05:00,IN_PRODUCTION
SN-00001392,EXEC-000504,WO-20260128-000504,5000000504,GIS-420-5000,GIS Bay 420 kV / 5000 A,LINE-06,2026-01-28 11:05:00,IN_PRODUCTION
SN-00001393,EXEC-000505,WO-20260128-000505,5000000505,GIS-072-2500,GIS Bay 72.5 kV / 2500 A,LINE-01,2026-01-28 11:25:00,IN_PRODUCTION
SN-00001394,EXEC-000505,WO-20260128-000505,5000000505,GIS-072-2500,GIS Bay 72.5 kV / 2500 A,LINE-01,2026-01-28 11:25:00,IN_PRODUCTION
SN-00001395,EXEC-000505,WO-20260128-000505,5000000505,GIS-072-2500,GIS Bay 72.5 kV / 2500 A,LINE-01,2026-01-28 11:25:00,IN_PRODUCTION
SN-00001396,EXEC-000505,WO-20260128-000505,5000000505,GIS-072-2500,GIS Bay 72.5 kV / 2500 A,LINE-01,2026-01-28 11:25:00,IN_PRODUCTION
SN-00001397,EXEC-000506,WO-20260128-000506,5000000506,GIS-145-4000,GIS Bay 145 kV / 4000 A,LINE-02,2026-01-28 11:45:00,IN_PRODUCTION
SN-00001398,EXEC-000506,WO-20260128-000506,5000000506,GIS-145-4000,GIS Bay 145 kV / 4000 A,LINE-02,2026-01-28 11:45:00,IN_PRODUCTION
SN-00001399,EXEC-000507,WO-20260128-000507,5000000507,GIS-145-4000,GIS Bay 145 kV / 4000 A,LINE-03,2026-01-28 12:05:00,IN_PRODUCTION
SN-00001400,EXEC-000507,WO-20260128-000507,5000000507,GIS-145-4000,GIS Bay 145 kV / 4000 A,LINE-03,2026-01-28 12:05:00,IN_PRODUCTION
SN-00001401,EXEC-000507,WO-20260128-000507,5000000507,GIS-145-4000,GIS Bay 145 kV / 4000 A,LINE-03,2026-01-28 12:05:00,IN_PRODUCTION
SN-00001402,EXEC-000507,WO-20260128-000507,5000000507,GIS-145-4000,GIS Bay 145 kV / 4000 A,LINE-03,2026-01-28 12:05:00,IN_PRODUCTION
SN-00001403,EXEC-000508,WO-20260128-000508,5000000508,GIS-072-2500,GIS Bay 72.5 kV / 2500 A,LINE-04,2026-01-28 12:25:00,IN_PRODUCTION
SN-00001404,EXEC-000508,WO-20260128-000508,5000000508,GIS-072-2500,GIS Bay 72.5 kV / 2500 A,LINE-04,2026-01-28 12:25:00,IN_PRODUCTION
SN-00001405,EXEC-000508,WO-20260128-000508,5000000508,GIS-072-2500,GIS Bay 72.5 kV / 2500 A,LINE-04,2026-01-28 12:25:00,IN_PRODUCTION
SN-00001406,EXEC-000508,WO-20260128-000508,5000000508,GIS-072-2500,GIS Bay 72.5 kV / 2500 A,LINE-04,2026-01-28 12:25:00,IN_PRODUCTION
SN-00001407,EXEC-000509,WO-20260128-000509,5000000509,GIS-072-2500,GIS Bay 72.5 kV / 2500 A,LINE-05,2026-01-28 12:45:00,IN_PRODUCTION
SN-00001408,EXEC-000509,WO-20260128-000509,5000000509,GIS-072-2500,GIS Bay 72.5 kV / 2500 A,LINE-05,2026-01-28 12:45:00,IN_PRODUCTION
SN-00001409,EXEC-000509,WO-20260128-000509,5000000509,GIS-072-2500,GIS Bay 72.5 kV / 2500 A,LINE-05,2026-01-28 12:45:00,IN_PRODUCTION
SN-00001410,EXEC-000509,WO-20260128-000509,5000000509,GIS-072-2500,GIS Bay 72.5 kV / 2500 A,LINE-05,2026-01-28 12:45:00,IN_PRODUCTION
SN-00001411,EXEC-000509,WO-20260128-000509,5000000509,GIS-072-2500,GIS Bay 72.5 kV / 2500 A,LINE-05,2026-01-28 12:45:00,IN_PRODUCTION
SN-00001412,EXEC-000510,WO-20260129-000510,5000000510,GIS-072-2500,GIS Bay 72.5 kV / 2500 A,LINE-06,2026-01-29 06:45:00,IN_PRODUCTION
SN-00001413,EXEC-000510,WO-20260129-000510,5000000510,GIS-072-2500,GIS Bay 72.5 kV / 2500 A,LINE-06,2026-01-29 06:45:00,IN_PRODUCTION
SN-00001414,EXEC-000510,WO-20260129-000510,5000000510,GIS-072-2500,GIS Bay 72.5 kV / 2500 A,LINE-06,2026-01-29 06:45:00,IN_PRODUCTION
SN-00001415,EXEC-000510,WO-20260129-000510,5000000510,GIS-072-2500,GIS Bay 72.5 kV / 2500 A,LINE-06,2026-01-29 06:45:00,IN_PRODUCTION
SN-00001416,EXEC-000511,WO-20260129-000511,5000000511,GIS-072-2500,GIS Bay 72.5 kV / 2500 A,LINE-01,2026-01-29 07:05:00,IN_PRODUCTION
SN-00001417,EXEC-000511,WO-20260129-000511,5000000511,GIS-072-2500,GIS Bay 72.5 kV / 2500 A,LINE-01,2026-01-29 07:05:00,IN_PRODUCTION
SN-00001418,EXEC-000511,WO-20260129-000511,5000000511,GIS-072-2500,GIS Bay 72.5 kV / 2500 A,LINE-01,2026-01-29 07:05:00,IN_PRODUCTION
SN-00001419,EXEC-000512,WO-20260129-000512,5000000512,GIS-245-4000,GIS Bay 245 kV / 4000 A,LINE-02,2026-01-29 07:25:00,IN_PRODUCTION
SN-00001420,EXEC-000512,WO-20260129-000512,5000000512,GIS-245-4000,GIS Bay 245 kV / 4000 A,LINE-02,2026-01-29 07:25:00,IN_PRODUCTION
SN-00001421,EXEC-000513,WO-20260129-000513,5000000513,GIS-300-4000,GIS Bay 300 kV / 4000 A,LINE-03,2026-01-29 07:45:00,IN_PRODUCTION
SN-00001422,EXEC-000513,WO-20260129-000513,5000000513,GIS-300-4000,GIS Bay 300 kV / 4000 A,LINE-03,2026-01-29 07:45:00,IN_PRODUCTION
SN-00001423,EXEC-000514,WO-20260129-000514,5000000514,GIS-072-2500,GIS Bay 72.5 kV / 2500 A,LINE-04,2026-01-29 08:05:00,IN_PRODUCTION
SN-00001424,EXEC-000514,WO-20260129-000514,5000000514,GIS-072-2500,GIS Bay 72.5 kV / 2500 A,LINE-04,2026-01-29 08:05:00,IN_PRODUCTION
SN-00001425,EXEC-000514,WO-20260129-000514,5000000514,GIS-072-2500,GIS Bay 72.5 kV / 2500 A,LINE-04,2026-01-29 08:05:00,IN_PRODUCTION
SN-00001426,EXEC-000514,WO-20260129-000514,5000000514,GIS-072-2500,GIS Bay 72.5 kV / 2500 A,LINE-04,2026-01-29 08:05:00,IN_PRODUCTION
SN-00001427,EXEC-000514,WO-20260129-000514,5000000514,GIS-072-2500,GIS Bay 72.5 kV / 2500 A,LINE-04,2026-01-29 08:05:00,IN_PRODUCTION
SN-00001428,EXEC-000515,WO-20260129-000515,5000000515,GIS-245-3150,GIS Bay 245 kV / 3150 A,LINE-05,2026-01-29 08:25:00,IN_PRODUCTION
SN-00001429,EXEC-000515,WO-20260129-000515,5000000515,GIS-245-3150,GIS Bay 245 kV / 3150 A,LINE-05,2026-01-29 08:25:00,IN_PRODUCTION
SN-00001430,EXEC-000516,WO-20260129-000516,5000000516,GIS-170-4000,GIS Bay 170 kV / 4000 A,LINE-06,2026-01-29 08:45:00,IN_PRODUCTION
SN-00001431,EXEC-000516,WO-20260129-000516,5000000516,GIS-170-4000,GIS Bay 170 kV / 4000 A,LINE-06,2026-01-29 08:45:00,IN_PRODUCTION
SN-00001432,EXEC-000517,WO-20260129-000517,5000000517,GIS-072-3150,GIS Bay 72.5 kV / 3150 A,LINE-01,2026-01-29 09:05:00,IN_PRODUCTION
SN-00001433,EXEC-000517,WO-20260129-000517,5000000517,GIS-072-3150,GIS Bay 72.5 kV / 3150 A,LINE-01,2026-01-29 09:05:00,IN_PRODUCTION
SN-00001434,EXEC-000517,WO-20260129-000517,5000000517,GIS-072-3150,GIS Bay 72.5 kV / 3150 A,LINE-01,2026-01-29 09:05:00,IN_PRODUCTION
SN-00001435,EXEC-000517,WO-20260129-000517,5000000517,GIS-072-3150,GIS Bay 72.5 kV / 3150 A,LINE-01,2026-01-29 09:05:00,IN_PRODUCTION
SN-00001436,EXEC-000517,WO-20260129-000517,5000000517,GIS-072-3150,GIS Bay 72.5 kV / 3150 A,LINE-01,2026-01-29 09:05:00,IN_PRODUCTION
SN-00001437,EXEC-000518,WO-20260129-000518,5000000518,GIS-550-5000,GIS Bay 550 kV / 5000 A,LINE-02,2026-01-29 09:25:00,IN_PRODUCTION
SN-00001438,EXEC-000519,WO-20260129-000519,5000000519,GIS-145-4000,GIS Bay 145 kV / 4000 A,LINE-03,2026-01-29 09:45:00,IN_PRODUCTION
SN-00001439,EXEC-000519,WO-20260129-000519,5000000519,GIS-145-4000,GIS Bay 145 kV / 4000 A,LINE-03,2026-01-29 09:45:00,IN_PRODUCTION
SN-00001440,EXEC-000519,WO-20260129-000519,5000000519,GIS-145-4000,GIS Bay 145 kV / 4000 A,LINE-03,2026-01-29 09:45:00,IN_PRODUCTION
SN-00001441,EXEC-000519,WO-20260129-000519,5000000519,GIS-145-4000,GIS Bay 145 kV / 4000 A,LINE-03,2026-01-29 09:45:00,IN_PRODUCTION
SN-00001442,EXEC-000520,WO-20260129-000520,5000000520,GIS-145-4000,GIS Bay 145 kV / 4000 A,LINE-04,2026-01-29 10:05:00,IN_PRODUCTION
SN-00001443,EXEC-000520,WO-20260129-000520,5000000520,GIS-145-4000,GIS Bay 145 kV / 4000 A,LINE-04,2026-01-29 10:05:00,IN_PRODUCTION
SN-00001444,EXEC-000521,WO-20260129-000521,5000000521,GIS-145-4000,GIS Bay 145 kV / 4000 A,LINE-05,2026-01-29 10:25:00,IN_PRODUCTION
SN-00001445,EXEC-000521,WO-20260129-000521,5000000521,GIS-145-4000,GIS Bay 145 kV / 4000 A,LINE-05,2026-01-29 10:25:00,IN_PRODUCTION
SN-00001446,EXEC-000521,WO-20260129-000521,5000000521,GIS-145-4000,GIS Bay 145 kV / 4000 A,LINE-05,2026-01-29 10:25:00,IN_PRODUCTION
SN-00001447,EXEC-000521,WO-20260129-000521,5000000521,GIS-145-4000,GIS Bay 145 kV / 4000 A,LINE-05,2026-01-29 10:25:00,IN_PRODUCTION
SN-00001448,EXEC-000522,WO-20260129-000522,5000000522,GIS-145-3150,GIS Bay 145 kV / 3150 A,LINE-06,2026-01-29 10:45:00,IN_PRODUCTION
SN-00001449,EXEC-000522,WO-20260129-000522,5000000522,GIS-145-3150,GIS Bay 145 kV / 3150 A,LINE-06,2026-01-29 10:45:00,IN_PRODUCTION
SN-00001450,EXEC-000522,WO-20260129-000522,5000000522,GIS-145-3150,GIS Bay 145 kV / 3150 A,LINE-06,2026-01-29 10:45:00,IN_PRODUCTION
SN-00001451,EXEC-000522,WO-20260129-000522,5000000522,GIS-145-3150,GIS Bay 145 kV / 3150 A,LINE-06,2026-01-29 10:45:00,IN_PRODUCTION
SN-00001452,EXEC-000523,WO-20260129-000523,5000000523,GIS-245-4000,GIS Bay 245 kV / 4000 A,LINE-01,2026-01-29 11:05:00,IN_PRODUCTION
SN-00001453,EXEC-000523,WO-20260129-000523,5000000523,GIS-245-4000,GIS Bay 245 kV / 4000 A,LINE-01,2026-01-29 11:05:00,IN_PRODUCTION
SN-00001454,EXEC-000524,WO-20260129-000524,5000000524,GIS-245-3150,GIS Bay 245 kV / 3150 A,LINE-02,2026-01-29 11:25:00,IN_PRODUCTION
SN-00001455,EXEC-000525,WO-20260129-000525,5000000525,GIS-245-4000,GIS Bay 245 kV / 4000 A,LINE-03,2026-01-29 11:45:00,IN_PRODUCTION
SN-00001456,EXEC-000525,WO-20260129-000525,5000000525,GIS-245-4000,GIS Bay 245 kV / 4000 A,LINE-03,2026-01-29 11:45:00,IN_PRODUCTION
SN-00001457,EXEC-000526,WO-20260129-000526,5000000526,GIS-145-3150,GIS Bay 145 kV / 3150 A,LINE-04,2026-01-29 12:05:00,IN_PRODUCTION
SN-00001458,EXEC-000526,WO-20260129-000526,5000000526,GIS-145-3150,GIS Bay 145 kV / 3150 A,LINE-04,2026-01-29 12:05:00,IN_PRODUCTION
SN-00001459,EXEC-000526,WO-20260129-000526,5000000526,GIS-145-3150,GIS Bay 145 kV / 3150 A,LINE-04,2026-01-29 12:05:00,IN_PRODUCTION
SN-00001460,EXEC-000527,WO-20260129-000527,5000000527,GIS-072-3150,GIS Bay 72.5 kV / 3150 A,LINE-05,2026-01-29 12:25:00,IN_PRODUCTION
SN-00001461,EXEC-000527,WO-20260129-000527,5000000527,GIS-072-3150,GIS Bay 72.5 kV / 3150 A,LINE-05,2026-01-29 12:25:00,IN_PRODUCTION
SN-00001462,EXEC-000527,WO-20260129-000527,5000000527,GIS-072-3150,GIS Bay 72.5 kV / 3150 A,LINE-05,2026-01-29 12:25:00,IN_PRODUCTION
SN-00001463,EXEC-000527,WO-20260129-000527,5000000527,GIS-072-3150,GIS Bay 72.5 kV / 3150 A,LINE-05,2026-01-29 12:25:00,IN_PRODUCTION
SN-00001464,EXEC-000527,WO-20260129-000527,5000000527,GIS-072-3150,GIS Bay 72.5 kV / 3150 A,LINE-05,2026-01-29 12:25:00,IN_PRODUCTION
SN-00001465,EXEC-000528,WO-20260129-000528,5000000528,GIS-245-3150,GIS Bay 245 kV / 3150 A,LINE-06,2026-01-29 12:45:00,IN_PRODUCTION
SN-00001466,EXEC-000528,WO-20260129-000528,5000000528,GIS-245-3150,GIS Bay 245 kV / 3150 A,LINE-06,2026-01-29 12:45:00,IN_PRODUCTION
SN-00001467,EXEC-000528,WO-20260129-000528,5000000528,GIS-245-3150,GIS Bay 245 kV / 3150 A,LINE-06,2026-01-29 12:45:00,IN_PRODUCTION
SN-00001468,EXEC-000529,WO-20260129-000529,5000000529,GIS-072-2500,GIS Bay 72.5 kV / 2500 A,LINE-01,2026-01-29 13:05:00,IN_PRODUCTION
SN-00001469,EXEC-000529,WO-20260129-000529,5000000529,GIS-072-2500,GIS Bay 72.5 kV / 2500 A,LINE-01,2026-01-29 13:05:00,IN_PRODUCTION
SN-00001470,EXEC-000529,WO-20260129-000529,5000000529,GIS-072-2500,GIS Bay 72.5 kV / 2500 A,LINE-01,2026-01-29 13:05:00,IN_PRODUCTION
SN-00001471,EXEC-000529,WO-20260129-000529,5000000529,GIS-072-2500,GIS Bay 72.5 kV / 2500 A,LINE-01,2026-01-29 13:05:00,IN_PRODUCTION
SN-00001472,EXEC-000529,WO-20260129-000529,5000000529,GIS-072-2500,GIS Bay 72.5 kV / 2500 A,LINE-01,2026-01-29 13:05:00,IN_PRODUCTION
SN-00001473,EXEC-000530,WO-20260129-000530,5000000530,GIS-145-4000,GIS Bay 145 kV / 4000 A,LINE-02,2026-01-29 13:25:00,IN_PRODUCTION
SN-00001474,EXEC-000530,WO-20260129-000530,5000000530,GIS-145-4000,GIS Bay 145 kV / 4000 A,LINE-02,2026-01-29 13:25:00,IN_PRODUCTION
SN-00001475,EXEC-000530,WO-20260129-000530,5000000530,GIS-145-4000,GIS Bay 145 kV / 4000 A,LINE-02,2026-01-29 13:25:00,IN_PRODUCTION
SN-00001476,EXEC-000531,WO-20260130-000531,5000000531,GIS-072-3150,GIS Bay 72.5 kV / 3150 A,LINE-03,2026-01-30 06:45:00,IN_PRODUCTION
SN-00001477,EXEC-000531,WO-20260130-000531,5000000531,GIS-072-3150,GIS Bay 72.5 kV / 3150 A,LINE-03,2026-01-30 06:45:00,IN_PRODUCTION
SN-00001478,EXEC-000531,WO-20260130-000531,5000000531,GIS-072-3150,GIS Bay 72.5 kV / 3150 A,LINE-03,2026-01-30 06:45:00,IN_PRODUCTION
SN-00001479,EXEC-000532,WO-20260130-000532,5000000532,GIS-145-3150,GIS Bay 145 kV / 3150 A,LINE-04,2026-01-30 07:05:00,IN_PRODUCTION
SN-00001480,EXEC-000532,WO-20260130-000532,5000000532,GIS-145-3150,GIS Bay 145 kV / 3150 A,LINE-04,2026-01-30 07:05:00,IN_PRODUCTION
SN-00001481,EXEC-000532,WO-20260130-000532,5000000532,GIS-145-3150,GIS Bay 145 kV / 3150 A,LINE-04,2026-01-30 07:05:00,IN_PRODUCTION
SN-00001482,EXEC-000533,WO-20260130-000533,5000000533,GIS-145-4000,GIS Bay 145 kV / 4000 A,LINE-05,2026-01-30 07:25:00,IN_PRODUCTION
SN-00001483,EXEC-000533,WO-20260130-000533,5000000533,GIS-145-4000,GIS Bay 145 kV / 4000 A,LINE-05,2026-01-30 07:25:00,IN_PRODUCTION
SN-00001484,EXEC-000533,WO-20260130-000533,5000000533,GIS-145-4000,GIS Bay 145 kV / 4000 A,LINE-05,2026-01-30 07:25:00,IN_PRODUCTION
SN-00001485,EXEC-000534,WO-20260130-000534,5000000534,GIS-245-3150,GIS Bay 245 kV / 3150 A,LINE-06,2026-01-30 07:45:00,IN_PRODUCTION
SN-00001486,EXEC-000534,WO-20260130-000534,5000000534,GIS-245-3150,GIS Bay 245 kV / 3150 A,LINE-06,2026-01-30 07:45:00,IN_PRODUCTION
SN-00001487,EXEC-000535,WO-20260130-000535,5000000535,GIS-245-4000,GIS Bay 245 kV / 4000 A,LINE-01,2026-01-30 08:05:00,IN_PRODUCTION
SN-00001488,EXEC-000535,WO-20260130-000535,5000000535,GIS-245-4000,GIS Bay 245 kV / 4000 A,LINE-01,2026-01-30 08:05:00,IN_PRODUCTION
SN-00001489,EXEC-000535,WO-20260130-000535,5000000535,GIS-245-4000,GIS Bay 245 kV / 4000 A,LINE-01,2026-01-30 08:05:00,IN_PRODUCTION
SN-00001490,EXEC-000536,WO-20260130-000536,5000000536,GIS-072-2500,GIS Bay 72.5 kV / 2500 A,LINE-02,2026-01-30 08:25:00,IN_PRODUCTION
SN-00001491,EXEC-000536,WO-20260130-000536,5000000536,GIS-072-2500,GIS Bay 72.5 kV / 2500 A,LINE-02,2026-01-30 08:25:00,IN_PRODUCTION
SN-00001492,EXEC-000536,WO-20260130-000536,5000000536,GIS-072-2500,GIS Bay 72.5 kV / 2500 A,LINE-02,2026-01-30 08:25:00,IN_PRODUCTION
SN-00001493,EXEC-000536,WO-20260130-000536,5000000536,GIS-072-2500,GIS Bay 72.5 kV / 2500 A,LINE-02,2026-01-30 08:25:00,IN_PRODUCTION
SN-00001494,EXEC-000537,WO-20260130-000537,5000000537,GIS-145-3150,GIS Bay 145 kV / 3150 A,LINE-03,2026-01-30 08:45:00,IN_PRODUCTION
SN-00001495,EXEC-000537,WO-20260130-000537,5000000537,GIS-145-3150,GIS Bay 145 kV / 3150 A,LINE-03,2026-01-30 08:45:00,IN_PRODUCTION
SN-00001496,EXEC-000537,WO-20260130-000537,5000000537,GIS-145-3150,GIS Bay 145 kV / 3150 A,LINE-03,2026-01-30 08:45:00,IN_PRODUCTION
SN-00001497,EXEC-000538,WO-20260130-000538,5000000538,GIS-145-3150,GIS Bay 145 kV / 3150 A,LINE-04,2026-01-30 09:05:00,IN_PRODUCTION
SN-00001498,EXEC-000538,WO-20260130-000538,5000000538,GIS-145-3150,GIS Bay 145 kV / 3150 A,LINE-04,2026-01-30 09:05:00,IN_PRODUCTION
SN-00001499,EXEC-000539,WO-20260130-000539,5000000539,GIS-145-4000,GIS Bay 145 kV / 4000 A,LINE-05,2026-01-30 09:25:00,IN_PRODUCTION
SN-00001500,EXEC-000539,WO-20260130-000539,5000000539,GIS-145-4000,GIS Bay 145 kV / 4000 A,LINE-05,2026-01-30 09:25:00,IN_PRODUCTION
SN-00001501,EXEC-000539,WO-20260130-000539,5000000539,GIS-145-4000,GIS Bay 145 kV / 4000 A,LINE-05,2026-01-30 09:25:00,IN_PRODUCTION
SN-00001502,EXEC-000539,WO-20260130-000539,5000000539,GIS-145-4000,GIS Bay 145 kV / 4000 A,LINE-05,2026-01-30 09:25:00,IN_PRODUCTION
SN-00001503,EXEC-000540,WO-20260130-000540,5000000540,GIS-072-2500,GIS Bay 72.5 kV / 2500 A,LINE-06,2026-01-30 09:45:00,IN_PRODUCTION
SN-00001504,EXEC-000540,WO-20260130-000540,5000000540,GIS-072-2500,GIS Bay 72.5 kV / 2500 A,LINE-06,2026-01-30 09:45:00,IN_PRODUCTION
SN-00001505,EXEC-000540,WO-20260130-000540,5000000540,GIS-072-2500,GIS Bay 72.5 kV / 2500 A,LINE-06,2026-01-30 09:45:00,IN_PRODUCTION
SN-00001506,EXEC-000540,WO-20260130-000540,5000000540,GIS-072-2500,GIS Bay 72.5 kV / 2500 A,LINE-06,2026-01-30 09:45:00,IN_PRODUCTION
SN-00001507,EXEC-000541,WO-20260130-000541,5000000541,GIS-170-4000,GIS Bay 170 kV / 4000 A,LINE-01,2026-01-30 10:05:00,IN_PRODUCTION
SN-00001508,EXEC-000541,WO-20260130-000541,5000000541,GIS-170-4000,GIS Bay 170 kV / 4000 A,LINE-01,2026-01-30 10:05:00,IN_PRODUCTION
SN-00001509,EXEC-000542,WO-20260130-000542,5000000542,GIS-145-3150,GIS Bay 145 kV / 3150 A,LINE-02,2026-01-30 10:25:00,IN_PRODUCTION
SN-00001510,EXEC-000542,WO-20260130-000542,5000000542,GIS-145-3150,GIS Bay 145 kV / 3150 A,LINE-02,2026-01-30 10:25:00,IN_PRODUCTION
SN-00001511,EXEC-000543,WO-20260130-000543,5000000543,GIS-072-3150,GIS Bay 72.5 kV / 3150 A,LINE-03,2026-01-30 10:45:00,IN_PRODUCTION
SN-00001512,EXEC-000543,WO-20260130-000543,5000000543,GIS-072-3150,GIS Bay 72.5 kV / 3150 A,LINE-03,2026-01-30 10:45:00,IN_PRODUCTION
SN-00001513,EXEC-000543,WO-20260130-000543,5000000543,GIS-072-3150,GIS Bay 72.5 kV / 3150 A,LINE-03,2026-01-30 10:45:00,IN_PRODUCTION
SN-00001514,EXEC-000543,WO-20260130-000543,5000000543,GIS-072-3150,GIS Bay 72.5 kV / 3150 A,LINE-03,2026-01-30 10:45:00,IN_PRODUCTION
SN-00001515,EXEC-000544,WO-20260130-000544,5000000544,GIS-145-3150,GIS Bay 145 kV / 3150 A,LINE-04,2026-01-30 11:05:00,IN_PRODUCTION
SN-00001516,EXEC-000544,WO-20260130-000544,5000000544,GIS-145-3150,GIS Bay 145 kV / 3150 A,LINE-04,2026-01-30 11:05:00,IN_PRODUCTION
SN-00001517,EXEC-000544,WO-20260130-000544,5000000544,GIS-145-3150,GIS Bay 145 kV / 3150 A,LINE-04,2026-01-30 11:05:00,IN_PRODUCTION
SN-00001518,EXEC-000544,WO-20260130-000544,5000000544,GIS-145-3150,GIS Bay 145 kV / 3150 A,LINE-04,2026-01-30 11:05:00,IN_PRODUCTION
SN-00001519,EXEC-000545,WO-20260130-000545,5000000545,GIS-145-3150,GIS Bay 145 kV / 3150 A,LINE-05,2026-01-30 11:25:00,IN_PRODUCTION
SN-00001520,EXEC-000545,WO-20260130-000545,5000000545,GIS-145-3150,GIS Bay 145 kV / 3150 A,LINE-05,2026-01-30 11:25:00,IN_PRODUCTION
SN-00001521,EXEC-000545,WO-20260130-000545,5000000545,GIS-145-3150,GIS Bay 145 kV / 3150 A,LINE-05,2026-01-30 11:25:00,IN_PRODUCTION
SN-00001522,EXEC-000545,WO-20260130-000545,5000000545,GIS-145-3150,GIS Bay 145 kV / 3150 A,LINE-05,2026-01-30 11:25:00,IN_PRODUCTION
SN-00001523,EXEC-000546,WO-20260130-000546,5000000546,GIS-145-3150,GIS Bay 145 kV / 3150 A,LINE-06,2026-01-30 11:45:00,IN_PRODUCTION
SN-00001524,EXEC-000546,WO-20260130-000546,5000000546,GIS-145-3150,GIS Bay 145 kV / 3150 A,LINE-06,2026-01-30 11:45:00,IN_PRODUCTION
SN-00001525,EXEC-000546,WO-20260130-000546,5000000546,GIS-145-3150,GIS Bay 145 kV / 3150 A,LINE-06,2026-01-30 11:45:00,IN_PRODUCTION
SN-00001526,EXEC-000547,WO-20260130-000547,5000000547,GIS-550-5000,GIS Bay 550 kV / 5000 A,LINE-01,2026-01-30 12:05:00,IN_PRODUCTION
SN-00001527,EXEC-000548,WO-20260130-000548,5000000548,GIS-072-2500,GIS Bay 72.5 kV / 2500 A,LINE-02,2026-01-30 12:25:00,IN_PRODUCTION
SN-00001528,EXEC-000548,WO-20260130-000548,5000000548,GIS-072-2500,GIS Bay 72.5 kV / 2500 A,LINE-02,2026-01-30 12:25:00,IN_PRODUCTION
SN-00001529,EXEC-000548,WO-20260130-000548,5000000548,GIS-072-2500,GIS Bay 72.5 kV / 2500 A,LINE-02,2026-01-30 12:25:00,IN_PRODUCTION
SN-00001530,EXEC-000548,WO-20260130-000548,5000000548,GIS-072-2500,GIS Bay 72.5 kV / 2500 A,LINE-02,2026-01-30 12:25:00,IN_PRODUCTION
SN-00001531,EXEC-000548,WO-20260130-000548,5000000548,GIS-072-2500,GIS Bay 72.5 kV / 2500 A,LINE-02,2026-01-30 12:25:00,IN_PRODUCTION
SN-00001532,EXEC-000549,WO-20260130-000549,5000000549,GIS-145-4000,GIS Bay 145 kV / 4000 A,LINE-03,2026-01-30 12:45:00,IN_PRODUCTION
SN-00001533,EXEC-000549,WO-20260130-000549,5000000549,GIS-145-4000,GIS Bay 145 kV / 4000 A,LINE-03,2026-01-30 12:45:00,IN_PRODUCTION
SN-00001534,EXEC-000549,WO-20260130-000549,5000000549,GIS-145-4000,GIS Bay 145 kV / 4000 A,LINE-03,2026-01-30 12:45:00,IN_PRODUCTION
SN-00001535,EXEC-000549,WO-20260130-000549,5000000549,GIS-145-4000,GIS Bay 145 kV / 4000 A,LINE-03,2026-01-30 12:45:00,IN_PRODUCTION
SN-00001536,EXEC-000550,WO-20260130-000550,5000000550,GIS-420-5000,GIS Bay 420 kV / 5000 A,LINE-04,2026-01-30 13:05:00,IN_PRODUCTION
SN-00001537,EXEC-000551,WO-20260130-000551,5000000551,GIS-245-3150,GIS Bay 245 kV / 3150 A,LINE-05,2026-01-30 13:25:00,IN_PRODUCTION
SN-00001538,EXEC-000551,WO-20260130-000551,5000000551,GIS-245-3150,GIS Bay 245 kV / 3150 A,LINE-05,2026-01-30 13:25:00,IN_PRODUCTION
SN-00001539,EXEC-000552,WO-20260130-000552,5000000552,GIS-072-2500,GIS Bay 72.5 kV / 2500 A,LINE-06,2026-01-30 13:45:00,IN_PRODUCTION
SN-00001540,EXEC-000552,WO-20260130-000552,5000000552,GIS-072-2500,GIS Bay 72.5 kV / 2500 A,LINE-06,2026-01-30 13:45:00,IN_PRODUCTION
SN-00001541,EXEC-000552,WO-20260130-000552,5000000552,GIS-072-2500,GIS Bay 72.5 kV / 2500 A,LINE-06,2026-01-30 13:45:00,IN_PRODUCTION
SN-00001542,EXEC-000552,WO-20260130-000552,5000000552,GIS-072-2500,GIS Bay 72.5 kV / 2500 A,LINE-06,2026-01-30 13:45:00,IN_PRODUCTION
SN-00001543,EXEC-000552,WO-20260130-000552,5000000552,GIS-072-2500,GIS Bay 72.5 kV / 2500 A,LINE-06,2026-01-30 13:45:00,IN_PRODUCTION
SN-00001544,EXEC-000553,WO-20260130-000553,5000000553,GIS-145-3150,GIS Bay 145 kV / 3150 A,LINE-01,2026-01-30 14:05:00,IN_PRODUCTION
SN-00001545,EXEC-000553,WO-20260130-000553,5000000553,GIS-145-3150,GIS Bay 145 kV / 3150 A,LINE-01,2026-01-30 14:05:00,IN_PRODUCTION
SN-00001546,EXEC-000553,WO-20260130-000553,5000000553,GIS-145-3150,GIS Bay 145 kV / 3150 A,LINE-01,2026-01-30 14:05:00,IN_PRODUCTION
SN-00001547,EXEC-000553,WO-20260130-000553,5000000553,GIS-145-3150,GIS Bay 145 kV / 3150 A,LINE-01,2026-01-30 14:05:00,IN_PRODUCTION
SN-00001548,EXEC-000554,WO-20260130-000554,5000000554,GIS-072-3150,GIS Bay 72.5 kV / 3150 A,LINE-02,2026-01-30 14:25:00,IN_PRODUCTION
SN-00001549,EXEC-000554,WO-20260130-000554,5000000554,GIS-072-3150,GIS Bay 72.5 kV / 3150 A,LINE-02,2026-01-30 14:25:00,IN_PRODUCTION
SN-00001550,EXEC-000554,WO-20260130-000554,5000000554,GIS-072-3150,GIS Bay 72.5 kV / 3150 A,LINE-02,2026-01-30 14:25:00,IN_PRODUCTION
SN-00001551,EXEC-000554,WO-20260130-000554,5000000554,GIS-072-3150,GIS Bay 72.5 kV / 3150 A,LINE-02,2026-01-30 14:25:00,IN_PRODUCTION
SN-00001552,EXEC-000555,WO-20260131-000555,5000000555,GIS-145-3150,GIS Bay 145 kV / 3150 A,LINE-03,2026-01-31 06:45:00,IN_PRODUCTION
SN-00001553,EXEC-000555,WO-20260131-000555,5000000555,GIS-145-3150,GIS Bay 145 kV / 3150 A,LINE-03,2026-01-31 06:45:00,IN_PRODUCTION
SN-00001554,EXEC-000556,WO-20260131-000556,5000000556,GIS-145-4000,GIS Bay 145 kV / 4000 A,LINE-04,2026-01-31 07:05:00,IN_PRODUCTION
SN-00001555,EXEC-000556,WO-20260131-000556,5000000556,GIS-145-4000,GIS Bay 145 kV / 4000 A,LINE-04,2026-01-31 07:05:00,IN_PRODUCTION
SN-00001556,EXEC-000556,WO-20260131-000556,5000000556,GIS-145-4000,GIS Bay 145 kV / 4000 A,LINE-04,2026-01-31 07:05:00,IN_PRODUCTION
SN-00001557,EXEC-000557,WO-20260131-000557,5000000557,GIS-072-3150,GIS Bay 72.5 kV / 3150 A,LINE-05,2026-01-31 07:25:00,IN_PRODUCTION
SN-00001558,EXEC-000557,WO-20260131-000557,5000000557,GIS-072-3150,GIS Bay 72.5 kV / 3150 A,LINE-05,2026-01-31 07:25:00,IN_PRODUCTION
SN-00001559,EXEC-000557,WO-20260131-000557,5000000557,GIS-072-3150,GIS Bay 72.5 kV / 3150 A,LINE-05,2026-01-31 07:25:00,IN_PRODUCTION
SN-00001560,EXEC-000558,WO-20260131-000558,5000000558,GIS-072-3150,GIS Bay 72.5 kV / 3150 A,LINE-06,2026-01-31 07:45:00,IN_PRODUCTION
SN-00001561,EXEC-000558,WO-20260131-000558,5000000558,GIS-072-3150,GIS Bay 72.5 kV / 3150 A,LINE-06,2026-01-31 07:45:00,IN_PRODUCTION
SN-00001562,EXEC-000558,WO-20260131-000558,5000000558,GIS-072-3150,GIS Bay 72.5 kV / 3150 A,LINE-06,2026-01-31 07:45:00,IN_PRODUCTION
SN-00001563,EXEC-000558,WO-20260131-000558,5000000558,GIS-072-3150,GIS Bay 72.5 kV / 3150 A,LINE-06,2026-01-31 07:45:00,IN_PRODUCTION
SN-00001564,EXEC-000558,WO-20260131-000558,5000000558,GIS-072-3150,GIS Bay 72.5 kV / 3150 A,LINE-06,2026-01-31 07:45:00,IN_PRODUCTION
SN-00001565,EXEC-000559,WO-20260131-000559,5000000559,GIS-170-4000,GIS Bay 170 kV / 4000 A,LINE-01,2026-01-31 08:05:00,IN_PRODUCTION
SN-00001566,EXEC-000559,WO-20260131-000559,5000000559,GIS-170-4000,GIS Bay 170 kV / 4000 A,LINE-01,2026-01-31 08:05:00,IN_PRODUCTION
SN-00001567,EXEC-000559,WO-20260131-000559,5000000559,GIS-170-4000,GIS Bay 170 kV / 4000 A,LINE-01,2026-01-31 08:05:00,IN_PRODUCTION
SN-00001568,EXEC-000560,WO-20260131-000560,5000000560,GIS-245-3150,GIS Bay 245 kV / 3150 A,LINE-02,2026-01-31 08:25:00,IN_PRODUCTION
SN-00001569,EXEC-000561,WO-20260131-000561,5000000561,GIS-072-3150,GIS Bay 72.5 kV / 3150 A,LINE-03,2026-01-31 08:45:00,IN_PRODUCTION
SN-00001570,EXEC-000561,WO-20260131-000561,5000000561,GIS-072-3150,GIS Bay 72.5 kV / 3150 A,LINE-03,2026-01-31 08:45:00,IN_PRODUCTION
SN-00001571,EXEC-000561,WO-20260131-000561,5000000561,GIS-072-3150,GIS Bay 72.5 kV / 3150 A,LINE-03,2026-01-31 08:45:00,IN_PRODUCTION
SN-00001572,EXEC-000561,WO-20260131-000561,5000000561,GIS-072-3150,GIS Bay 72.5 kV / 3150 A,LINE-03,2026-01-31 08:45:00,IN_PRODUCTION
SN-00001573,EXEC-000562,WO-20260131-000562,5000000562,GIS-072-2500,GIS Bay 72.5 kV / 2500 A,LINE-04,2026-01-31 09:05:00,IN_PRODUCTION
SN-00001574,EXEC-000562,WO-20260131-000562,5000000562,GIS-072-2500,GIS Bay 72.5 kV / 2500 A,LINE-04,2026-01-31 09:05:00,IN_PRODUCTION
SN-00001575,EXEC-000562,WO-20260131-000562,5000000562,GIS-072-2500,GIS Bay 72.5 kV / 2500 A,LINE-04,2026-01-31 09:05:00,IN_PRODUCTION
SN-00001576,EXEC-000563,WO-20260131-000563,5000000563,GIS-420-4000,GIS Bay 420 kV / 4000 A,LINE-05,2026-01-31 09:25:00,IN_PRODUCTION
SN-00001577,EXEC-000563,WO-20260131-000563,5000000563,GIS-420-4000,GIS Bay 420 kV / 4000 A,LINE-05,2026-01-31 09:25:00,IN_PRODUCTION
SN-00001578,EXEC-000564,WO-20260131-000564,5000000564,GIS-300-4000,GIS Bay 300 kV / 4000 A,LINE-06,2026-01-31 09:45:00,IN_PRODUCTION
SN-00001579,EXEC-000564,WO-20260131-000564,5000000564,GIS-300-4000,GIS Bay 300 kV / 4000 A,LINE-06,2026-01-31 09:45:00,IN_PRODUCTION
SN-00001580,EXEC-000565,WO-20260131-000565,5000000565,GIS-245-3150,GIS Bay 245 kV / 3150 A,LINE-01,2026-01-31 10:05:00,IN_PRODUCTION
SN-00001581,EXEC-000565,WO-20260131-000565,5000000565,GIS-245-3150,GIS Bay 245 kV / 3150 A,LINE-01,2026-01-31 10:05:00,IN_PRODUCTION
SN-00001582,EXEC-000565,WO-20260131-000565,5000000565,GIS-245-3150,GIS Bay 245 kV / 3150 A,LINE-01,2026-01-31 10:05:00,IN_PRODUCTION
SN-00001583,EXEC-000566,WO-20260131-000566,5000000566,GIS-420-4000,GIS Bay 420 kV / 4000 A,LINE-02,2026-01-31 10:25:00,IN_PRODUCTION
SN-00001584,EXEC-000567,WO-20260131-000567,5000000567,GIS-420-5000,GIS Bay 420 kV / 5000 A,LINE-03,2026-01-31 10:45:00,IN_PRODUCTION
SN-00001585,EXEC-000568,WO-20260131-000568,5000000568,GIS-145-4000,GIS Bay 145 kV / 4000 A,LINE-04,2026-01-31 11:05:00,IN_PRODUCTION
SN-00001586,EXEC-000568,WO-20260131-000568,5000000568,GIS-145-4000,GIS Bay 145 kV / 4000 A,LINE-04,2026-01-31 11:05:00,IN_PRODUCTION
SN-00001587,EXEC-000569,WO-20260131-000569,5000000569,GIS-245-4000,GIS Bay 245 kV / 4000 A,LINE-05,2026-01-31 11:25:00,IN_PRODUCTION
SN-00001588,EXEC-000570,WO-20260131-000570,5000000570,GIS-072-2500,GIS Bay 72.5 kV / 2500 A,LINE-06,2026-01-31 11:45:00,IN_PRODUCTION
SN-00001589,EXEC-000570,WO-20260131-000570,5000000570,GIS-072-2500,GIS Bay 72.5 kV / 2500 A,LINE-06,2026-01-31 11:45:00,IN_PRODUCTION
SN-00001590,EXEC-000570,WO-20260131-000570,5000000570,GIS-072-2500,GIS Bay 72.5 kV / 2500 A,LINE-06,2026-01-31 11:45:00,IN_PRODUCTION
SN-00001591,EXEC-000570,WO-20260131-000570,5000000570,GIS-072-2500,GIS Bay 72.5 kV / 2500 A,LINE-06,2026-01-31 11:45:00,IN_PRODUCTION
SN-00001592,EXEC-000570,WO-20260131-000570,5000000570,GIS-072-2500,GIS Bay 72.5 kV / 2500 A,LINE-06,2026-01-31 11:45:00,IN_PRODUCTION
SN-00001593,EXEC-000571,WO-20260131-000571,5000000571,GIS-145-4000,GIS Bay 145 kV / 4000 A,LINE-01,2026-01-31 12:05:00,IN_PRODUCTION
SN-00001594,EXEC-000571,WO-20260131-000571,5000000571,GIS-145-4000,GIS Bay 145 kV / 4000 A,LINE-01,2026-01-31 12:05:00,IN_PRODUCTION
SN-00001595,EXEC-000571,WO-20260131-000571,5000000571,GIS-145-4000,GIS Bay 145 kV / 4000 A,LINE-01,2026-01-31 12:05:00,IN_PRODUCTION
SN-00001596,EXEC-000571,WO-20260131-000571,5000000571,GIS-145-4000,GIS Bay 145 kV / 4000 A,LINE-01,2026-01-31 12:05:00,IN_PRODUCTION
SN-00001597,EXEC-000572,WO-20260131-000572,5000000572,GIS-420-4000,GIS Bay 420 kV / 4000 A,LINE-02,2026-01-31 12:25:00,IN_PRODUCTION
SN-00001598,EXEC-000573,WO-20260131-000573,5000000573,GIS-800-5000,GIS Bay 800 kV / 5000 A,LINE-03,2026-01-31 12:45:00,IN_PRODUCTION
SN-00001599,EXEC-000574,WO-20260131-000574,5000000574,GIS-145-4000,GIS Bay 145 kV / 4000 A,LINE-04,2026-01-31 13:05:00,IN_PRODUCTION
SN-00001600,EXEC-000574,WO-20260131-000574,5000000574,GIS-145-4000,GIS Bay 145 kV / 4000 A,LINE-04,2026-01-31 13:05:00,IN_PRODUCTION
SN-00001601,EXEC-000574,WO-20260131-000574,5000000574,GIS-145-4000,GIS Bay 145 kV / 4000 A,LINE-04,2026-01-31 13:05:00,IN_PRODUCTION
SN-00001602,EXEC-000575,WO-20260201-000575,5000000575,GIS-072-2500,GIS Bay 72.5 kV / 2500 A,LINE-05,2026-02-01 06:45:00,IN_PRODUCTION
SN-00001603,EXEC-000575,WO-20260201-000575,5000000575,GIS-072-2500,GIS Bay 72.5 kV / 2500 A,LINE-05,2026-02-01 06:45:00,IN_PRODUCTION
SN-00001604,EXEC-000575,WO-20260201-000575,5000000575,GIS-072-2500,GIS Bay 72.5 kV / 2500 A,LINE-05,2026-02-01 06:45:00,IN_PRODUCTION
SN-00001605,EXEC-000575,WO-20260201-000575,5000000575,GIS-072-2500,GIS Bay 72.5 kV / 2500 A,LINE-05,2026-02-01 06:45:00,IN_PRODUCTION
SN-00001606,EXEC-000576,WO-20260201-000576,5000000576,GIS-145-3150,GIS Bay 145 kV / 3150 A,LINE-06,2026-02-01 07:05:00,IN_PRODUCTION
SN-00001607,EXEC-000576,WO-20260201-000576,5000000576,GIS-145-3150,GIS Bay 145 kV / 3150 A,LINE-06,2026-02-01 07:05:00,IN_PRODUCTION
SN-00001608,EXEC-000576,WO-20260201-000576,5000000576,GIS-145-3150,GIS Bay 145 kV / 3150 A,LINE-06,2026-02-01 07:05:00,IN_PRODUCTION
SN-00001609,EXEC-000576,WO-20260201-000576,5000000576,GIS-145-3150,GIS Bay 145 kV / 3150 A,LINE-06,2026-02-01 07:05:00,IN_PRODUCTION
SN-00001610,EXEC-000577,WO-20260201-000577,5000000577,GIS-072-2500,GIS Bay 72.5 kV / 2500 A,LINE-01,2026-02-01 07:25:00,IN_PRODUCTION
SN-00001611,EXEC-000577,WO-20260201-000577,5000000577,GIS-072-2500,GIS Bay 72.5 kV / 2500 A,LINE-01,2026-02-01 07:25:00,IN_PRODUCTION
SN-00001612,EXEC-000577,WO-20260201-000577,5000000577,GIS-072-2500,GIS Bay 72.5 kV / 2500 A,LINE-01,2026-02-01 07:25:00,IN_PRODUCTION
SN-00001613,EXEC-000577,WO-20260201-000577,5000000577,GIS-072-2500,GIS Bay 72.5 kV / 2500 A,LINE-01,2026-02-01 07:25:00,IN_PRODUCTION
SN-00001614,EXEC-000577,WO-20260201-000577,5000000577,GIS-072-2500,GIS Bay 72.5 kV / 2500 A,LINE-01,2026-02-01 07:25:00,IN_PRODUCTION
SN-00001615,EXEC-000578,WO-20260201-000578,5000000578,GIS-072-3150,GIS Bay 72.5 kV / 3150 A,LINE-02,2026-02-01 07:45:00,IN_PRODUCTION
SN-00001616,EXEC-000578,WO-20260201-000578,5000000578,GIS-072-3150,GIS Bay 72.5 kV / 3150 A,LINE-02,2026-02-01 07:45:00,IN_PRODUCTION
SN-00001617,EXEC-000578,WO-20260201-000578,5000000578,GIS-072-3150,GIS Bay 72.5 kV / 3150 A,LINE-02,2026-02-01 07:45:00,IN_PRODUCTION
SN-00001618,EXEC-000579,WO-20260201-000579,5000000579,GIS-420-4000,GIS Bay 420 kV / 4000 A,LINE-03,2026-02-01 08:05:00,IN_PRODUCTION
SN-00001619,EXEC-000580,WO-20260201-000580,5000000580,GIS-145-4000,GIS Bay 145 kV / 4000 A,LINE-04,2026-02-01 08:25:00,IN_PRODUCTION
SN-00001620,EXEC-000580,WO-20260201-000580,5000000580,GIS-145-4000,GIS Bay 145 kV / 4000 A,LINE-04,2026-02-01 08:25:00,IN_PRODUCTION
SN-00001621,EXEC-000580,WO-20260201-000580,5000000580,GIS-145-4000,GIS Bay 145 kV / 4000 A,LINE-04,2026-02-01 08:25:00,IN_PRODUCTION
SN-00001622,EXEC-000581,WO-20260201-000581,5000000581,GIS-145-3150,GIS Bay 145 kV / 3150 A,LINE-05,2026-02-01 08:45:00,IN_PRODUCTION
SN-00001623,EXEC-000581,WO-20260201-000581,5000000581,GIS-145-3150,GIS Bay 145 kV / 3150 A,LINE-05,2026-02-01 08:45:00,IN_PRODUCTION
SN-00001624,EXEC-000581,WO-20260201-000581,5000000581,GIS-145-3150,GIS Bay 145 kV / 3150 A,LINE-05,2026-02-01 08:45:00,IN_PRODUCTION
SN-00001625,EXEC-000581,WO-20260201-000581,5000000581,GIS-145-3150,GIS Bay 145 kV / 3150 A,LINE-05,2026-02-01 08:45:00,IN_PRODUCTION
SN-00001626,EXEC-000582,WO-20260201-000582,5000000582,GIS-420-5000,GIS Bay 420 kV / 5000 A,LINE-06,2026-02-01 09:05:00,IN_PRODUCTION
SN-00001627,EXEC-000582,WO-20260201-000582,5000000582,GIS-420-5000,GIS Bay 420 kV / 5000 A,LINE-06,2026-02-01 09:05:00,IN_PRODUCTION
SN-00001628,EXEC-000583,WO-20260201-000583,5000000583,GIS-072-3150,GIS Bay 72.5 kV / 3150 A,LINE-01,2026-02-01 09:25:00,IN_PRODUCTION
SN-00001629,EXEC-000583,WO-20260201-000583,5000000583,GIS-072-3150,GIS Bay 72.5 kV / 3150 A,LINE-01,2026-02-01 09:25:00,IN_PRODUCTION
SN-00001630,EXEC-000583,WO-20260201-000583,5000000583,GIS-072-3150,GIS Bay 72.5 kV / 3150 A,LINE-01,2026-02-01 09:25:00,IN_PRODUCTION
SN-00001631,EXEC-000583,WO-20260201-000583,5000000583,GIS-072-3150,GIS Bay 72.5 kV / 3150 A,LINE-01,2026-02-01 09:25:00,IN_PRODUCTION
SN-00001632,EXEC-000583,WO-20260201-000583,5000000583,GIS-072-3150,GIS Bay 72.5 kV / 3150 A,LINE-01,2026-02-01 09:25:00,IN_PRODUCTION
SN-00001633,EXEC-000584,WO-20260201-000584,5000000584,GIS-072-3150,GIS Bay 72.5 kV / 3150 A,LINE-02,2026-02-01 09:45:00,IN_PRODUCTION
SN-00001634,EXEC-000584,WO-20260201-000584,5000000584,GIS-072-3150,GIS Bay 72.5 kV / 3150 A,LINE-02,2026-02-01 09:45:00,IN_PRODUCTION
SN-00001635,EXEC-000584,WO-20260201-000584,5000000584,GIS-072-3150,GIS Bay 72.5 kV / 3150 A,LINE-02,2026-02-01 09:45:00,IN_PRODUCTION
SN-00001636,EXEC-000584,WO-20260201-000584,5000000584,GIS-072-3150,GIS Bay 72.5 kV / 3150 A,LINE-02,2026-02-01 09:45:00,IN_PRODUCTION
SN-00001637,EXEC-000584,WO-20260201-000584,5000000584,GIS-072-3150,GIS Bay 72.5 kV / 3150 A,LINE-02,2026-02-01 09:45:00,IN_PRODUCTION
SN-00001638,EXEC-000585,WO-20260201-000585,5000000585,GIS-145-4000,GIS Bay 145 kV / 4000 A,LINE-03,2026-02-01 10:05:00,IN_PRODUCTION
SN-00001639,EXEC-000585,WO-20260201-000585,5000000585,GIS-145-4000,GIS Bay 145 kV / 4000 A,LINE-03,2026-02-01 10:05:00,IN_PRODUCTION
SN-00001640,EXEC-000585,WO-20260201-000585,5000000585,GIS-145-4000,GIS Bay 145 kV / 4000 A,LINE-03,2026-02-01 10:05:00,IN_PRODUCTION
SN-00001641,EXEC-000585,WO-20260201-000585,5000000585,GIS-145-4000,GIS Bay 145 kV / 4000 A,LINE-03,2026-02-01 10:05:00,IN_PRODUCTION
SN-00001642,EXEC-000586,WO-20260201-000586,5000000586,GIS-170-4000,GIS Bay 170 kV / 4000 A,LINE-04,2026-02-01 10:25:00,IN_PRODUCTION
SN-00001643,EXEC-000586,WO-20260201-000586,5000000586,GIS-170-4000,GIS Bay 170 kV / 4000 A,LINE-04,2026-02-01 10:25:00,IN_PRODUCTION
SN-00001644,EXEC-000587,WO-20260201-000587,5000000587,GIS-170-4000,GIS Bay 170 kV / 4000 A,LINE-05,2026-02-01 10:45:00,IN_PRODUCTION
SN-00001645,EXEC-000587,WO-20260201-000587,5000000587,GIS-170-4000,GIS Bay 170 kV / 4000 A,LINE-05,2026-02-01 10:45:00,IN_PRODUCTION
SN-00001646,EXEC-000587,WO-20260201-000587,5000000587,GIS-170-4000,GIS Bay 170 kV / 4000 A,LINE-05,2026-02-01 10:45:00,IN_PRODUCTION
SN-00001647,EXEC-000588,WO-20260201-000588,5000000588,GIS-170-4000,GIS Bay 170 kV / 4000 A,LINE-06,2026-02-01 11:05:00,IN_PRODUCTION
SN-00001648,EXEC-000588,WO-20260201-000588,5000000588,GIS-170-4000,GIS Bay 170 kV / 4000 A,LINE-06,2026-02-01 11:05:00,IN_PRODUCTION
SN-00001649,EXEC-000589,WO-20260201-000589,5000000589,GIS-420-5000,GIS Bay 420 kV / 5000 A,LINE-01,2026-02-01 11:25:00,IN_PRODUCTION
SN-00001650,EXEC-000589,WO-20260201-000589,5000000589,GIS-420-5000,GIS Bay 420 kV / 5000 A,LINE-01,2026-02-01 11:25:00,IN_PRODUCTION
SN-00001651,EXEC-000590,WO-20260201-000590,5000000590,GIS-245-4000,GIS Bay 245 kV / 4000 A,LINE-02,2026-02-01 11:45:00,IN_PRODUCTION
SN-00001652,EXEC-000590,WO-20260201-000590,5000000590,GIS-245-4000,GIS Bay 245 kV / 4000 A,LINE-02,2026-02-01 11:45:00,IN_PRODUCTION
SN-00001653,EXEC-000591,WO-20260201-000591,5000000591,GIS-072-2500,GIS Bay 72.5 kV / 2500 A,LINE-03,2026-02-01 12:05:00,IN_PRODUCTION
SN-00001654,EXEC-000591,WO-20260201-000591,5000000591,GIS-072-2500,GIS Bay 72.5 kV / 2500 A,LINE-03,2026-02-01 12:05:00,IN_PRODUCTION
SN-00001655,EXEC-000591,WO-20260201-000591,5000000591,GIS-072-2500,GIS Bay 72.5 kV / 2500 A,LINE-03,2026-02-01 12:05:00,IN_PRODUCTION
SN-00001656,EXEC-000591,WO-20260201-000591,5000000591,GIS-072-2500,GIS Bay 72.5 kV / 2500 A,LINE-03,2026-02-01 12:05:00,IN_PRODUCTION
SN-00001657,EXEC-000591,WO-20260201-000591,5000000591,GIS-072-2500,GIS Bay 72.5 kV / 2500 A,LINE-03,2026-02-01 12:05:00,IN_PRODUCTION
SN-00001658,EXEC-000592,WO-20260201-000592,5000000592,GIS-245-3150,GIS Bay 245 kV / 3150 A,LINE-04,2026-02-01 12:25:00,IN_PRODUCTION
SN-00001659,EXEC-000592,WO-20260201-000592,5000000592,GIS-245-3150,GIS Bay 245 kV / 3150 A,LINE-04,2026-02-01 12:25:00,IN_PRODUCTION
SN-00001660,EXEC-000593,WO-20260202-000593,5000000593,GIS-245-4000,GIS Bay 245 kV / 4000 A,LINE-05,2026-02-02 06:45:00,IN_PRODUCTION
SN-00001661,EXEC-000593,WO-20260202-000593,5000000593,GIS-245-4000,GIS Bay 245 kV / 4000 A,LINE-05,2026-02-02 06:45:00,IN_PRODUCTION
SN-00001662,EXEC-000594,WO-20260202-000594,5000000594,GIS-072-2500,GIS Bay 72.5 kV / 2500 A,LINE-06,2026-02-02 07:05:00,IN_PRODUCTION
SN-00001663,EXEC-000594,WO-20260202-000594,5000000594,GIS-072-2500,GIS Bay 72.5 kV / 2500 A,LINE-06,2026-02-02 07:05:00,IN_PRODUCTION
SN-00001664,EXEC-000594,WO-20260202-000594,5000000594,GIS-072-2500,GIS Bay 72.5 kV / 2500 A,LINE-06,2026-02-02 07:05:00,IN_PRODUCTION
SN-00001665,EXEC-000595,WO-20260202-000595,5000000595,GIS-145-3150,GIS Bay 145 kV / 3150 A,LINE-01,2026-02-02 07:25:00,IN_PRODUCTION
SN-00001666,EXEC-000595,WO-20260202-000595,5000000595,GIS-145-3150,GIS Bay 145 kV / 3150 A,LINE-01,2026-02-02 07:25:00,IN_PRODUCTION
SN-00001667,EXEC-000595,WO-20260202-000595,5000000595,GIS-145-3150,GIS Bay 145 kV / 3150 A,LINE-01,2026-02-02 07:25:00,IN_PRODUCTION
SN-00001668,EXEC-000596,WO-20260202-000596,5000000596,GIS-170-4000,GIS Bay 170 kV / 4000 A,LINE-02,2026-02-02 07:45:00,IN_PRODUCTION
SN-00001669,EXEC-000596,WO-20260202-000596,5000000596,GIS-170-4000,GIS Bay 170 kV / 4000 A,LINE-02,2026-02-02 07:45:00,IN_PRODUCTION
SN-00001670,EXEC-000596,WO-20260202-000596,5000000596,GIS-170-4000,GIS Bay 170 kV / 4000 A,LINE-02,2026-02-02 07:45:00,IN_PRODUCTION
SN-00001671,EXEC-000597,WO-20260202-000597,5000000597,GIS-145-3150,GIS Bay 145 kV / 3150 A,LINE-03,2026-02-02 08:05:00,IN_PRODUCTION
SN-00001672,EXEC-000597,WO-20260202-000597,5000000597,GIS-145-3150,GIS Bay 145 kV / 3150 A,LINE-03,2026-02-02 08:05:00,IN_PRODUCTION
SN-00001673,EXEC-000597,WO-20260202-000597,5000000597,GIS-145-3150,GIS Bay 145 kV / 3150 A,LINE-03,2026-02-02 08:05:00,IN_PRODUCTION
SN-00001674,EXEC-000598,WO-20260202-000598,5000000598,GIS-072-2500,GIS Bay 72.5 kV / 2500 A,LINE-04,2026-02-02 08:25:00,IN_PRODUCTION
SN-00001675,EXEC-000598,WO-20260202-000598,5000000598,GIS-072-2500,GIS Bay 72.5 kV / 2500 A,LINE-04,2026-02-02 08:25:00,IN_PRODUCTION
SN-00001676,EXEC-000598,WO-20260202-000598,5000000598,GIS-072-2500,GIS Bay 72.5 kV / 2500 A,LINE-04,2026-02-02 08:25:00,IN_PRODUCTION
SN-00001677,EXEC-000598,WO-20260202-000598,5000000598,GIS-072-2500,GIS Bay 72.5 kV / 2500 A,LINE-04,2026-02-02 08:25:00,IN_PRODUCTION
SN-00001678,EXEC-000599,WO-20260202-000599,5000000599,GIS-072-2500,GIS Bay 72.5 kV / 2500 A,LINE-05,2026-02-02 08:45:00,IN_PRODUCTION
SN-00001679,EXEC-000599,WO-20260202-000599,5000000599,GIS-072-2500,GIS Bay 72.5 kV / 2500 A,LINE-05,2026-02-02 08:45:00,IN_PRODUCTION
SN-00001680,EXEC-000599,WO-20260202-000599,5000000599,GIS-072-2500,GIS Bay 72.5 kV / 2500 A,LINE-05,2026-02-02 08:45:00,IN_PRODUCTION
SN-00001681,EXEC-000600,WO-20260202-000600,5000000600,GIS-072-3150,GIS Bay 72.5 kV / 3150 A,LINE-06,2026-02-02 09:05:00,IN_PRODUCTION
SN-00001682,EXEC-000600,WO-20260202-000600,5000000600,GIS-072-3150,GIS Bay 72.5 kV / 3150 A,LINE-06,2026-02-02 09:05:00,IN_PRODUCTION
SN-00001683,EXEC-000600,WO-20260202-000600,5000000600,GIS-072-3150,GIS Bay 72.5 kV / 3150 A,LINE-06,2026-02-02 09:05:00,IN_PRODUCTION
SN-00001684,EXEC-000601,WO-20260202-000601,5000000601,GIS-072-2500,GIS Bay 72.5 kV / 2500 A,LINE-01,2026-02-02 09:25:00,IN_PRODUCTION
SN-00001685,EXEC-000601,WO-20260202-000601,5000000601,GIS-072-2500,GIS Bay 72.5 kV / 2500 A,LINE-01,2026-02-02 09:25:00,IN_PRODUCTION
SN-00001686,EXEC-000601,WO-20260202-000601,5000000601,GIS-072-2500,GIS Bay 72.5 kV / 2500 A,LINE-01,2026-02-02 09:25:00,IN_PRODUCTION
SN-00001687,EXEC-000601,WO-20260202-000601,5000000601,GIS-072-2500,GIS Bay 72.5 kV / 2500 A,LINE-01,2026-02-02 09:25:00,IN_PRODUCTION
SN-00001688,EXEC-000602,WO-20260202-000602,5000000602,GIS-145-3150,GIS Bay 145 kV / 3150 A,LINE-02,2026-02-02 09:45:00,IN_PRODUCTION
SN-00001689,EXEC-000602,WO-20260202-000602,5000000602,GIS-145-3150,GIS Bay 145 kV / 3150 A,LINE-02,2026-02-02 09:45:00,IN_PRODUCTION
SN-00001690,EXEC-000603,WO-20260202-000603,5000000603,GIS-420-5000,GIS Bay 420 kV / 5000 A,LINE-03,2026-02-02 10:05:00,IN_PRODUCTION
SN-00001691,EXEC-000603,WO-20260202-000603,5000000603,GIS-420-5000,GIS Bay 420 kV / 5000 A,LINE-03,2026-02-02 10:05:00,IN_PRODUCTION
SN-00001692,EXEC-000604,WO-20260202-000604,5000000604,GIS-072-3150,GIS Bay 72.5 kV / 3150 A,LINE-04,2026-02-02 10:25:00,IN_PRODUCTION
SN-00001693,EXEC-000604,WO-20260202-000604,5000000604,GIS-072-3150,GIS Bay 72.5 kV / 3150 A,LINE-04,2026-02-02 10:25:00,IN_PRODUCTION
SN-00001694,EXEC-000604,WO-20260202-000604,5000000604,GIS-072-3150,GIS Bay 72.5 kV / 3150 A,LINE-04,2026-02-02 10:25:00,IN_PRODUCTION
SN-00001695,EXEC-000604,WO-20260202-000604,5000000604,GIS-072-3150,GIS Bay 72.5 kV / 3150 A,LINE-04,2026-02-02 10:25:00,IN_PRODUCTION
SN-00001696,EXEC-000604,WO-20260202-000604,5000000604,GIS-072-3150,GIS Bay 72.5 kV / 3150 A,LINE-04,2026-02-02 10:25:00,IN_PRODUCTION
SN-00001697,EXEC-000605,WO-20260202-000605,5000000605,GIS-420-4000,GIS Bay 420 kV / 4000 A,LINE-05,2026-02-02 10:45:00,IN_PRODUCTION
SN-00001698,EXEC-000605,WO-20260202-000605,5000000605,GIS-420-4000,GIS Bay 420 kV / 4000 A,LINE-05,2026-02-02 10:45:00,IN_PRODUCTION
SN-00001699,EXEC-000606,WO-20260202-000606,5000000606,GIS-420-5000,GIS Bay 420 kV / 5000 A,LINE-06,2026-02-02 11:05:00,IN_PRODUCTION
SN-00001700,EXEC-000606,WO-20260202-000606,5000000606,GIS-420-5000,GIS Bay 420 kV / 5000 A,LINE-06,2026-02-02 11:05:00,IN_PRODUCTION
SN-00001701,EXEC-000607,WO-20260202-000607,5000000607,GIS-072-3150,GIS Bay 72.5 kV / 3150 A,LINE-01,2026-02-02 11:25:00,IN_PRODUCTION
SN-00001702,EXEC-000607,WO-20260202-000607,5000000607,GIS-072-3150,GIS Bay 72.5 kV / 3150 A,LINE-01,2026-02-02 11:25:00,IN_PRODUCTION
SN-00001703,EXEC-000607,WO-20260202-000607,5000000607,GIS-072-3150,GIS Bay 72.5 kV / 3150 A,LINE-01,2026-02-02 11:25:00,IN_PRODUCTION
SN-00001704,EXEC-000607,WO-20260202-000607,5000000607,GIS-072-3150,GIS Bay 72.5 kV / 3150 A,LINE-01,2026-02-02 11:25:00,IN_PRODUCTION
SN-00001705,EXEC-000608,WO-20260202-000608,5000000608,GIS-072-3150,GIS Bay 72.5 kV / 3150 A,LINE-02,2026-02-02 11:45:00,IN_PRODUCTION
SN-00001706,EXEC-000608,WO-20260202-000608,5000000608,GIS-072-3150,GIS Bay 72.5 kV / 3150 A,LINE-02,2026-02-02 11:45:00,IN_PRODUCTION
SN-00001707,EXEC-000608,WO-20260202-000608,5000000608,GIS-072-3150,GIS Bay 72.5 kV / 3150 A,LINE-02,2026-02-02 11:45:00,IN_PRODUCTION
SN-00001708,EXEC-000608,WO-20260202-000608,5000000608,GIS-072-3150,GIS Bay 72.5 kV / 3150 A,LINE-02,2026-02-02 11:45:00,IN_PRODUCTION
SN-00001709,EXEC-000608,WO-20260202-000608,5000000608,GIS-072-3150,GIS Bay 72.5 kV / 3150 A,LINE-02,2026-02-02 11:45:00,IN_PRODUCTION
SN-00001710,EXEC-000609,WO-20260202-000609,5000000609,GIS-245-3150,GIS Bay 245 kV / 3150 A,LINE-03,2026-02-02 12:05:00,IN_PRODUCTION
SN-00001711,EXEC-000609,WO-20260202-000609,5000000609,GIS-245-3150,GIS Bay 245 kV / 3150 A,LINE-03,2026-02-02 12:05:00,IN_PRODUCTION
SN-00001712,EXEC-000610,WO-20260202-000610,5000000610,GIS-072-2500,GIS Bay 72.5 kV / 2500 A,LINE-04,2026-02-02 12:25:00,IN_PRODUCTION
SN-00001713,EXEC-000610,WO-20260202-000610,5000000610,GIS-072-2500,GIS Bay 72.5 kV / 2500 A,LINE-04,2026-02-02 12:25:00,IN_PRODUCTION
SN-00001714,EXEC-000610,WO-20260202-000610,5000000610,GIS-072-2500,GIS Bay 72.5 kV / 2500 A,LINE-04,2026-02-02 12:25:00,IN_PRODUCTION
SN-00001715,EXEC-000611,WO-20260202-000611,5000000611,GIS-420-4000,GIS Bay 420 kV / 4000 A,LINE-05,2026-02-02 12:45:00,IN_PRODUCTION
SN-00001716,EXEC-000611,WO-20260202-000611,5000000611,GIS-420-4000,GIS Bay 420 kV / 4000 A,LINE-05,2026-02-02 12:45:00,IN_PRODUCTION
SN-00001717,EXEC-000612,WO-20260202-000612,5000000612,GIS-145-3150,GIS Bay 145 kV / 3150 A,LINE-06,2026-02-02 13:05:00,IN_PRODUCTION
SN-00001718,EXEC-000612,WO-20260202-000612,5000000612,GIS-145-3150,GIS Bay 145 kV / 3150 A,LINE-06,2026-02-02 13:05:00,IN_PRODUCTION
SN-00001719,EXEC-000612,WO-20260202-000612,5000000612,GIS-145-3150,GIS Bay 145 kV / 3150 A,LINE-06,2026-02-02 13:05:00,IN_PRODUCTION
SN-00001720,EXEC-000613,WO-20260202-000613,5000000613,GIS-170-4000,GIS Bay 170 kV / 4000 A,LINE-01,2026-02-02 13:25:00,IN_PRODUCTION
SN-00001721,EXEC-000613,WO-20260202-000613,5000000613,GIS-170-4000,GIS Bay 170 kV / 4000 A,LINE-01,2026-02-02 13:25:00,IN_PRODUCTION
SN-00001722,EXEC-000613,WO-20260202-000613,5000000613,GIS-170-4000,GIS Bay 170 kV / 4000 A,LINE-01,2026-02-02 13:25:00,IN_PRODUCTION
SN-00001723,EXEC-000614,WO-20260202-000614,5000000614,GIS-072-2500,GIS Bay 72.5 kV / 2500 A,LINE-02,2026-02-02 13:45:00,IN_PRODUCTION
SN-00001724,EXEC-000614,WO-20260202-000614,5000000614,GIS-072-2500,GIS Bay 72.5 kV / 2500 A,LINE-02,2026-02-02 13:45:00,IN_PRODUCTION
SN-00001725,EXEC-000614,WO-20260202-000614,5000000614,GIS-072-2500,GIS Bay 72.5 kV / 2500 A,LINE-02,2026-02-02 13:45:00,IN_PRODUCTION
SN-00001726,EXEC-000614,WO-20260202-000614,5000000614,GIS-072-2500,GIS Bay 72.5 kV / 2500 A,LINE-02,2026-02-02 13:45:00,IN_PRODUCTION
SN-00001727,EXEC-000614,WO-20260202-000614,5000000614,GIS-072-2500,GIS Bay 72.5 kV / 2500 A,LINE-02,2026-02-02 13:45:00,IN_PRODUCTION
SN-00001728,EXEC-000615,WO-20260202-000615,5000000615,GIS-145-4000,GIS Bay 145 kV / 4000 A,LINE-03,2026-02-02 14:05:00,IN_PRODUCTION
SN-00001729,EXEC-000615,WO-20260202-000615,5000000615,GIS-145-4000,GIS Bay 145 kV / 4000 A,LINE-03,2026-02-02 14:05:00,IN_PRODUCTION
SN-00001730,EXEC-000615,WO-20260202-000615,5000000615,GIS-145-4000,GIS Bay 145 kV / 4000 A,LINE-03,2026-02-02 14:05:00,IN_PRODUCTION
SN-00001731,EXEC-000615,WO-20260202-000615,5000000615,GIS-145-4000,GIS Bay 145 kV / 4000 A,LINE-03,2026-02-02 14:05:00,IN_PRODUCTION
SN-00001732,EXEC-000616,WO-20260202-000616,5000000616,GIS-072-2500,GIS Bay 72.5 kV / 2500 A,LINE-04,2026-02-02 14:25:00,IN_PRODUCTION
SN-00001733,EXEC-000616,WO-20260202-000616,5000000616,GIS-072-2500,GIS Bay 72.5 kV / 2500 A,LINE-04,2026-02-02 14:25:00,IN_PRODUCTION
SN-00001734,EXEC-000616,WO-20260202-000616,5000000616,GIS-072-2500,GIS Bay 72.5 kV / 2500 A,LINE-04,2026-02-02 14:25:00,IN_PRODUCTION
SN-00001735,EXEC-000617,WO-20260203-000617,5000000617,GIS-550-5000,GIS Bay 550 kV / 5000 A,LINE-05,2026-02-03 06:45:00,IN_PRODUCTION
SN-00001736,EXEC-000618,WO-20260203-000618,5000000618,GIS-145-3150,GIS Bay 145 kV / 3150 A,LINE-06,2026-02-03 07:05:00,IN_PRODUCTION
SN-00001737,EXEC-000618,WO-20260203-000618,5000000618,GIS-145-3150,GIS Bay 145 kV / 3150 A,LINE-06,2026-02-03 07:05:00,IN_PRODUCTION
SN-00001738,EXEC-000619,WO-20260203-000619,5000000619,GIS-145-4000,GIS Bay 145 kV / 4000 A,LINE-01,2026-02-03 07:25:00,IN_PRODUCTION
SN-00001739,EXEC-000619,WO-20260203-000619,5000000619,GIS-145-4000,GIS Bay 145 kV / 4000 A,LINE-01,2026-02-03 07:25:00,IN_PRODUCTION
SN-00001740,EXEC-000619,WO-20260203-000619,5000000619,GIS-145-4000,GIS Bay 145 kV / 4000 A,LINE-01,2026-02-03 07:25:00,IN_PRODUCTION
SN-00001741,EXEC-000619,WO-20260203-000619,5000000619,GIS-145-4000,GIS Bay 145 kV / 4000 A,LINE-01,2026-02-03 07:25:00,IN_PRODUCTION
SN-00001742,EXEC-000620,WO-20260203-000620,5000000620,GIS-072-2500,GIS Bay 72.5 kV / 2500 A,LINE-02,2026-02-03 07:45:00,IN_PRODUCTION
SN-00001743,EXEC-000620,WO-20260203-000620,5000000620,GIS-072-2500,GIS Bay 72.5 kV / 2500 A,LINE-02,2026-02-03 07:45:00,IN_PRODUCTION
SN-00001744,EXEC-000620,WO-20260203-000620,5000000620,GIS-072-2500,GIS Bay 72.5 kV / 2500 A,LINE-02,2026-02-03 07:45:00,IN_PRODUCTION
SN-00001745,EXEC-000620,WO-20260203-000620,5000000620,GIS-072-2500,GIS Bay 72.5 kV / 2500 A,LINE-02,2026-02-03 07:45:00,IN_PRODUCTION
SN-00001746,EXEC-000620,WO-20260203-000620,5000000620,GIS-072-2500,GIS Bay 72.5 kV / 2500 A,LINE-02,2026-02-03 07:45:00,IN_PRODUCTION
SN-00001747,EXEC-000621,WO-20260203-000621,5000000621,GIS-145-4000,GIS Bay 145 kV / 4000 A,LINE-03,2026-02-03 08:05:00,IN_PRODUCTION
SN-00001748,EXEC-000621,WO-20260203-000621,5000000621,GIS-145-4000,GIS Bay 145 kV / 4000 A,LINE-03,2026-02-03 08:05:00,IN_PRODUCTION
SN-00001749,EXEC-000621,WO-20260203-000621,5000000621,GIS-145-4000,GIS Bay 145 kV / 4000 A,LINE-03,2026-02-03 08:05:00,IN_PRODUCTION
SN-00001750,EXEC-000622,WO-20260203-000622,5000000622,GIS-420-4000,GIS Bay 420 kV / 4000 A,LINE-04,2026-02-03 08:25:00,IN_PRODUCTION
SN-00001751,EXEC-000623,WO-20260203-000623,5000000623,GIS-170-4000,GIS Bay 170 kV / 4000 A,LINE-05,2026-02-03 08:45:00,IN_PRODUCTION
SN-00001752,EXEC-000623,WO-20260203-000623,5000000623,GIS-170-4000,GIS Bay 170 kV / 4000 A,LINE-05,2026-02-03 08:45:00,IN_PRODUCTION
SN-00001753,EXEC-000624,WO-20260203-000624,5000000624,GIS-170-4000,GIS Bay 170 kV / 4000 A,LINE-06,2026-02-03 09:05:00,IN_PRODUCTION
SN-00001754,EXEC-000624,WO-20260203-000624,5000000624,GIS-170-4000,GIS Bay 170 kV / 4000 A,LINE-06,2026-02-03 09:05:00,IN_PRODUCTION
SN-00001755,EXEC-000624,WO-20260203-000624,5000000624,GIS-170-4000,GIS Bay 170 kV / 4000 A,LINE-06,2026-02-03 09:05:00,IN_PRODUCTION
SN-00001756,EXEC-000625,WO-20260203-000625,5000000625,GIS-145-4000,GIS Bay 145 kV / 4000 A,LINE-01,2026-02-03 09:25:00,IN_PRODUCTION
SN-00001757,EXEC-000625,WO-20260203-000625,5000000625,GIS-145-4000,GIS Bay 145 kV / 4000 A,LINE-01,2026-02-03 09:25:00,IN_PRODUCTION
SN-00001758,EXEC-000625,WO-20260203-000625,5000000625,GIS-145-4000,GIS Bay 145 kV / 4000 A,LINE-01,2026-02-03 09:25:00,IN_PRODUCTION
SN-00001759,EXEC-000625,WO-20260203-000625,5000000625,GIS-145-4000,GIS Bay 145 kV / 4000 A,LINE-01,2026-02-03 09:25:00,IN_PRODUCTION
SN-00001760,EXEC-000626,WO-20260203-000626,5000000626,GIS-245-3150,GIS Bay 245 kV / 3150 A,LINE-02,2026-02-03 09:45:00,IN_PRODUCTION
SN-00001761,EXEC-000626,WO-20260203-000626,5000000626,GIS-245-3150,GIS Bay 245 kV / 3150 A,LINE-02,2026-02-03 09:45:00,IN_PRODUCTION
SN-00001762,EXEC-000627,WO-20260203-000627,5000000627,GIS-072-2500,GIS Bay 72.5 kV / 2500 A,LINE-03,2026-02-03 10:05:00,IN_PRODUCTION
SN-00001763,EXEC-000627,WO-20260203-000627,5000000627,GIS-072-2500,GIS Bay 72.5 kV / 2500 A,LINE-03,2026-02-03 10:05:00,IN_PRODUCTION
SN-00001764,EXEC-000627,WO-20260203-000627,5000000627,GIS-072-2500,GIS Bay 72.5 kV / 2500 A,LINE-03,2026-02-03 10:05:00,IN_PRODUCTION
SN-00001765,EXEC-000627,WO-20260203-000627,5000000627,GIS-072-2500,GIS Bay 72.5 kV / 2500 A,LINE-03,2026-02-03 10:05:00,IN_PRODUCTION
SN-00001766,EXEC-000628,WO-20260203-000628,5000000628,GIS-550-5000,GIS Bay 550 kV / 5000 A,LINE-04,2026-02-03 10:25:00,IN_PRODUCTION
SN-00001767,EXEC-000629,WO-20260203-000629,5000000629,GIS-245-4000,GIS Bay 245 kV / 4000 A,LINE-05,2026-02-03 10:45:00,IN_PRODUCTION
SN-00001768,EXEC-000629,WO-20260203-000629,5000000629,GIS-245-4000,GIS Bay 245 kV / 4000 A,LINE-05,2026-02-03 10:45:00,IN_PRODUCTION
SN-00001769,EXEC-000629,WO-20260203-000629,5000000629,GIS-245-4000,GIS Bay 245 kV / 4000 A,LINE-05,2026-02-03 10:45:00,IN_PRODUCTION
SN-00001770,EXEC-000630,WO-20260203-000630,5000000630,GIS-170-4000,GIS Bay 170 kV / 4000 A,LINE-06,2026-02-03 11:05:00,IN_PRODUCTION
SN-00001771,EXEC-000630,WO-20260203-000630,5000000630,GIS-170-4000,GIS Bay 170 kV / 4000 A,LINE-06,2026-02-03 11:05:00,IN_PRODUCTION
SN-00001772,EXEC-000630,WO-20260203-000630,5000000630,GIS-170-4000,GIS Bay 170 kV / 4000 A,LINE-06,2026-02-03 11:05:00,IN_PRODUCTION
SN-00001773,EXEC-000631,WO-20260203-000631,5000000631,GIS-245-3150,GIS Bay 245 kV / 3150 A,LINE-01,2026-02-03 11:25:00,IN_PRODUCTION
SN-00001774,EXEC-000631,WO-20260203-000631,5000000631,GIS-245-3150,GIS Bay 245 kV / 3150 A,LINE-01,2026-02-03 11:25:00,IN_PRODUCTION
SN-00001775,EXEC-000631,WO-20260203-000631,5000000631,GIS-245-3150,GIS Bay 245 kV / 3150 A,LINE-01,2026-02-03 11:25:00,IN_PRODUCTION
SN-00001776,EXEC-000632,WO-20260203-000632,5000000632,GIS-245-3150,GIS Bay 245 kV / 3150 A,LINE-02,2026-02-03 11:45:00,IN_PRODUCTION
SN-00001777,EXEC-000632,WO-20260203-000632,5000000632,GIS-245-3150,GIS Bay 245 kV / 3150 A,LINE-02,2026-02-03 11:45:00,IN_PRODUCTION
SN-00001778,EXEC-000632,WO-20260203-000632,5000000632,GIS-245-3150,GIS Bay 245 kV / 3150 A,LINE-02,2026-02-03 11:45:00,IN_PRODUCTION
SN-00001779,EXEC-000633,WO-20260203-000633,5000000633,GIS-145-4000,GIS Bay 145 kV / 4000 A,LINE-03,2026-02-03 12:05:00,IN_PRODUCTION
SN-00001780,EXEC-000633,WO-20260203-000633,5000000633,GIS-145-4000,GIS Bay 145 kV / 4000 A,LINE-03,2026-02-03 12:05:00,IN_PRODUCTION
SN-00001781,EXEC-000633,WO-20260203-000633,5000000633,GIS-145-4000,GIS Bay 145 kV / 4000 A,LINE-03,2026-02-03 12:05:00,IN_PRODUCTION
SN-00001782,EXEC-000633,WO-20260203-000633,5000000633,GIS-145-4000,GIS Bay 145 kV / 4000 A,LINE-03,2026-02-03 12:05:00,IN_PRODUCTION
SN-00001783,EXEC-000634,WO-20260203-000634,5000000634,GIS-300-4000,GIS Bay 300 kV / 4000 A,LINE-04,2026-02-03 12:25:00,IN_PRODUCTION
SN-00001784,EXEC-000635,WO-20260203-000635,5000000635,GIS-072-3150,GIS Bay 72.5 kV / 3150 A,LINE-05,2026-02-03 12:45:00,IN_PRODUCTION
SN-00001785,EXEC-000635,WO-20260203-000635,5000000635,GIS-072-3150,GIS Bay 72.5 kV / 3150 A,LINE-05,2026-02-03 12:45:00,IN_PRODUCTION
SN-00001786,EXEC-000635,WO-20260203-000635,5000000635,GIS-072-3150,GIS Bay 72.5 kV / 3150 A,LINE-05,2026-02-03 12:45:00,IN_PRODUCTION
SN-00001787,EXEC-000635,WO-20260203-000635,5000000635,GIS-072-3150,GIS Bay 72.5 kV / 3150 A,LINE-05,2026-02-03 12:45:00,IN_PRODUCTION
SN-00001788,EXEC-000635,WO-20260203-000635,5000000635,GIS-072-3150,GIS Bay 72.5 kV / 3150 A,LINE-05,2026-02-03 12:45:00,IN_PRODUCTION
SN-00001789,EXEC-000636,WO-20260203-000636,5000000636,GIS-072-2500,GIS Bay 72.5 kV / 2500 A,LINE-06,2026-02-03 13:05:00,IN_PRODUCTION
SN-00001790,EXEC-000636,WO-20260203-000636,5000000636,GIS-072-2500,GIS Bay 72.5 kV / 2500 A,LINE-06,2026-02-03 13:05:00,IN_PRODUCTION
SN-00001791,EXEC-000636,WO-20260203-000636,5000000636,GIS-072-2500,GIS Bay 72.5 kV / 2500 A,LINE-06,2026-02-03 13:05:00,IN_PRODUCTION
SN-00001792,EXEC-000637,WO-20260203-000637,5000000637,GIS-145-3150,GIS Bay 145 kV / 3150 A,LINE-01,2026-02-03 13:25:00,IN_PRODUCTION
SN-00001793,EXEC-000637,WO-20260203-000637,5000000637,GIS-145-3150,GIS Bay 145 kV / 3150 A,LINE-01,2026-02-03 13:25:00,IN_PRODUCTION
SN-00001794,EXEC-000637,WO-20260203-000637,5000000637,GIS-145-3150,GIS Bay 145 kV / 3150 A,LINE-01,2026-02-03 13:25:00,IN_PRODUCTION
SN-00001795,EXEC-000638,WO-20260203-000638,5000000638,GIS-145-3150,GIS Bay 145 kV / 3150 A,LINE-02,2026-02-03 13:45:00,IN_PRODUCTION
SN-00001796,EXEC-000638,WO-20260203-000638,5000000638,GIS-145-3150,GIS Bay 145 kV / 3150 A,LINE-02,2026-02-03 13:45:00,IN_PRODUCTION
SN-00001797,EXEC-000638,WO-20260203-000638,5000000638,GIS-145-3150,GIS Bay 145 kV / 3150 A,LINE-02,2026-02-03 13:45:00,IN_PRODUCTION
SN-00001798,EXEC-000638,WO-20260203-000638,5000000638,GIS-145-3150,GIS Bay 145 kV / 3150 A,LINE-02,2026-02-03 13:45:00,IN_PRODUCTION
SN-00001799,EXEC-000639,WO-20260203-000639,5000000639,GIS-420-4000,GIS Bay 420 kV / 4000 A,LINE-03,2026-02-03 14:05:00,IN_PRODUCTION
SN-00001800,EXEC-000640,WO-20260203-000640,5000000640,GIS-145-4000,GIS Bay 145 kV / 4000 A,LINE-04,2026-02-03 14:25:00,IN_PRODUCTION
SN-00001801,EXEC-000640,WO-20260203-000640,5000000640,GIS-145-4000,GIS Bay 145 kV / 4000 A,LINE-04,2026-02-03 14:25:00,IN_PRODUCTION
SN-00001802,EXEC-000640,WO-20260203-000640,5000000640,GIS-145-4000,GIS Bay 145 kV / 4000 A,LINE-04,2026-02-03 14:25:00,IN_PRODUCTION
SN-00001803,EXEC-000640,WO-20260203-000640,5000000640,GIS-145-4000,GIS Bay 145 kV / 4000 A,LINE-04,2026-02-03 14:25:00,IN_PRODUCTION
