work_order_id,sap_order_number,product_code,quantity,production_line,priority,planned_shift,planned_start,planned_finish,routing_version,planner,status
WO-20260105-000001,5000000001,GIS-072-2500,5,LINE-01,Priority.NORMAL,ShiftType.MORNING,2026-01-05 06:45:00,2026-01-05 07:15:00,RV-001,Production Planner,WorkOrderStatus.RELEASED
WO-20260105-000002,5000000002,GIS-072-3150,5,LINE-02,Priority.NORMAL,ShiftType.MORNING,2026-01-05 07:05:00,2026-01-05 07:35:00,RV-001,Production Planner,WorkOrderStatus.RELEASED
WO-20260105-000003,5000000003,GIS-245-4000,3,LINE-03,Priority.LOW,ShiftType.MORNING,2026-01-05 07:25:00,2026-01-05 07:55:00,RV-001,Production Planner,WorkOrderStatus.RELEASED
WO-20260105-000004,5000000004,GIS-145-3150,2,LINE-04,Priority.LOW,ShiftType.MORNING,2026-01-05 07:45:00,2026-01-05 08:15:00,RV-001,Production Planner,WorkOrderStatus.RELEASED
WO-20260105-000005,5000000005,GIS-072-3150,5,LINE-05,Priority.LOW,ShiftType.MORNING,2026-01-05 08:05:00,2026-01-05 08:35:00,RV-001,Production Planner,WorkOrderStatus.RELEASED
WO-20260105-000006,5000000006,GIS-072-3150,5,LINE-06,Priority.NORMAL,ShiftType.MORNING,2026-01-05 08:25:00,2026-01-05 08:55:00,RV-001,Production Planner,WorkOrderStatus.RELEASED
WO-20260105-000007,5000000007,GIS-145-3150,3,LINE-01,Priority.NORMAL,ShiftType.MORNING,2026-01-05 08:45:00,2026-01-05 09:15:00,RV-001,Production Planner,WorkOrderStatus.RELEASED
WO-20260105-000008,5000000008,GIS-245-4000,1,LINE-02,Priority.HIGH,ShiftType.MORNING,2026-01-05 09:05:00,2026-01-05 09:35:00,RV-001,Production Planner,WorkOrderStatus.RELEASED
WO-20260105-000009,5000000009,GIS-072-3150,4,LINE-03,Priority.NORMAL,ShiftType.MORNING,2026-01-05 09:25:00,2026-01-05 09:55:00,RV-001,Production Planner,WorkOrderStatus.RELEASED
WO-20260105-000010,5000000010,GIS-072-3150,4,LINE-04,Priority.NORMAL,ShiftType.MORNING,2026-01-05 09:45:00,2026-01-05 10:15:00,RV-001,Production Planner,WorkOrderStatus.RELEASED
WO-20260105-000011,5000000011,GIS-145-3150,3,LINE-05,Priority.HIGH,ShiftType.MORNING,2026-01-05 10:05:00,2026-01-05 10:35:00,RV-001,Production Planner,WorkOrderStatus.RELEASED
WO-20260105-000012,5000000012,GIS-170-4000,2,LINE-06,Priority.NORMAL,ShiftType.MORNING,2026-01-05 10:25:00,2026-01-05 10:55:00,RV-001,Production Planner,WorkOrderStatus.RELEASED
WO-20260105-000013,5000000013,GIS-145-4000,3,LINE-01,Priority.LOW,ShiftType.MORNING,2026-01-05 10:45:00,2026-01-05 11:15:00,RV-001,Production Planner,WorkOrderStatus.RELEASED
WO-20260105-000014,5000000014,GIS-072-3150,5,LINE-02,Priority.NORMAL,ShiftType.MORNING,2026-01-05 11:05:00,2026-01-05 11:35:00,RV-001,Production Planner,WorkOrderStatus.RELEASED
WO-20260105-000015,5000000015,GIS-300-4000,1,LINE-03,Priority.NORMAL,ShiftType.MORNING,2026-01-05 11:25:00,2026-01-05 11:55:00,RV-001,Production Planner,WorkOrderStatus.RELEASED
WO-20260105-000016,5000000016,GIS-072-2500,3,LINE-04,Priority.HIGH,ShiftType.MORNING,2026-01-05 11:45:00,2026-01-05 12:15:00,RV-001,Production Planner,WorkOrderStatus.RELEASED
WO-20260105-000017,5000000017,GIS-550-5000,1,LINE-05,Priority.HIGH,ShiftType.MORNING,2026-01-05 12:05:00,2026-01-05 12:35:00,RV-001,Production Planner,WorkOrderStatus.RELEASED
WO-20260105-000018,5000000018,GIS-300-4000,2,LINE-06,Priority.NORMAL,ShiftType.MORNING,2026-01-05 12:25:00,2026-01-05 12:55:00,RV-001,Production Planner,WorkOrderStatus.RELEASED
WO-20260105-000019,5000000019,GIS-245-3150,2,LINE-01,Priority.NORMAL,ShiftType.MORNING,2026-01-05 12:45:00,2026-01-05 13:15:00,RV-001,Production Planner,WorkOrderStatus.RELEASED
WO-20260105-000020,5000000020,GIS-145-3150,4,LINE-02,Priority.NORMAL,ShiftType.MORNING,2026-01-05 13:05:00,2026-01-05 13:35:00,RV-001,Production Planner,WorkOrderStatus.RELEASED
WO-20260105-000021,5000000021,GIS-420-5000,1,LINE-03,Priority.NORMAL,ShiftType.MORNING,2026-01-05 13:25:00,2026-01-05 13:55:00,RV-001,Production Planner,WorkOrderStatus.RELEASED
WO-20260105-000022,5000000022,GIS-072-3150,5,LINE-04,Priority.NORMAL,ShiftType.MORNING,2026-01-05 13:45:00,2026-01-05 14:15:00,RV-001,Production Planner,WorkOrderStatus.RELEASED
WO-20260105-000023,5000000023,GIS-145-4000,3,LINE-05,Priority.URGENT,ShiftType.MORNING,2026-01-05 14:05:00,2026-01-05 14:35:00,RV-001,Production Planner,WorkOrderStatus.RELEASED
WO-20260106-000024,5000000024,GIS-245-3150,1,LINE-06,Priority.NORMAL,ShiftType.MORNING,2026-01-06 06:45:00,2026-01-06 07:15:00,RV-001,Production Planner,WorkOrderStatus.RELEASED
WO-20260106-000025,5000000025,GIS-300-4000,1,LINE-01,Priority.NORMAL,ShiftType.MORNING,2026-01-06 07:05:00,2026-01-06 07:35:00,RV-001,Production Planner,WorkOrderStatus.RELEASED
WO-20260106-000026,5000000026,GIS-072-2500,4,LINE-02,Priority.NORMAL,ShiftType.MORNING,2026-01-06 07:25:00,2026-01-06 07:55:00,RV-001,Production Planner,WorkOrderStatus.RELEASED
WO-20260106-000027,5000000027,GIS-072-2500,5,LINE-03,Priority.HIGH,ShiftType.MORNING,2026-01-06 07:45:00,2026-01-06 08:15:00,RV-001,Production Planner,WorkOrderStatus.RELEASED
WO-20260106-000028,5000000028,GIS-145-3150,4,LINE-04,Priority.NORMAL,ShiftType.MORNING,2026-01-06 08:05:00,2026-01-06 08:35:00,RV-001,Production Planner,WorkOrderStatus.RELEASED
WO-20260106-000029,5000000029,GIS-420-4000,2,LINE-05,Priority.NORMAL,ShiftType.MORNING,2026-01-06 08:25:00,2026-01-06 08:55:00,RV-001,Production Planner,WorkOrderStatus.RELEASED
WO-20260106-000030,5000000030,GIS-072-2500,5,LINE-06,Priority.NORMAL,ShiftType.MORNING,2026-01-06 08:45:00,2026-01-06 09:15:00,RV-001,Production Planner,WorkOrderStatus.RELEASED
WO-20260106-000031,5000000031,GIS-072-3150,5,LINE-01,Priority.NORMAL,ShiftType.MORNING,2026-01-06 09:05:00,2026-01-06 09:35:00,RV-001,Production Planner,WorkOrderStatus.RELEASED
WO-20260106-000032,5000000032,GIS-170-4000,3,LINE-02,Priority.NORMAL,ShiftType.MORNING,2026-01-06 09:25:00,2026-01-06 09:55:00,RV-001,Production Planner,WorkOrderStatus.RELEASED
WO-20260106-000033,5000000033,GIS-800-5000,1,LINE-03,Priority.NORMAL,ShiftType.MORNING,2026-01-06 09:45:00,2026-01-06 10:15:00,RV-001,Production Planner,WorkOrderStatus.RELEASED
WO-20260106-000034,5000000034,GIS-072-2500,3,LINE-04,Priority.HIGH,ShiftType.MORNING,2026-01-06 10:05:00,2026-01-06 10:35:00,RV-001,Production Planner,WorkOrderStatus.RELEASED
WO-20260106-000035,5000000035,GIS-072-3150,3,LINE-05,Priority.HIGH,ShiftType.MORNING,2026-01-06 10:25:00,2026-01-06 10:55:00,RV-001,Production Planner,WorkOrderStatus.RELEASED
WO-20260106-000036,5000000036,GIS-145-3150,2,LINE-06,Priority.NORMAL,ShiftType.MORNING,2026-01-06 10:45:00,2026-01-06 11:15:00,RV-001,Production Planner,WorkOrderStatus.RELEASED
WO-20260106-000037,5000000037,GIS-170-4000,3,LINE-01,Priority.NORMAL,ShiftType.MORNING,2026-01-06 11:05:00,2026-01-06 11:35:00,RV-001,Production Planner,WorkOrderStatus.RELEASED
WO-20260106-000038,5000000038,GIS-550-5000,1,LINE-02,Priority.HIGH,ShiftType.MORNING,2026-01-06 11:25:00,2026-01-06 11:55:00,RV-001,Production Planner,WorkOrderStatus.RELEASED
WO-20260106-000039,5000000039,GIS-072-2500,5,LINE-03,Priority.NORMAL,ShiftType.MORNING,2026-01-06 11:45:00,2026-01-06 12:15:00,RV-001,Production Planner,WorkOrderStatus.RELEASED
WO-20260106-000040,5000000040,GIS-420-4000,2,LINE-04,Priority.HIGH,ShiftType.MORNING,2026-01-06 12:05:00,2026-01-06 12:35:00,RV-001,Production Planner,WorkOrderStatus.RELEASED
WO-20260106-000041,5000000041,GIS-145-3150,3,LINE-05,Priority.NORMAL,ShiftType.MORNING,2026-01-06 12:25:00,2026-01-06 12:55:00,RV-001,Production Planner,WorkOrderStatus.RELEASED
WO-20260106-000042,5000000042,GIS-145-4000,4,LINE-06,Priority.HIGH,ShiftType.MORNING,2026-01-06 12:45:00,2026-01-06 13:15:00,RV-001,Production Planner,WorkOrderStatus.RELEASED
WO-20260106-000043,5000000043,GIS-072-3150,5,LINE-01,Priority.HIGH,ShiftType.MORNING,2026-01-06 13:05:00,2026-01-06 13:35:00,RV-001,Production Planner,WorkOrderStatus.RELEASED
WO-20260106-000044,5000000044,GIS-145-4000,2,LINE-02,Priority.HIGH,ShiftType.MORNING,2026-01-06 13:25:00,2026-01-06 13:55:00,RV-001,Production Planner,WorkOrderStatus.RELEASED
WO-20260106-000045,5000000045,GIS-072-3150,5,LINE-03,Priority.NORMAL,ShiftType.MORNING,2026-01-06 13:45:00,2026-01-06 14:15:00,RV-001,Production Planner,WorkOrderStatus.RELEASED
WO-20260106-000046,5000000046,GIS-072-3150,4,LINE-04,Priority.HIGH,ShiftType.MORNING,2026-01-06 14:05:00,2026-01-06 14:35:00,RV-001,Production Planner,WorkOrderStatus.RELEASED
WO-20260107-000047,5000000047,GIS-420-5000,1,LINE-05,Priority.NORMAL,ShiftType.MORNING,2026-01-07 06:45:00,2026-01-07 07:15:00,RV-001,Production Planner,WorkOrderStatus.RELEASED
WO-20260107-000048,5000000048,GIS-145-4000,2,LINE-06,Priority.HIGH,ShiftType.MORNING,2026-01-07 07:05:00,2026-01-07 07:35:00,RV-001,Production Planner,WorkOrderStatus.RELEASED
WO-20260107-000049,5000000049,GIS-420-4000,2,LINE-01,Priority.NORMAL,ShiftType.MORNING,2026-01-07 07:25:00,2026-01-07 07:55:00,RV-001,Production Planner,WorkOrderStatus.RELEASED
WO-20260107-000050,5000000050,GIS-072-3150,5,LINE-02,Priority.HIGH,ShiftType.MORNING,2026-01-07 07:45:00,2026-01-07 08:15:00,RV-001,Production Planner,WorkOrderStatus.RELEASED
WO-20260107-000051,5000000051,GIS-072-2500,4,LINE-03,Priority.HIGH,ShiftType.MORNING,2026-01-07 08:05:00,2026-01-07 08:35:00,RV-001,Production Planner,WorkOrderStatus.RELEASED
WO-20260107-000052,5000000052,GIS-550-5000,1,LINE-04,Priority.NORMAL,ShiftType.MORNING,2026-01-07 08:25:00,2026-01-07 08:55:00,RV-001,Production Planner,WorkOrderStatus.RELEASED
WO-20260107-000053,5000000053,GIS-072-2500,5,LINE-05,Priority.NORMAL,ShiftType.MORNING,2026-01-07 08:45:00,2026-01-07 09:15:00,RV-001,Production Planner,WorkOrderStatus.RELEASED
WO-20260107-000054,5000000054,GIS-145-4000,3,LINE-06,Priority.NORMAL,ShiftType.MORNING,2026-01-07 09:05:00,2026-01-07 09:35:00,RV-001,Production Planner,WorkOrderStatus.RELEASED
WO-20260107-000055,5000000055,GIS-170-4000,2,LINE-01,Priority.HIGH,ShiftType.MORNING,2026-01-07 09:25:00,2026-01-07 09:55:00,RV-001,Production Planner,WorkOrderStatus.RELEASED
WO-20260107-000056,5000000056,GIS-245-4000,3,LINE-02,Priority.NORMAL,ShiftType.MORNING,2026-01-07 09:45:00,2026-01-07 10:15:00,RV-001,Production Planner,WorkOrderStatus.RELEASED
WO-20260107-000057,5000000057,GIS-145-3150,4,LINE-03,Priority.NORMAL,ShiftType.MORNING,2026-01-07 10:05:00,2026-01-07 10:35:00,RV-001,Production Planner,WorkOrderStatus.RELEASED
WO-20260107-000058,5000000058,GIS-145-3150,4,LINE-04,Priority.NORMAL,ShiftType.MORNING,2026-01-07 10:25:00,2026-01-07 10:55:00,RV-001,Production Planner,WorkOrderStatus.RELEASED
WO-20260107-000059,5000000059,GIS-072-3150,3,LINE-05,Priority.NORMAL,ShiftType.MORNING,2026-01-07 10:45:00,2026-01-07 11:15:00,RV-001,Production Planner,WorkOrderStatus.RELEASED
WO-20260107-000060,5000000060,GIS-170-4000,2,LINE-06,Priority.NORMAL,ShiftType.MORNING,2026-01-07 11:05:00,2026-01-07 11:35:00,RV-001,Production Planner,WorkOrderStatus.RELEASED
WO-20260107-000061,5000000061,GIS-072-2500,5,LINE-01,Priority.NORMAL,ShiftType.MORNING,2026-01-07 11:25:00,2026-01-07 11:55:00,RV-001,Production Planner,WorkOrderStatus.RELEASED
WO-20260107-000062,5000000062,GIS-072-3150,3,LINE-02,Priority.HIGH,ShiftType.MORNING,2026-01-07 11:45:00,2026-01-07 12:15:00,RV-001,Production Planner,WorkOrderStatus.RELEASED
WO-20260107-000063,5000000063,GIS-072-2500,3,LINE-03,Priority.NORMAL,ShiftType.MORNING,2026-01-07 12:05:00,2026-01-07 12:35:00,RV-001,Production Planner,WorkOrderStatus.RELEASED
WO-20260107-000064,5000000064,GIS-145-4000,4,LINE-04,Priority.NORMAL,ShiftType.MORNING,2026-01-07 12:25:00,2026-01-07 12:55:00,RV-001,Production Planner,WorkOrderStatus.RELEASED
WO-20260107-000065,5000000065,GIS-420-5000,2,LINE-05,Priority.NORMAL,ShiftType.MORNING,2026-01-07 12:45:00,2026-01-07 13:15:00,RV-001,Production Planner,WorkOrderStatus.RELEASED
WO-20260107-000066,5000000066,GIS-145-4000,3,LINE-06,Priority.NORMAL,ShiftType.MORNING,2026-01-07 13:05:00,2026-01-07 13:35:00,RV-001,Production Planner,WorkOrderStatus.RELEASED
WO-20260107-000067,5000000067,GIS-072-2500,4,LINE-01,Priority.NORMAL,ShiftType.MORNING,2026-01-07 13:25:00,2026-01-07 13:55:00,RV-001,Production Planner,WorkOrderStatus.RELEASED
WO-20260107-000068,5000000068,GIS-145-3150,4,LINE-02,Priority.LOW,ShiftType.MORNING,2026-01-07 13:45:00,2026-01-07 14:15:00,RV-001,Production Planner,WorkOrderStatus.RELEASED
WO-20260108-000069,5000000069,GIS-550-5000,1,LINE-03,Priority.LOW,ShiftType.MORNING,2026-01-08 06:45:00,2026-01-08 07:15:00,RV-001,Production Planner,WorkOrderStatus.RELEASED
WO-20260108-000070,5000000070,GIS-145-3150,3,LINE-04,Priority.HIGH,ShiftType.MORNING,2026-01-08 07:05:00,2026-01-08 07:35:00,RV-001,Production Planner,WorkOrderStatus.RELEASED
WO-20260108-000071,5000000071,GIS-072-2500,3,LINE-05,Priority.NORMAL,ShiftType.MORNING,2026-01-08 07:25:00,2026-01-08 07:55:00,RV-001,Production Planner,WorkOrderStatus.RELEASED
WO-20260108-000072,5000000072,GIS-145-3150,3,LINE-06,Priority.NORMAL,ShiftType.MORNING,2026-01-08 07:45:00,2026-01-08 08:15:00,RV-001,Production Planner,WorkOrderStatus.RELEASED
WO-20260108-000073,5000000073,GIS-145-4000,2,LINE-01,Priority.NORMAL,ShiftType.MORNING,2026-01-08 08:05:00,2026-01-08 08:35:00,RV-001,Production Planner,WorkOrderStatus.RELEASED
WO-20260108-000074,5000000074,GIS-300-4000,1,LINE-02,Priority.LOW,ShiftType.MORNING,2026-01-08 08:25:00,2026-01-08 08:55:00,RV-001,Production Planner,WorkOrderStatus.RELEASED
WO-20260108-000075,5000000075,GIS-800-5000,1,LINE-03,Priority.HIGH,ShiftType.MORNING,2026-01-08 08:45:00,2026-01-08 09:15:00,RV-001,Production Planner,WorkOrderStatus.RELEASED
WO-20260108-000076,5000000076,GIS-550-5000,1,LINE-04,Priority.HIGH,ShiftType.MORNING,2026-01-08 09:05:00,2026-01-08 09:35:00,RV-001,Production Planner,WorkOrderStatus.RELEASED
WO-20260108-000077,5000000077,GIS-300-4000,1,LINE-05,Priority.NORMAL,ShiftType.MORNING,2026-01-08 09:25:00,2026-01-08 09:55:00,RV-001,Production Planner,WorkOrderStatus.RELEASED
WO-20260108-000078,5000000078,GIS-145-4000,3,LINE-06,Priority.HIGH,ShiftType.MORNING,2026-01-08 09:45:00,2026-01-08 10:15:00,RV-001,Production Planner,WorkOrderStatus.RELEASED
WO-20260108-000079,5000000079,GIS-072-3150,3,LINE-01,Priority.URGENT,ShiftType.MORNING,2026-01-08 10:05:00,2026-01-08 10:35:00,RV-001,Production Planner,WorkOrderStatus.RELEASED
WO-20260108-000080,5000000080,GIS-072-3150,4,LINE-02,Priority.NORMAL,ShiftType.MORNING,2026-01-08 10:25:00,2026-01-08 10:55:00,RV-001,Production Planner,WorkOrderStatus.RELEASED
WO-20260108-000081,5000000081,GIS-245-3150,3,LINE-03,Priority.URGENT,ShiftType.MORNING,2026-01-08 10:45:00,2026-01-08 11:15:00,RV-001,Production Planner,WorkOrderStatus.RELEASED
WO-20260108-000082,5000000082,GIS-170-4000,3,LINE-04,Priority.NORMAL,ShiftType.MORNING,2026-01-08 11:05:00,2026-01-08 11:35:00,RV-001,Production Planner,WorkOrderStatus.RELEASED
WO-20260108-000083,5000000083,GIS-072-3150,3,LINE-05,Priority.NORMAL,ShiftType.MORNING,2026-01-08 11:25:00,2026-01-08 11:55:00,RV-001,Production Planner,WorkOrderStatus.RELEASED
WO-20260108-000084,5000000084,GIS-145-4000,4,LINE-06,Priority.NORMAL,ShiftType.MORNING,2026-01-08 11:45:00,2026-01-08 12:15:00,RV-001,Production Planner,WorkOrderStatus.RELEASED
WO-20260108-000085,5000000085,GIS-072-2500,4,LINE-01,Priority.NORMAL,ShiftType.MORNING,2026-01-08 12:05:00,2026-01-08 12:35:00,RV-001,Production Planner,WorkOrderStatus.RELEASED
WO-20260108-000086,5000000086,GIS-300-4000,1,LINE-02,Priority.LOW,ShiftType.MORNING,2026-01-08 12:25:00,2026-01-08 12:55:00,RV-001,Production Planner,WorkOrderStatus.RELEASED
WO-20260108-000087,5000000087,GIS-145-4000,2,LINE-03,Priority.LOW,ShiftType.MORNING,2026-01-08 12:45:00,2026-01-08 13:15:00,RV-001,Production Planner,WorkOrderStatus.RELEASED
WO-20260108-000088,5000000088,GIS-072-2500,3,LINE-04,Priority.NORMAL,ShiftType.MORNING,2026-01-08 13:05:00,2026-01-08 13:35:00,RV-001,Production Planner,WorkOrderStatus.RELEASED
WO-20260108-000089,5000000089,GIS-420-5000,1,LINE-05,Priority.NORMAL,ShiftType.MORNING,2026-01-08 13:25:00,2026-01-08 13:55:00,RV-001,Production Planner,WorkOrderStatus.RELEASED
WO-20260108-000090,5000000090,GIS-072-2500,3,LINE-06,Priority.NORMAL,ShiftType.MORNING,2026-01-08 13:45:00,2026-01-08 14:15:00,RV-001,Production Planner,WorkOrderStatus.RELEASED
WO-20260108-000091,5000000091,GIS-170-4000,3,LINE-01,Priority.HIGH,ShiftType.MORNING,2026-01-08 14:05:00,2026-01-08 14:35:00,RV-001,Production Planner,WorkOrderStatus.RELEASED
WO-20260109-000092,5000000092,GIS-245-3150,2,LINE-02,Priority.NORMAL,ShiftType.MORNING,2026-01-09 06:45:00,2026-01-09 07:15:00,RV-001,Production Planner,WorkOrderStatus.RELEASED
WO-20260109-000093,5000000093,GIS-145-3150,4,LINE-03,Priority.NORMAL,ShiftType.MORNING,2026-01-09 07:05:00,2026-01-09 07:35:00,RV-001,Production Planner,WorkOrderStatus.RELEASED
WO-20260109-000094,5000000094,GIS-145-4000,2,LINE-04,Priority.LOW,ShiftType.MORNING,2026-01-09 07:25:00,2026-01-09 07:55:00,RV-001,Production Planner,WorkOrderStatus.RELEASED
WO-20260109-000095,5000000095,GIS-170-4000,2,LINE-05,Priority.LOW,ShiftType.MORNING,2026-01-09 07:45:00,2026-01-09 08:15:00,RV-001,Production Planner,WorkOrderStatus.RELEASED
WO-20260109-000096,5000000096,GIS-072-3150,4,LINE-06,Priority.NORMAL,ShiftType.MORNING,2026-01-09 08:05:00,2026-01-09 08:35:00,RV-001,Production Planner,WorkOrderStatus.RELEASED
WO-20260109-000097,5000000097,GIS-145-3150,2,LINE-01,Priority.HIGH,ShiftType.MORNING,2026-01-09 08:25:00,2026-01-09 08:55:00,RV-001,Production Planner,WorkOrderStatus.RELEASED
WO-20260109-000098,5000000098,GIS-145-3150,2,LINE-02,Priority.NORMAL,ShiftType.MORNING,2026-01-09 08:45:00,2026-01-09 09:15:00,RV-001,Production Planner,WorkOrderStatus.RELEASED
WO-20260109-000099,5000000099,GIS-145-4000,3,LINE-03,Priority.NORMAL,ShiftType.MORNING,2026-01-09 09:05:00,2026-01-09 09:35:00,RV-001,Production Planner,WorkOrderStatus.RELEASED
WO-20260109-000100,5000000100,GIS-550-5000,1,LINE-04,Priority.NORMAL,ShiftType.MORNING,2026-01-09 09:25:00,2026-01-09 09:55:00,RV-001,Production Planner,WorkOrderStatus.RELEASED
WO-20260109-000101,5000000101,GIS-072-2500,5,LINE-05,Priority.NORMAL,ShiftType.MORNING,2026-01-09 09:45:00,2026-01-09 10:15:00,RV-001,Production Planner,WorkOrderStatus.RELEASED
WO-20260109-000102,5000000102,GIS-245-3150,1,LINE-06,Priority.NORMAL,ShiftType.MORNING,2026-01-09 10:05:00,2026-01-09 10:35:00,RV-001,Production Planner,WorkOrderStatus.RELEASED
WO-20260109-000103,5000000103,GIS-420-4000,1,LINE-01,Priority.NORMAL,ShiftType.MORNING,2026-01-09 10:25:00,2026-01-09 10:55:00,RV-001,Production Planner,WorkOrderStatus.RELEASED
WO-20260109-000104,5000000104,GIS-170-4000,3,LINE-02,Priority.NORMAL,ShiftType.MORNING,2026-01-09 10:45:00,2026-01-09 11:15:00,RV-001,Production Planner,WorkOrderStatus.RELEASED
WO-20260109-000105,5000000105,GIS-245-3150,2,LINE-03,Priority.NORMAL,ShiftType.MORNING,2026-01-09 11:05:00,2026-01-09 11:35:00,RV-001,Production Planner,WorkOrderStatus.RELEASED
WO-20260109-000106,5000000106,GIS-072-3150,3,LINE-04,Priority.LOW,ShiftType.MORNING,2026-01-09 11:25:00,2026-01-09 11:55:00,RV-001,Production Planner,WorkOrderStatus.RELEASED
WO-20260109-000107,5000000107,GIS-145-3150,3,LINE-05,Priority.LOW,ShiftType.MORNING,2026-01-09 11:45:00,2026-01-09 12:15:00,RV-001,Production Planner,WorkOrderStatus.RELEASED
WO-20260109-000108,5000000108,GIS-145-3150,2,LINE-06,Priority.NORMAL,ShiftType.MORNING,2026-01-09 12:05:00,2026-01-09 12:35:00,RV-001,Production Planner,WorkOrderStatus.RELEASED
WO-20260109-000109,5000000109,GIS-072-3150,5,LINE-01,Priority.NORMAL,ShiftType.MORNING,2026-01-09 12:25:00,2026-01-09 12:55:00,RV-001,Production Planner,WorkOrderStatus.RELEASED
WO-20260109-000110,5000000110,GIS-245-3150,3,LINE-02,Priority.LOW,ShiftType.MORNING,2026-01-09 12:45:00,2026-01-09 13:15:00,RV-001,Production Planner,WorkOrderStatus.RELEASED
WO-20260110-000111,5000000111,GIS-420-5000,1,LINE-03,Priority.NORMAL,ShiftType.MORNING,2026-01-10 06:45:00,2026-01-10 07:15:00,RV-001,Production Planner,WorkOrderStatus.RELEASED
WO-20260110-000112,5000000112,GIS-300-4000,1,LINE-04,Priority.NORMAL,ShiftType.MORNING,2026-01-10 07:05:00,2026-01-10 07:35:00,RV-001,Production Planner,WorkOrderStatus.RELEASED
WO-20260110-000113,5000000113,GIS-072-2500,4,LINE-05,Priority.HIGH,ShiftType.MORNING,2026-01-10 07:25:00,2026-01-10 07:55:00,RV-001,Production Planner,WorkOrderStatus.RELEASED
WO-20260110-000114,5000000114,GIS-245-4000,1,LINE-06,Priority.HIGH,ShiftType.MORNING,2026-01-10 07:45:00,2026-01-10 08:15:00,RV-001,Production Planner,WorkOrderStatus.RELEASED
WO-20260110-000115,5000000115,GIS-072-3150,3,LINE-01,Priority.NORMAL,ShiftType.MORNING,2026-01-10 08:05:00,2026-01-10 08:35:00,RV-001,Production Planner,WorkOrderStatus.RELEASED
WO-20260110-000116,5000000116,GIS-145-3150,4,LINE-02,Priority.HIGH,ShiftType.MORNING,2026-01-10 08:25:00,2026-01-10 08:55:00,RV-001,Production Planner,WorkOrderStatus.RELEASED
WO-20260110-000117,5000000117,GIS-145-3150,4,LINE-03,Priority.NORMAL,ShiftType.MORNING,2026-01-10 08:45:00,2026-01-10 09:15:00,RV-001,Production Planner,WorkOrderStatus.RELEASED
WO-20260110-000118,5000000118,GIS-420-5000,1,LINE-04,Priority.HIGH,ShiftType.MORNING,2026-01-10 09:05:00,2026-01-10 09:35:00,RV-001,Production Planner,WorkOrderStatus.RELEASED
WO-20260110-000119,5000000119,GIS-550-5000,1,LINE-05,Priority.HIGH,ShiftType.MORNING,2026-01-10 09:25:00,2026-01-10 09:55:00,RV-001,Production Planner,WorkOrderStatus.RELEASED
WO-20260110-000120,5000000120,GIS-420-4000,1,LINE-06,Priority.NORMAL,ShiftType.MORNING,2026-01-10 09:45:00,2026-01-10 10:15:00,RV-001,Production Planner,WorkOrderStatus.RELEASED
WO-20260110-000121,5000000121,GIS-420-5000,2,LINE-01,Priority.HIGH,ShiftType.MORNING,2026-01-10 10:05:00,2026-01-10 10:35:00,RV-001,Production Planner,WorkOrderStatus.RELEASED
WO-20260110-000122,5000000122,GIS-300-4000,1,LINE-02,Priority.NORMAL,ShiftType.MORNING,2026-01-10 10:25:00,2026-01-10 10:55:00,RV-001,Production Planner,WorkOrderStatus.RELEASED
WO-20260110-000123,5000000123,GIS-245-4000,1,LINE-03,Priority.NORMAL,ShiftType.MORNING,2026-01-10 10:45:00,2026-01-10 11:15:00,RV-001,Production Planner,WorkOrderStatus.RELEASED
WO-20260110-000124,5000000124,GIS-072-2500,4,LINE-04,Priority.NORMAL,ShiftType.MORNING,2026-01-10 11:05:00,2026-01-10 11:35:00,RV-001,Production Planner,WorkOrderStatus.RELEASED
WO-20260110-000125,5000000125,GIS-300-4000,2,LINE-05,Priority.NORMAL,ShiftType.MORNING,2026-01-10 11:25:00,2026-01-10 11:55:00,RV-001,Production Planner,WorkOrderStatus.RELEASED
WO-20260110-000126,5000000126,GIS-300-4000,1,LINE-06,Priority.NORMAL,ShiftType.MORNING,2026-01-10 11:45:00,2026-01-10 12:15:00,RV-001,Production Planner,WorkOrderStatus.RELEASED
WO-20260110-000127,5000000127,GIS-245-3150,2,LINE-01,Priority.NORMAL,ShiftType.MORNING,2026-01-10 12:05:00,2026-01-10 12:35:00,RV-001,Production Planner,WorkOrderStatus.RELEASED
WO-20260110-000128,5000000128,GIS-300-4000,2,LINE-02,Priority.NORMAL,ShiftType.MORNING,2026-01-10 12:25:00,2026-01-10 12:55:00,RV-001,Production Planner,WorkOrderStatus.RELEASED
WO-20260111-000129,5000000129,GIS-145-3150,4,LINE-03,Priority.NORMAL,ShiftType.MORNING,2026-01-11 06:45:00,2026-01-11 07:15:00,RV-001,Production Planner,WorkOrderStatus.RELEASED
WO-20260111-000130,5000000130,GIS-072-2500,4,LINE-04,Priority.NORMAL,ShiftType.MORNING,2026-01-11 07:05:00,2026-01-11 07:35:00,RV-001,Production Planner,WorkOrderStatus.RELEASED
WO-20260111-000131,5000000131,GIS-550-5000,1,LINE-05,Priority.NORMAL,ShiftType.MORNING,2026-01-11 07:25:00,2026-01-11 07:55:00,RV-001,Production Planner,WorkOrderStatus.RELEASED
WO-20260111-000132,5000000132,GIS-072-2500,4,LINE-06,Priority.NORMAL,ShiftType.MORNING,2026-01-11 07:45:00,2026-01-11 08:15:00,RV-001,Production Planner,WorkOrderStatus.RELEASED
WO-20260111-000133,5000000133,GIS-245-4000,2,LINE-01,Priority.NORMAL,ShiftType.MORNING,2026-01-11 08:05:00,2026-01-11 08:35:00,RV-001,Production Planner,WorkOrderStatus.RELEASED
WO-20260111-000134,5000000134,GIS-145-4000,3,LINE-02,Priority.HIGH,ShiftType.MORNING,2026-01-11 08:25:00,2026-01-11 08:55:00,RV-001,Production Planner,WorkOrderStatus.RELEASED
WO-20260111-000135,5000000135,GIS-072-3150,3,LINE-03,Priority.NORMAL,ShiftType.MORNING,2026-01-11 08:45:00,2026-01-11 09:15:00,RV-001,Production Planner,WorkOrderStatus.RELEASED
WO-20260111-000136,5000000136,GIS-072-2500,5,LINE-04,Priority.NORMAL,ShiftType.MORNING,2026-01-11 09:05:00,2026-01-11 09:35:00,RV-001,Production Planner,WorkOrderStatus.RELEASED
WO-20260111-000137,5000000137,GIS-420-5000,1,LINE-05,Priority.NORMAL,ShiftType.MORNING,2026-01-11 09:25:00,2026-01-11 09:55:00,RV-001,Production Planner,WorkOrderStatus.RELEASED
WO-20260111-000138,5000000138,GIS-072-2500,5,LINE-06,Priority.HIGH,ShiftType.MORNING,2026-01-11 09:45:00,2026-01-11 10:15:00,RV-001,Production Planner,WorkOrderStatus.RELEASED
WO-20260111-000139,5000000139,GIS-170-4000,2,LINE-01,Priority.NORMAL,ShiftType.MORNING,2026-01-11 10:05:00,2026-01-11 10:35:00,RV-001,Production Planner,WorkOrderStatus.RELEASED
WO-20260111-000140,5000000140,GIS-145-3150,3,LINE-02,Priority.NORMAL,ShiftType.MORNING,2026-01-11 10:25:00,2026-01-11 10:55:00,RV-001,Production Planner,WorkOrderStatus.RELEASED
WO-20260111-000141,5000000141,GIS-145-3150,4,LINE-03,Priority.NORMAL,ShiftType.MORNING,2026-01-11 10:45:00,2026-01-11 11:15:00,RV-001,Production Planner,WorkOrderStatus.RELEASED
WO-20260111-000142,5000000142,GIS-072-2500,4,LINE-04,Priority.NORMAL,ShiftType.MORNING,2026-01-11 11:05:00,2026-01-11 11:35:00,RV-001,Production Planner,WorkOrderStatus.RELEASED
WO-20260111-000143,5000000143,GIS-145-3150,4,LINE-05,Priority.HIGH,ShiftType.MORNING,2026-01-11 11:25:00,2026-01-11 11:55:00,RV-001,Production Planner,WorkOrderStatus.RELEASED
WO-20260111-000144,5000000144,GIS-170-4000,3,LINE-06,Priority.NORMAL,ShiftType.MORNING,2026-01-11 11:45:00,2026-01-11 12:15:00,RV-001,Production Planner,WorkOrderStatus.RELEASED
WO-20260111-000145,5000000145,GIS-300-4000,2,LINE-01,Priority.NORMAL,ShiftType.MORNING,2026-01-11 12:05:00,2026-01-11 12:35:00,RV-001,Production Planner,WorkOrderStatus.RELEASED
WO-20260111-000146,5000000146,GIS-145-3150,4,LINE-02,Priority.NORMAL,ShiftType.MORNING,2026-01-11 12:25:00,2026-01-11 12:55:00,RV-001,Production Planner,WorkOrderStatus.RELEASED
WO-20260111-000147,5000000147,GIS-145-3150,3,LINE-03,Priority.NORMAL,ShiftType.MORNING,2026-01-11 12:45:00,2026-01-11 13:15:00,RV-001,Production Planner,WorkOrderStatus.RELEASED
WO-20260111-000148,5000000148,GIS-072-3150,4,LINE-04,Priority.HIGH,ShiftType.MORNING,2026-01-11 13:05:00,2026-01-11 13:35:00,RV-001,Production Planner,WorkOrderStatus.RELEASED
WO-20260111-000149,5000000149,GIS-420-5000,1,LINE-05,Priority.NORMAL,ShiftType.MORNING,2026-01-11 13:25:00,2026-01-11 13:55:00,RV-001,Production Planner,WorkOrderStatus.RELEASED
WO-20260111-000150,5000000150,GIS-072-3150,5,LINE-06,Priority.NORMAL,ShiftType.MORNING,2026-01-11 13:45:00,2026-01-11 14:15:00,RV-001,Production Planner,WorkOrderStatus.RELEASED
WO-20260112-000151,5000000151,GIS-072-2500,3,LINE-01,Priority.NORMAL,ShiftType.MORNING,2026-01-12 06:45:00,2026-01-12 07:15:00,RV-001,Production Planner,WorkOrderStatus.RELEASED
WO-20260112-000152,5000000152,GIS-072-3150,3,LINE-02,Priority.NORMAL,ShiftType.MORNING,2026-01-12 07:05:00,2026-01-12 07:35:00,RV-001,Production Planner,WorkOrderStatus.RELEASED
WO-20260112-000153,5000000153,GIS-072-2500,4,LINE-03,Priority.NORMAL,ShiftType.MORNING,2026-01-12 07:25:00,2026-01-12 07:55:00,RV-001,Production Planner,WorkOrderStatus.RELEASED
WO-20260112-000154,5000000154,GIS-245-4000,2,LINE-04,Priority.NORMAL,ShiftType.MORNING,2026-01-12 07:45:00,2026-01-12 08:15:00,RV-001,Production Planner,WorkOrderStatus.RELEASED
WO-20260112-000155,5000000155,GIS-170-4000,2,LINE-05,Priority.NORMAL,ShiftType.MORNING,2026-01-12 08:05:00,2026-01-12 08:35:00,RV-001,Production Planner,WorkOrderStatus.RELEASED
WO-20260112-000156,5000000156,GIS-145-3150,3,LINE-06,Priority.NORMAL,ShiftType.MORNING,2026-01-12 08:25:00,2026-01-12 08:55:00,RV-001,Production Planner,WorkOrderStatus.RELEASED
WO-20260112-000157,5000000157,GIS-245-3150,1,LINE-01,Priority.HIGH,ShiftType.MORNING,2026-01-12 08:45:00,2026-01-12 09:15:00,RV-001,Production Planner,WorkOrderStatus.RELEASED
WO-20260112-000158,5000000158,GIS-300-4000,1,LINE-02,Priority.HIGH,ShiftType.MORNING,2026-01-12 09:05:00,2026-01-12 09:35:00,RV-001,Production Planner,WorkOrderStatus.RELEASED
WO-20260112-000159,5000000159,GIS-072-3150,5,LINE-03,Priority.NORMAL,ShiftType.MORNING,2026-01-12 09:25:00,2026-01-12 09:55:00,RV-001,Production Planner,WorkOrderStatus.RELEASED
WO-20260112-000160,5000000160,GIS-072-2500,3,LINE-04,Priority.HIGH,ShiftType.MORNING,2026-01-12 09:45:00,2026-01-12 10:15:00,RV-001,Production Planner,WorkOrderStatus.RELEASED
WO-20260112-000161,5000000161,GIS-072-2500,3,LINE-05,Priority.HIGH,ShiftType.MORNING,2026-01-12 10:05:00,2026-01-12 10:35:00,RV-001,Production Planner,WorkOrderStatus.RELEASED
WO-20260112-000162,5000000162,GIS-245-3150,3,LINE-06,Priority.NORMAL,ShiftType.MORNING,2026-01-12 10:25:00,2026-01-12 10:55:00,RV-001,Production Planner,WorkOrderStatus.RELEASED
WO-20260112-000163,5000000163,GIS-420-5000,2,LINE-01,Priority.NORMAL,ShiftType.MORNING,2026-01-12 10:45:00,2026-01-12 11:15:00,RV-001,Production Planner,WorkOrderStatus.RELEASED
WO-20260112-000164,5000000164,GIS-245-3150,3,LINE-02,Priority.NORMAL,ShiftType.MORNING,2026-01-12 11:05:00,2026-01-12 11:35:00,RV-001,Production Planner,WorkOrderStatus.RELEASED
WO-20260112-000165,5000000165,GIS-420-4000,2,LINE-03,Priority.HIGH,ShiftType.MORNING,2026-01-12 11:25:00,2026-01-12 11:55:00,RV-001,Production Planner,WorkOrderStatus.RELEASED
WO-20260112-000166,5000000166,GIS-245-4000,2,LINE-04,Priority.NORMAL,ShiftType.MORNING,2026-01-12 11:45:00,2026-01-12 12:15:00,RV-001,Production Planner,WorkOrderStatus.RELEASED
WO-20260112-000167,5000000167,GIS-245-4000,3,LINE-05,Priority.NORMAL,ShiftType.MORNING,2026-01-12 12:05:00,2026-01-12 12:35:00,RV-001,Production Planner,WorkOrderStatus.RELEASED
WO-20260112-000168,5000000168,GIS-245-4000,2,LINE-06,Priority.NORMAL,ShiftType.MORNING,2026-01-12 12:25:00,2026-01-12 12:55:00,RV-001,Production Planner,WorkOrderStatus.RELEASED
WO-20260112-000169,5000000169,GIS-072-3150,3,LINE-01,Priority.NORMAL,ShiftType.MORNING,2026-01-12 12:45:00,2026-01-12 13:15:00,RV-001,Production Planner,WorkOrderStatus.RELEASED
WO-20260112-000170,5000000170,GIS-072-3150,4,LINE-02,Priority.NORMAL,ShiftType.MORNING,2026-01-12 13:05:00,2026-01-12 13:35:00,RV-001,Production Planner,WorkOrderStatus.RELEASED
WO-20260113-000171,5000000171,GIS-072-2500,3,LINE-03,Priority.NORMAL,ShiftType.MORNING,2026-01-13 06:45:00,2026-01-13 07:15:00,RV-001,Production Planner,WorkOrderStatus.RELEASED
WO-20260113-000172,5000000172,GIS-245-3150,3,LINE-04,Priority.NORMAL,ShiftType.MORNING,2026-01-13 07:05:00,2026-01-13 07:35:00,RV-001,Production Planner,WorkOrderStatus.RELEASED
WO-20260113-000173,5000000173,GIS-145-3150,3,LINE-05,Priority.NORMAL,ShiftType.MORNING,2026-01-13 07:25:00,2026-01-13 07:55:00,RV-001,Production Planner,WorkOrderStatus.RELEASED
WO-20260113-000174,5000000174,GIS-145-3150,2,LINE-06,Priority.HIGH,ShiftType.MORNING,2026-01-13 07:45:00,2026-01-13 08:15:00,RV-001,Production Planner,WorkOrderStatus.RELEASED
WO-20260113-000175,5000000175,GIS-145-3150,4,LINE-01,Priority.HIGH,ShiftType.MORNING,2026-01-13 08:05:00,2026-01-13 08:35:00,RV-001,Production Planner,WorkOrderStatus.RELEASED
WO-20260113-000176,5000000176,GIS-072-2500,5,LINE-02,Priority.NORMAL,ShiftType.MORNING,2026-01-13 08:25:00,2026-01-13 08:55:00,RV-001,Production Planner,WorkOrderStatus.RELEASED
WO-20260113-000177,5000000177,GIS-072-2500,4,LINE-03,Priority.NORMAL,ShiftType.MORNING,2026-01-13 08:45:00,2026-01-13 09:15:00,RV-001,Production Planner,WorkOrderStatus.RELEASED
WO-20260113-000178,5000000178,GIS-145-3150,3,LINE-04,Priority.NORMAL,ShiftType.MORNING,2026-01-13 09:05:00,2026-01-13 09:35:00,RV-001,Production Planner,WorkOrderStatus.RELEASED
WO-20260113-000179,5000000179,GIS-245-4000,3,LINE-05,Priority.HIGH,ShiftType.MORNING,2026-01-13 09:25:00,2026-01-13 09:55:00,RV-001,Production Planner,WorkOrderStatus.RELEASED
WO-20260113-000180,5000000180,GIS-145-4000,3,LINE-06,Priority.NORMAL,ShiftType.MORNING,2026-01-13 09:45:00,2026-01-13 10:15:00,RV-001,Production Planner,WorkOrderStatus.RELEASED
WO-20260113-000181,5000000181,GIS-072-2500,4,LINE-01,Priority.NORMAL,ShiftType.MORNING,2026-01-13 10:05:00,2026-01-13 10:35:00,RV-001,Production Planner,WorkOrderStatus.RELEASED
WO-20260113-000182,5000000182,GIS-245-4000,3,LINE-02,Priority.NORMAL,ShiftType.MORNING,2026-01-13 10:25:00,2026-01-13 10:55:00,RV-001,Production Planner,WorkOrderStatus.RELEASED
WO-20260113-000183,5000000183,GIS-145-4000,2,LINE-03,Priority.URGENT,ShiftType.MORNING,2026-01-13 10:45:00,2026-01-13 11:15:00,RV-001,Production Planner,WorkOrderStatus.RELEASED
WO-20260113-000184,5000000184,GIS-145-4000,3,LINE-04,Priority.NORMAL,ShiftType.MORNING,2026-01-13 11:05:00,2026-01-13 11:35:00,RV-001,Production Planner,WorkOrderStatus.RELEASED
WO-20260113-000185,5000000185,GIS-245-3150,1,LINE-05,Priority.NORMAL,ShiftType.MORNING,2026-01-13 11:25:00,2026-01-13 11:55:00,RV-001,Production Planner,WorkOrderStatus.RELEASED
WO-20260113-000186,5000000186,GIS-072-2500,4,LINE-06,Priority.NORMAL,ShiftType.MORNING,2026-01-13 11:45:00,2026-01-13 12:15:00,RV-001,Production Planner,WorkOrderStatus.RELEASED
WO-20260113-000187,5000000187,GIS-072-3150,4,LINE-01,Priority.NORMAL,ShiftType.MORNING,2026-01-13 12:05:00,2026-01-13 12:35:00,RV-001,Production Planner,WorkOrderStatus.RELEASED
WO-20260113-000188,5000000188,GIS-145-3150,3,LINE-02,Priority.NORMAL,ShiftType.MORNING,2026-01-13 12:25:00,2026-01-13 12:55:00,RV-001,Production Planner,WorkOrderStatus.RELEASED
WO-20260113-000189,5000000189,GIS-420-5000,2,LINE-03,Priority.NORMAL,ShiftType.MORNING,2026-01-13 12:45:00,2026-01-13 13:15:00,RV-001,Production Planner,WorkOrderStatus.RELEASED
WO-20260113-000190,5000000190,GIS-072-2500,3,LINE-04,Priority.NORMAL,ShiftType.MORNING,2026-01-13 13:05:00,2026-01-13 13:35:00,RV-001,Production Planner,WorkOrderStatus.RELEASED
WO-20260113-000191,5000000191,GIS-072-2500,4,LINE-05,Priority.NORMAL,ShiftType.MORNING,2026-01-13 13:25:00,2026-01-13 13:55:00,RV-001,Production Planner,WorkOrderStatus.RELEASED
WO-20260113-000192,5000000192,GIS-072-2500,5,LINE-06,Priority.LOW,ShiftType.MORNING,2026-01-13 13:45:00,2026-01-13 14:15:00,RV-001,Production Planner,WorkOrderStatus.RELEASED
WO-20260114-000193,5000000193,GIS-420-5000,1,LINE-01,Priority.HIGH,ShiftType.MORNING,2026-01-14 06:45:00,2026-01-14 07:15:00,RV-001,Production Planner,WorkOrderStatus.RELEASED
WO-20260114-000194,5000000194,GIS-170-4000,2,LINE-02,Priority.NORMAL,ShiftType.MORNING,2026-01-14 07:05:00,2026-01-14 07:35:00,RV-001,Production Planner,WorkOrderStatus.RELEASED
WO-20260114-000195,5000000195,GIS-245-3150,3,LINE-03,Priority.HIGH,ShiftType.MORNING,2026-01-14 07:25:00,2026-01-14 07:55:00,RV-001,Production Planner,WorkOrderStatus.RELEASED
WO-20260114-000196,5000000196,GIS-145-4000,3,LINE-04,Priority.HIGH,ShiftType.MORNING,2026-01-14 07:45:00,2026-01-14 08:15:00,RV-001,Production Planner,WorkOrderStatus.RELEASED
WO-20260114-000197,5000000197,GIS-072-3150,5,LINE-05,Priority.URGENT,ShiftType.MORNING,2026-01-14 08:05:00,2026-01-14 08:35:00,RV-001,Production Planner,WorkOrderStatus.RELEASED
WO-20260114-000198,5000000198,GIS-245-3150,1,LINE-06,Priority.URGENT,ShiftType.MORNING,2026-01-14 08:25:00,2026-01-14 08:55:00,RV-001,Production Planner,WorkOrderStatus.RELEASED
WO-20260114-000199,5000000199,GIS-072-2500,3,LINE-01,Priority.HIGH,ShiftType.MORNING,2026-01-14 08:45:00,2026-01-14 09:15:00,RV-001,Production Planner,WorkOrderStatus.RELEASED
WO-20260114-000200,5000000200,GIS-170-4000,3,LINE-02,Priority.NORMAL,ShiftType.MORNING,2026-01-14 09:05:00,2026-01-14 09:35:00,RV-001,Production Planner,WorkOrderStatus.RELEASED
WO-20260114-000201,5000000201,GIS-245-3150,1,LINE-03,Priority.NORMAL,ShiftType.MORNING,2026-01-14 09:25:00,2026-01-14 09:55:00,RV-001,Production Planner,WorkOrderStatus.RELEASED
WO-20260114-000202,5000000202,GIS-300-4000,1,LINE-04,Priority.NORMAL,ShiftType.MORNING,2026-01-14 09:45:00,2026-01-14 10:15:00,RV-001,Production Planner,WorkOrderStatus.RELEASED
WO-20260114-000203,5000000203,GIS-245-4000,3,LINE-05,Priority.NORMAL,ShiftType.MORNING,2026-01-14 10:05:00,2026-01-14 10:35:00,RV-001,Production Planner,WorkOrderStatus.RELEASED
WO-20260114-000204,5000000204,GIS-072-2500,5,LINE-06,Priority.HIGH,ShiftType.MORNING,2026-01-14 10:25:00,2026-01-14 10:55:00,RV-001,Production Planner,WorkOrderStatus.RELEASED
WO-20260114-000205,5000000205,GIS-145-3150,3,LINE-01,Priority.NORMAL,ShiftType.MORNING,2026-01-14 10:45:00,2026-01-14 11:15:00,RV-001,Production Planner,WorkOrderStatus.RELEASED
WO-20260114-000206,5000000206,GIS-072-2500,5,LINE-02,Priority.NORMAL,ShiftType.MORNING,2026-01-14 11:05:00,2026-01-14 11:35:00,RV-001,Production Planner,WorkOrderStatus.RELEASED
WO-20260114-000207,5000000207,GIS-300-4000,2,LINE-03,Priority.NORMAL,ShiftType.MORNING,2026-01-14 11:25:00,2026-01-14 11:55:00,RV-001,Production Planner,WorkOrderStatus.RELEASED
WO-20260114-000208,5000000208,GIS-550-5000,1,LINE-04,Priority.NORMAL,ShiftType.MORNING,2026-01-14 11:45:00,2026-01-14 12:15:00,RV-001,Production Planner,WorkOrderStatus.RELEASED
WO-20260114-000209,5000000209,GIS-300-4000,1,LINE-05,Priority.NORMAL,ShiftType.MORNING,2026-01-14 12:05:00,2026-01-14 12:35:00,RV-001,Production Planner,WorkOrderStatus.RELEASED
WO-20260114-000210,5000000210,GIS-245-4000,3,LINE-06,Priority.NORMAL,ShiftType.MORNING,2026-01-14 12:25:00,2026-01-14 12:55:00,RV-001,Production Planner,WorkOrderStatus.RELEASED
WO-20260115-000211,5000000211,GIS-420-4000,2,LINE-01,Priority.NORMAL,ShiftType.MORNING,2026-01-15 06:45:00,2026-01-15 07:15:00,RV-001,Production Planner,WorkOrderStatus.RELEASED
WO-20260115-000212,5000000212,GIS-300-4000,2,LINE-02,Priority.NORMAL,ShiftType.MORNING,2026-01-15 07:05:00,2026-01-15 07:35:00,RV-001,Production Planner,WorkOrderStatus.RELEASED
WO-20260115-000213,5000000213,GIS-072-3150,3,LINE-03,Priority.NORMAL,ShiftType.MORNING,2026-01-15 07:25:00,2026-01-15 07:55:00,RV-001,Production Planner,WorkOrderStatus.RELEASED
WO-20260115-000214,5000000214,GIS-145-4000,3,LINE-04,Priority.NORMAL,ShiftType.MORNING,2026-01-15 07:45:00,2026-01-15 08:15:00,RV-001,Production Planner,WorkOrderStatus.RELEASED
WO-20260115-000215,5000000215,GIS-245-3150,2,LINE-05,Priority.LOW,ShiftType.MORNING,2026-01-15 08:05:00,2026-01-15 08:35:00,RV-001,Production Planner,WorkOrderStatus.RELEASED
WO-20260115-000216,5000000216,GIS-300-4000,1,LINE-06,Priority.NORMAL,ShiftType.MORNING,2026-01-15 08:25:00,2026-01-15 08:55:00,RV-001,Production Planner,WorkOrderStatus.RELEASED
WO-20260115-000217,5000000217,GIS-145-3150,3,LINE-01,Priority.NORMAL,ShiftType.MORNING,2026-01-15 08:45:00,2026-01-15 09:15:00,RV-001,Production Planner,WorkOrderStatus.RELEASED
WO-20260115-000218,5000000218,GIS-420-4000,2,LINE-02,Priority.NORMAL,ShiftType.MORNING,2026-01-15 09:05:00,2026-01-15 09:35:00,RV-001,Production Planner,WorkOrderStatus.RELEASED
WO-20260115-000219,5000000219,GIS-145-4000,2,LINE-03,Priority.LOW,ShiftType.MORNING,2026-01-15 09:25:00,2026-01-15 09:55:00,RV-001,Production Planner,WorkOrderStatus.RELEASED
WO-20260115-000220,5000000220,GIS-245-3150,2,LINE-04,Priority.NORMAL,ShiftType.MORNING,2026-01-15 09:45:00,2026-01-15 10:15:00,RV-001,Production Planner,WorkOrderStatus.RELEASED
WO-20260115-000221,5000000221,GIS-072-3150,4,LINE-05,Priority.NORMAL,ShiftType.MORNING,2026-01-15 10:05:00,2026-01-15 10:35:00,RV-001,Production Planner,WorkOrderStatus.RELEASED
WO-20260115-000222,5000000222,GIS-145-4000,2,LINE-06,Priority.LOW,ShiftType.MORNING,2026-01-15 10:25:00,2026-01-15 10:55:00,RV-001,Production Planner,WorkOrderStatus.RELEASED
WO-20260115-000223,5000000223,GIS-072-3150,5,LINE-01,Priority.NORMAL,ShiftType.MORNING,2026-01-15 10:45:00,2026-01-15 11:15:00,RV-001,Production Planner,WorkOrderStatus.RELEASED
WO-20260115-000224,5000000224,GIS-245-3150,2,LINE-02,Priority.NORMAL,ShiftType.MORNING,2026-01-15 11:05:00,2026-01-15 11:35:00,RV-001,Production Planner,WorkOrderStatus.RELEASED
WO-20260115-000225,5000000225,GIS-145-4000,3,LINE-03,Priority.URGENT,ShiftType.MORNING,2026-01-15 11:25:00,2026-01-15 11:55:00,RV-001,Production Planner,WorkOrderStatus.RELEASED
WO-20260115-000226,5000000226,GIS-170-4000,3,LINE-04,Priority.NORMAL,ShiftType.MORNING,2026-01-15 11:45:00,2026-01-15 12:15:00,RV-001,Production Planner,WorkOrderStatus.RELEASED
WO-20260115-000227,5000000227,GIS-072-3150,4,LINE-05,Priority.NORMAL,ShiftType.MORNING,2026-01-15 12:05:00,2026-01-15 12:35:00,RV-001,Production Planner,WorkOrderStatus.RELEASED
WO-20260115-000228,5000000228,GIS-245-3150,2,LINE-06,Priority.NORMAL,ShiftType.MORNING,2026-01-15 12:25:00,2026-01-15 12:55:00,RV-001,Production Planner,WorkOrderStatus.RELEASED
WO-20260115-000229,5000000229,GIS-145-4000,4,LINE-01,Priority.NORMAL,ShiftType.MORNING,2026-01-15 12:45:00,2026-01-15 13:15:00,RV-001,Production Planner,WorkOrderStatus.RELEASED
WO-20260115-000230,5000000230,GIS-072-3150,4,LINE-02,Priority.NORMAL,ShiftType.MORNING,2026-01-15 13:05:00,2026-01-15 13:35:00,RV-001,Production Planner,WorkOrderStatus.RELEASED
WO-20260115-000231,5000000231,GIS-170-4000,3,LINE-03,Priority.URGENT,ShiftType.MORNING,2026-01-15 13:25:00,2026-01-15 13:55:00,RV-001,Production Planner,WorkOrderStatus.RELEASED
WO-20260115-000232,5000000232,GIS-300-4000,2,LINE-04,Priority.NORMAL,ShiftType.MORNING,2026-01-15 13:45:00,2026-01-15 14:15:00,RV-001,Production Planner,WorkOrderStatus.RELEASED
WO-20260115-000233,5000000233,GIS-072-3150,3,LINE-05,Priority.NORMAL,ShiftType.MORNING,2026-01-15 14:05:00,2026-01-15 14:35:00,RV-001,Production Planner,WorkOrderStatus.RELEASED
WO-20260115-000234,5000000234,GIS-072-2500,3,LINE-06,Priority.URGENT,ShiftType.MORNING,2026-01-15 14:25:00,2026-01-15 14:55:00,RV-001,Production Planner,WorkOrderStatus.RELEASED
WO-20260116-000235,5000000235,GIS-072-3150,3,LINE-01,Priority.NORMAL,ShiftType.MORNING,2026-01-16 06:45:00,2026-01-16 07:15:00,RV-001,Production Planner,WorkOrderStatus.RELEASED
WO-20260116-000236,5000000236,GIS-245-4000,1,LINE-02,Priority.HIGH,ShiftType.MORNING,2026-01-16 07:05:00,2026-01-16 07:35:00,RV-001,Production Planner,WorkOrderStatus.RELEASED
WO-20260116-000237,5000000237,GIS-170-4000,3,LINE-03,Priority.NORMAL,ShiftType.MORNING,2026-01-16 07:25:00,2026-01-16 07:55:00,RV-001,Production Planner,WorkOrderStatus.RELEASED
WO-20260116-000238,5000000238,GIS-145-3150,2,LINE-04,Priority.NORMAL,ShiftType.MORNING,2026-01-16 07:45:00,2026-01-16 08:15:00,RV-001,Production Planner,WorkOrderStatus.RELEASED
WO-20260116-000239,5000000239,GIS-300-4000,1,LINE-05,Priority.HIGH,ShiftType.MORNING,2026-01-16 08:05:00,2026-01-16 08:35:00,RV-001,Production Planner,WorkOrderStatus.RELEASED
WO-20260116-000240,5000000240,GIS-145-3150,2,LINE-06,Priority.NORMAL,ShiftType.MORNING,2026-01-16 08:25:00,2026-01-16 08:55:00,RV-001,Production Planner,WorkOrderStatus.RELEASED
WO-20260116-000241,5000000241,GIS-245-3150,1,LINE-01,Priority.NORMAL,ShiftType.MORNING,2026-01-16 08:45:00,2026-01-16 09:15:00,RV-001,Production Planner,WorkOrderStatus.RELEASED
WO-20260116-000242,5000000242,GIS-170-4000,3,LINE-02,Priority.LOW,ShiftType.MORNING,2026-01-16 09:05:00,2026-01-16 09:35:00,RV-001,Production Planner,WorkOrderStatus.RELEASED
WO-20260116-000243,5000000243,GIS-072-3150,5,LINE-03,Priority.HIGH,ShiftType.MORNING,2026-01-16 09:25:00,2026-01-16 09:55:00,RV-001,Production Planner,WorkOrderStatus.RELEASED
WO-20260116-000244,5000000244,GIS-170-4000,2,LINE-04,Priority.HIGH,ShiftType.MORNING,2026-01-16 09:45:00,2026-01-16 10:15:00,RV-001,Production Planner,WorkOrderStatus.RELEASED
WO-20260116-000245,5000000245,GIS-145-3150,3,LINE-05,Priority.NORMAL,ShiftType.MORNING,2026-01-16 10:05:00,2026-01-16 10:35:00,RV-001,Production Planner,WorkOrderStatus.RELEASED
WO-20260116-000246,5000000246,GIS-170-4000,3,LINE-06,Priority.NORMAL,ShiftType.MORNING,2026-01-16 10:25:00,2026-01-16 10:55:00,RV-001,Production Planner,WorkOrderStatus.RELEASED
WO-20260116-000247,5000000247,GIS-170-4000,2,LINE-01,Priority.HIGH,ShiftType.MORNING,2026-01-16 10:45:00,2026-01-16 11:15:00,RV-001,Production Planner,WorkOrderStatus.RELEASED
WO-20260116-000248,5000000248,GIS-072-3150,3,LINE-02,Priority.NORMAL,ShiftType.MORNING,2026-01-16 11:05:00,2026-01-16 11:35:00,RV-001,Production Planner,WorkOrderStatus.RELEASED
WO-20260116-000249,5000000249,GIS-072-2500,3,LINE-03,Priority.NORMAL,ShiftType.MORNING,2026-01-16 11:25:00,2026-01-16 11:55:00,RV-001,Production Planner,WorkOrderStatus.RELEASED
WO-20260116-000250,5000000250,GIS-072-2500,3,LINE-04,Priority.NORMAL,ShiftType.MORNING,2026-01-16 11:45:00,2026-01-16 12:15:00,RV-001,Production Planner,WorkOrderStatus.RELEASED
WO-20260116-000251,5000000251,GIS-245-3150,2,LINE-05,Priority.NORMAL,ShiftType.MORNING,2026-01-16 12:05:00,2026-01-16 12:35:00,RV-001,Production Planner,WorkOrderStatus.RELEASED
WO-20260116-000252,5000000252,GIS-072-3150,5,LINE-06,Priority.NORMAL,ShiftType.MORNING,2026-01-16 12:25:00,2026-01-16 12:55:00,RV-001,Production Planner,WorkOrderStatus.RELEASED
WO-20260116-000253,5000000253,GIS-300-4000,1,LINE-01,Priority.NORMAL,ShiftType.MORNING,2026-01-16 12:45:00,2026-01-16 13:15:00,RV-001,Production Planner,WorkOrderStatus.RELEASED
WO-20260116-000254,5000000254,GIS-420-5000,1,LINE-02,Priority.NORMAL,ShiftType.MORNING,2026-01-16 13:05:00,2026-01-16 13:35:00,RV-001,Production Planner,WorkOrderStatus.RELEASED
WO-20260116-000255,5000000255,GIS-145-4000,4,LINE-03,Priority.NORMAL,ShiftType.MORNING,2026-01-16 13:25:00,2026-01-16 13:55:00,RV-001,Production Planner,WorkOrderStatus.RELEASED
WO-20260116-000256,5000000256,GIS-072-3150,3,LINE-04,Priority.LOW,ShiftType.MORNING,2026-01-16 13:45:00,2026-01-16 14:15:00,RV-001,Production Planner,WorkOrderStatus.RELEASED
WO-20260117-000257,5000000257,GIS-245-4000,3,LINE-05,Priority.NORMAL,ShiftType.MORNING,2026-01-17 06:45:00,2026-01-17 07:15:00,RV-001,Production Planner,WorkOrderStatus.RELEASED
WO-20260117-000258,5000000258,GIS-170-4000,3,LINE-06,Priority.NORMAL,ShiftType.MORNING,2026-01-17 07:05:00,2026-01-17 07:35:00,RV-001,Production Planner,WorkOrderStatus.RELEASED
WO-20260117-000259,5000000259,GIS-145-4000,3,LINE-01,Priority.NORMAL,ShiftType.MORNING,2026-01-17 07:25:00,2026-01-17 07:55:00,RV-001,Production Planner,WorkOrderStatus.RELEASED
WO-20260117-000260,5000000260,GIS-420-5000,2,LINE-02,Priority.NORMAL,ShiftType.MORNING,2026-01-17 07:45:00,2026-01-17 08:15:00,RV-001,Production Planner,WorkOrderStatus.RELEASED
WO-20260117-000261,5000000261,GIS-170-4000,3,LINE-03,Priority.NORMAL,ShiftType.MORNING,2026-01-17 08:05:00,2026-01-17 08:35:00,RV-001,Production Planner,WorkOrderStatus.RELEASED
WO-20260117-000262,5000000262,GIS-170-4000,2,LINE-04,Priority.LOW,ShiftType.MORNING,2026-01-17 08:25:00,2026-01-17 08:55:00,RV-001,Production Planner,WorkOrderStatus.RELEASED
WO-20260117-000263,5000000263,GIS-550-5000,1,LINE-05,Priority.HIGH,ShiftType.MORNING,2026-01-17 08:45:00,2026-01-17 09:15:00,RV-001,Production Planner,WorkOrderStatus.RELEASED
WO-20260117-000264,5000000264,GIS-170-4000,2,LINE-06,Priority.URGENT,ShiftType.MORNING,2026-01-17 09:05:00,2026-01-17 09:35:00,RV-001,Production Planner,WorkOrderStatus.RELEASED
WO-20260117-000265,5000000265,GIS-245-3150,2,LINE-01,Priority.NORMAL,ShiftType.MORNING,2026-01-17 09:25:00,2026-01-17 09:55:00,RV-001,Production Planner,WorkOrderStatus.RELEASED
WO-20260117-000266,5000000266,GIS-245-4000,1,LINE-02,Priority.NORMAL,ShiftType.MORNING,2026-01-17 09:45:00,2026-01-17 10:15:00,RV-001,Production Planner,WorkOrderStatus.RELEASED
WO-20260117-000267,5000000267,GIS-245-3150,2,LINE-03,Priority.NORMAL,ShiftType.MORNING,2026-01-17 10:05:00,2026-01-17 10:35:00,RV-001,Production Planner,WorkOrderStatus.RELEASED
WO-20260117-000268,5000000268,GIS-170-4000,3,LINE-04,Priority.URGENT,ShiftType.MORNING,2026-01-17 10:25:00,2026-01-17 10:55:00,RV-001,Production Planner,WorkOrderStatus.RELEASED
WO-20260117-000269,5000000269,GIS-145-4000,3,LINE-05,Priority.NORMAL,ShiftType.MORNING,2026-01-17 10:45:00,2026-01-17 11:15:00,RV-001,Production Planner,WorkOrderStatus.RELEASED
WO-20260117-000270,5000000270,GIS-245-3150,1,LINE-06,Priority.NORMAL,ShiftType.MORNING,2026-01-17 11:05:00,2026-01-17 11:35:00,RV-001,Production Planner,WorkOrderStatus.RELEASED
WO-20260117-000271,5000000271,GIS-245-3150,2,LINE-01,Priority.NORMAL,ShiftType.MORNING,2026-01-17 11:25:00,2026-01-17 11:55:00,RV-001,Production Planner,WorkOrderStatus.RELEASED
WO-20260117-000272,5000000272,GIS-145-3150,4,LINE-02,Priority.LOW,ShiftType.MORNING,2026-01-17 11:45:00,2026-01-17 12:15:00,RV-001,Production Planner,WorkOrderStatus.RELEASED
WO-20260117-000273,5000000273,GIS-072-2500,4,LINE-03,Priority.NORMAL,ShiftType.MORNING,2026-01-17 12:05:00,2026-01-17 12:35:00,RV-001,Production Planner,WorkOrderStatus.RELEASED
WO-20260117-000274,5000000274,GIS-550-5000,1,LINE-04,Priority.NORMAL,ShiftType.MORNING,2026-01-17 12:25:00,2026-01-17 12:55:00,RV-001,Production Planner,WorkOrderStatus.RELEASED
WO-20260117-000275,5000000275,GIS-145-4000,2,LINE-05,Priority.NORMAL,ShiftType.MORNING,2026-01-17 12:45:00,2026-01-17 13:15:00,RV-001,Production Planner,WorkOrderStatus.RELEASED
WO-20260118-000276,5000000276,GIS-145-4000,2,LINE-06,Priority.NORMAL,ShiftType.MORNING,2026-01-18 06:45:00,2026-01-18 07:15:00,RV-001,Production Planner,WorkOrderStatus.RELEASED
WO-20260118-000277,5000000277,GIS-145-3150,3,LINE-01,Priority.NORMAL,ShiftType.MORNING,2026-01-18 07:05:00,2026-01-18 07:35:00,RV-001,Production Planner,WorkOrderStatus.RELEASED
WO-20260118-000278,5000000278,GIS-245-4000,1,LINE-02,Priority.NORMAL,ShiftType.MORNING,2026-01-18 07:25:00,2026-01-18 07:55:00,RV-001,Production Planner,WorkOrderStatus.RELEASED
WO-20260118-000279,5000000279,GIS-072-2500,4,LINE-03,Priority.NORMAL,ShiftType.MORNING,2026-01-18 07:45:00,2026-01-18 08:15:00,RV-001,Production Planner,WorkOrderStatus.RELEASED
WO-20260118-000280,5000000280,GIS-245-3150,1,LINE-04,Priority.LOW,ShiftType.MORNING,2026-01-18 08:05:00,2026-01-18 08:35:00,RV-001,Production Planner,WorkOrderStatus.RELEASED
WO-20260118-000281,5000000281,GIS-245-3150,1,LINE-05,Priority.NORMAL,ShiftType.MORNING,2026-01-18 08:25:00,2026-01-18 08:55:00,RV-001,Production Planner,WorkOrderStatus.RELEASED
WO-20260118-000282,5000000282,GIS-145-3150,2,LINE-06,Priority.NORMAL,ShiftType.MORNING,2026-01-18 08:45:00,2026-01-18 09:15:00,RV-001,Production Planner,WorkOrderStatus.RELEASED
WO-20260118-000283,5000000283,GIS-072-2500,3,LINE-01,Priority.NORMAL,ShiftType.MORNING,2026-01-18 09:05:00,2026-01-18 09:35:00,RV-001,Production Planner,WorkOrderStatus.RELEASED
WO-20260118-000284,5000000284,GIS-072-2500,3,LINE-02,Priority.NORMAL,ShiftType.MORNING,2026-01-18 09:25:00,2026-01-18 09:55:00,RV-001,Production Planner,WorkOrderStatus.RELEASED
WO-20260118-000285,5000000285,GIS-245-3150,3,LINE-03,Priority.NORMAL,ShiftType.MORNING,2026-01-18 09:45:00,2026-01-18 10:15:00,RV-001,Production Planner,WorkOrderStatus.RELEASED
WO-20260118-000286,5000000286,GIS-145-3150,3,LINE-04,Priority.URGENT,ShiftType.MORNING,2026-01-18 10:05:00,2026-01-18 10:35:00,RV-001,Production Planner,WorkOrderStatus.RELEASED
WO-20260118-000287,5000000287,GIS-072-3150,5,LINE-05,Priority.NORMAL,ShiftType.MORNING,2026-01-18 10:25:00,2026-01-18 10:55:00,RV-001,Production Planner,WorkOrderStatus.RELEASED
WO-20260118-000288,5000000288,GIS-072-3150,5,LINE-06,Priority.NORMAL,ShiftType.MORNING,2026-01-18 10:45:00,2026-01-18 11:15:00,RV-001,Production Planner,WorkOrderStatus.RELEASED
WO-20260118-000289,5000000289,GIS-420-4000,1,LINE-01,Priority.NORMAL,ShiftType.MORNING,2026-01-18 11:05:00,2026-01-18 11:35:00,RV-001,Production Planner,WorkOrderStatus.RELEASED
WO-20260118-000290,5000000290,GIS-245-4000,2,LINE-02,Priority.NORMAL,ShiftType.MORNING,2026-01-18 11:25:00,2026-01-18 11:55:00,RV-001,Production Planner,WorkOrderStatus.RELEASED
WO-20260118-000291,5000000291,GIS-245-4000,2,LINE-03,Priority.HIGH,ShiftType.MORNING,2026-01-18 11:45:00,2026-01-18 12:15:00,RV-001,Production Planner,WorkOrderStatus.RELEASED
WO-20260118-000292,5000000292,GIS-072-3150,4,LINE-04,Priority.HIGH,ShiftType.MORNING,2026-01-18 12:05:00,2026-01-18 12:35:00,RV-001,Production Planner,WorkOrderStatus.RELEASED
WO-20260118-000293,5000000293,GIS-170-4000,3,LINE-05,Priority.HIGH,ShiftType.MORNING,2026-01-18 12:25:00,2026-01-18 12:55:00,RV-001,Production Planner,WorkOrderStatus.RELEASED
WO-20260118-000294,5000000294,GIS-145-3150,3,LINE-06,Priority.NORMAL,ShiftType.MORNING,2026-01-18 12:45:00,2026-01-18 13:15:00,RV-001,Production Planner,WorkOrderStatus.RELEASED
WO-20260118-000295,5000000295,GIS-170-4000,3,LINE-01,Priority.NORMAL,ShiftType.MORNING,2026-01-18 13:05:00,2026-01-18 13:35:00,RV-001,Production Planner,WorkOrderStatus.RELEASED
WO-20260118-000296,5000000296,GIS-145-3150,2,LINE-02,Priority.URGENT,ShiftType.MORNING,2026-01-18 13:25:00,2026-01-18 13:55:00,RV-001,Production Planner,WorkOrderStatus.RELEASED
WO-20260118-000297,5000000297,GIS-072-3150,4,LINE-03,Priority.NORMAL,ShiftType.MORNING,2026-01-18 13:45:00,2026-01-18 14:15:00,RV-001,Production Planner,WorkOrderStatus.RELEASED
WO-20260119-000298,5000000298,GIS-145-3150,3,LINE-04,Priority.NORMAL,ShiftType.MORNING,2026-01-19 06:45:00,2026-01-19 07:15:00,RV-001,Production Planner,WorkOrderStatus.RELEASED
WO-20260119-000299,5000000299,GIS-245-3150,2,LINE-05,Priority.NORMAL,ShiftType.MORNING,2026-01-19 07:05:00,2026-01-19 07:35:00,RV-001,Production Planner,WorkOrderStatus.RELEASED
WO-20260119-000300,5000000300,GIS-245-3150,3,LINE-06,Priority.URGENT,ShiftType.MORNING,2026-01-19 07:25:00,2026-01-19 07:55:00,RV-001,Production Planner,WorkOrderStatus.RELEASED
WO-20260119-000301,5000000301,GIS-145-4000,2,LINE-01,Priority.NORMAL,ShiftType.MORNING,2026-01-19 07:45:00,2026-01-19 08:15:00,RV-001,Production Planner,WorkOrderStatus.RELEASED
WO-20260119-000302,5000000302,GIS-550-5000,1,LINE-02,Priority.NORMAL,ShiftType.MORNING,2026-01-19 08:05:00,2026-01-19 08:35:00,RV-001,Production Planner,WorkOrderStatus.RELEASED
WO-20260119-000303,5000000303,GIS-072-2500,4,LINE-03,Priority.LOW,ShiftType.MORNING,2026-01-19 08:25:00,2026-01-19 08:55:00,RV-001,Production Planner,WorkOrderStatus.RELEASED
WO-20260119-000304,5000000304,GIS-420-4000,1,LINE-04,Priority.NORMAL,ShiftType.MORNING,2026-01-19 08:45:00,2026-01-19 09:15:00,RV-001,Production Planner,WorkOrderStatus.RELEASED
WO-20260119-000305,5000000305,GIS-145-3150,4,LINE-05,Priority.URGENT,ShiftType.MORNING,2026-01-19 09:05:00,2026-01-19 09:35:00,RV-001,Production Planner,WorkOrderStatus.RELEASED
WO-20260119-000306,5000000306,GIS-072-2500,4,LINE-06,Priority.NORMAL,ShiftType.MORNING,2026-01-19 09:25:00,2026-01-19 09:55:00,RV-001,Production Planner,WorkOrderStatus.RELEASED
WO-20260119-000307,5000000307,GIS-245-3150,3,LINE-01,Priority.LOW,ShiftType.MORNING,2026-01-19 09:45:00,2026-01-19 10:15:00,RV-001,Production Planner,WorkOrderStatus.RELEASED
WO-20260119-000308,5000000308,GIS-145-3150,4,LINE-02,Priority.HIGH,ShiftType.MORNING,2026-01-19 10:05:00,2026-01-19 10:35:00,RV-001,Production Planner,WorkOrderStatus.RELEASED
WO-20260119-000309,5000000309,GIS-145-3150,3,LINE-03,Priority.NORMAL,ShiftType.MORNING,2026-01-19 10:25:00,2026-01-19 10:55:00,RV-001,Production Planner,WorkOrderStatus.RELEASED
WO-20260119-000310,5000000310,GIS-420-4000,2,LINE-04,Priority.HIGH,ShiftType.MORNING,2026-01-19 10:45:00,2026-01-19 11:15:00,RV-001,Production Planner,WorkOrderStatus.RELEASED
WO-20260119-000311,5000000311,GIS-072-2500,3,LINE-05,Priority.NORMAL,ShiftType.MORNING,2026-01-19 11:05:00,2026-01-19 11:35:00,RV-001,Production Planner,WorkOrderStatus.RELEASED
WO-20260119-000312,5000000312,GIS-245-3150,2,LINE-06,Priority.URGENT,ShiftType.MORNING,2026-01-19 11:25:00,2026-01-19 11:55:00,RV-001,Production Planner,WorkOrderStatus.RELEASED
WO-20260119-000313,5000000313,GIS-245-4000,2,LINE-01,Priority.URGENT,ShiftType.MORNING,2026-01-19 11:45:00,2026-01-19 12:15:00,RV-001,Production Planner,WorkOrderStatus.RELEASED
WO-20260119-000314,5000000314,GIS-245-4000,3,LINE-02,Priority.HIGH,ShiftType.MORNING,2026-01-19 12:05:00,2026-01-19 12:35:00,RV-001,Production Planner,WorkOrderStatus.RELEASED
WO-20260119-000315,5000000315,GIS-145-3150,4,LINE-03,Priority.NORMAL,ShiftType.MORNING,2026-01-19 12:25:00,2026-01-19 12:55:00,RV-001,Production Planner,WorkOrderStatus.RELEASED
WO-20260119-000316,5000000316,GIS-072-2500,4,LINE-04,Priority.HIGH,ShiftType.MORNING,2026-01-19 12:45:00,2026-01-19 13:15:00,RV-001,Production Planner,WorkOrderStatus.RELEASED
WO-20260119-000317,5000000317,GIS-072-3150,4,LINE-05,Priority.NORMAL,ShiftType.MORNING,2026-01-19 13:05:00,2026-01-19 13:35:00,RV-001,Production Planner,WorkOrderStatus.RELEASED
WO-20260119-000318,5000000318,GIS-072-3150,4,LINE-06,Priority.NORMAL,ShiftType.MORNING,2026-01-19 13:25:00,2026-01-19 13:55:00,RV-001,Production Planner,WorkOrderStatus.RELEASED
WO-20260119-000319,5000000319,GIS-245-4000,1,LINE-01,Priority.NORMAL,ShiftType.MORNING,2026-01-19 13:45:00,2026-01-19 14:15:00,RV-001,Production Planner,WorkOrderStatus.RELEASED
WO-20260119-000320,5000000320,GIS-170-4000,3,LINE-02,Priority.NORMAL,ShiftType.MORNING,2026-01-19 14:05:00,2026-01-19 14:35:00,RV-001,Production Planner,WorkOrderStatus.RELEASED
WO-20260119-000321,5000000321,GIS-072-3150,5,LINE-03,Priority.NORMAL,ShiftType.MORNING,2026-01-19 14:25:00,2026-01-19 14:55:00,RV-001,Production Planner,WorkOrderStatus.RELEASED
WO-20260120-000322,5000000322,GIS-245-3150,2,LINE-04,Priority.NORMAL,ShiftType.MORNING,2026-01-20 06:45:00,2026-01-20 07:15:00,RV-001,Production Planner,WorkOrderStatus.RELEASED
WO-20260120-000323,5000000323,GIS-072-2500,4,LINE-05,Priority.HIGH,ShiftType.MORNING,2026-01-20 07:05:00,2026-01-20 07:35:00,RV-001,Production Planner,WorkOrderStatus.RELEASED
WO-20260120-000324,5000000324,GIS-245-3150,1,LINE-06,Priority.LOW,ShiftType.MORNING,2026-01-20 07:25:00,2026-01-20 07:55:00,RV-001,Production Planner,WorkOrderStatus.RELEASED
WO-20260120-000325,5000000325,GIS-420-5000,2,LINE-01,Priority.NORMAL,ShiftType.MORNING,2026-01-20 07:45:00,2026-01-20 08:15:00,RV-001,Production Planner,WorkOrderStatus.RELEASED
WO-20260120-000326,5000000326,GIS-145-3150,3,LINE-02,Priority.NORMAL,ShiftType.MORNING,2026-01-20 08:05:00,2026-01-20 08:35:00,RV-001,Production Planner,WorkOrderStatus.RELEASED
WO-20260120-000327,5000000327,GIS-145-3150,3,LINE-03,Priority.HIGH,ShiftType.MORNING,2026-01-20 08:25:00,2026-01-20 08:55:00,RV-001,Production Planner,WorkOrderStatus.RELEASED
WO-20260120-000328,5000000328,GIS-072-2500,4,LINE-04,Priority.NORMAL,ShiftType.MORNING,2026-01-20 08:45:00,2026-01-20 09:15:00,RV-001,Production Planner,WorkOrderStatus.RELEASED
WO-20260120-000329,5000000329,GIS-170-4000,3,LINE-05,Priority.LOW,ShiftType.MORNING,2026-01-20 09:05:00,2026-01-20 09:35:00,RV-001,Production Planner,WorkOrderStatus.RELEASED
WO-20260120-000330,5000000330,GIS-300-4000,2,LINE-06,Priority.NORMAL,ShiftType.MORNING,2026-01-20 09:25:00,2026-01-20 09:55:00,RV-001,Production Planner,WorkOrderStatus.RELEASED
WO-20260120-000331,5000000331,GIS-170-4000,2,LINE-01,Priority.HIGH,ShiftType.MORNING,2026-01-20 09:45:00,2026-01-20 10:15:00,RV-001,Production Planner,WorkOrderStatus.RELEASED
WO-20260120-000332,5000000332,GIS-245-4000,2,LINE-02,Priority.HIGH,ShiftType.MORNING,2026-01-20 10:05:00,2026-01-20 10:35:00,RV-001,Production Planner,WorkOrderStatus.RELEASED
WO-20260120-000333,5000000333,GIS-072-3150,4,LINE-03,Priority.NORMAL,ShiftType.MORNING,2026-01-20 10:25:00,2026-01-20 10:55:00,RV-001,Production Planner,WorkOrderStatus.RELEASED
WO-20260120-000334,5000000334,GIS-072-3150,4,LINE-04,Priority.NORMAL,ShiftType.MORNING,2026-01-20 10:45:00,2026-01-20 11:15:00,RV-001,Production Planner,WorkOrderStatus.RELEASED
WO-20260120-000335,5000000335,GIS-245-3150,3,LINE-05,Priority.NORMAL,ShiftType.MORNING,2026-01-20 11:05:00,2026-01-20 11:35:00,RV-001,Production Planner,WorkOrderStatus.RELEASED
WO-20260120-000336,5000000336,GIS-072-2500,3,LINE-06,Priority.HIGH,ShiftType.MORNING,2026-01-20 11:25:00,2026-01-20 11:55:00,RV-001,Production Planner,WorkOrderStatus.RELEASED
WO-20260120-000337,5000000337,GIS-245-3150,2,LINE-01,Priority.HIGH,ShiftType.MORNING,2026-01-20 11:45:00,2026-01-20 12:15:00,RV-001,Production Planner,WorkOrderStatus.RELEASED
WO-20260120-000338,5000000338,GIS-072-2500,4,LINE-02,Priority.NORMAL,ShiftType.MORNING,2026-01-20 12:05:00,2026-01-20 12:35:00,RV-001,Production Planner,WorkOrderStatus.RELEASED
WO-20260120-000339,5000000339,GIS-072-2500,4,LINE-03,Priority.NORMAL,ShiftType.MORNING,2026-01-20 12:25:00,2026-01-20 12:55:00,RV-001,Production Planner,WorkOrderStatus.RELEASED
WO-20260120-000340,5000000340,GIS-145-3150,2,LINE-04,Priority.NORMAL,ShiftType.MORNING,2026-01-20 12:45:00,2026-01-20 13:15:00,RV-001,Production Planner,WorkOrderStatus.RELEASED
WO-20260120-000341,5000000341,GIS-145-4000,3,LINE-05,Priority.NORMAL,ShiftType.MORNING,2026-01-20 13:05:00,2026-01-20 13:35:00,RV-001,Production Planner,WorkOrderStatus.RELEASED
WO-20260120-000342,5000000342,GIS-420-4000,1,LINE-06,Priority.NORMAL,ShiftType.MORNING,2026-01-20 13:25:00,2026-01-20 13:55:00,RV-001,Production Planner,WorkOrderStatus.RELEASED
WO-20260121-000343,5000000343,GIS-420-5000,2,LINE-01,Priority.NORMAL,ShiftType.MORNING,2026-01-21 06:45:00,2026-01-21 07:15:00,RV-001,Production Planner,WorkOrderStatus.RELEASED
WO-20260121-000344,5000000344,GIS-145-3150,2,LINE-02,Priority.NORMAL,ShiftType.MORNING,2026-01-21 07:05:00,2026-01-21 07:35:00,RV-001,Production Planner,WorkOrderStatus.RELEASED
WO-20260121-000345,5000000345,GIS-072-2500,3,LINE-03,Priority.HIGH,ShiftType.MORNING,2026-01-21 07:25:00,2026-01-21 07:55:00,RV-001,Production Planner,WorkOrderStatus.RELEASED
WO-20260121-000346,5000000346,GIS-245-3150,2,LINE-04,Priority.URGENT,ShiftType.MORNING,2026-01-21 07:45:00,2026-01-21 08:15:00,RV-001,Production Planner,WorkOrderStatus.RELEASED
WO-20260121-000347,5000000347,GIS-245-4000,2,LINE-05,Priority.LOW,ShiftType.MORNING,2026-01-21 08:05:00,2026-01-21 08:35:00,RV-001,Production Planner,WorkOrderStatus.RELEASED
WO-20260121-000348,5000000348,GIS-145-3150,3,LINE-06,Priority.NORMAL,ShiftType.MORNING,2026-01-21 08:25:00,2026-01-21 08:55:00,RV-001,Production Planner,WorkOrderStatus.RELEASED
WO-20260121-000349,5000000349,GIS-145-4000,4,LINE-01,Priority.NORMAL,ShiftType.MORNING,2026-01-21 08:45:00,2026-01-21 09:15:00,RV-001,Production Planner,WorkOrderStatus.RELEASED
WO-20260121-000350,5000000350,GIS-072-3150,4,LINE-02,Priority.HIGH,ShiftType.MORNING,2026-01-21 09:05:00,2026-01-21 09:35:00,RV-001,Production Planner,WorkOrderStatus.RELEASED
WO-20260121-000351,5000000351,GIS-420-5000,1,LINE-03,Priority.NORMAL,ShiftType.MORNING,2026-01-21 09:25:00,2026-01-21 09:55:00,RV-001,Production Planner,WorkOrderStatus.RELEASED
WO-20260121-000352,5000000352,GIS-145-4000,4,LINE-04,Priority.HIGH,ShiftType.MORNING,2026-01-21 09:45:00,2026-01-21 10:15:00,RV-001,Production Planner,WorkOrderStatus.RELEASED
WO-20260121-000353,5000000353,GIS-170-4000,2,LINE-05,Priority.NORMAL,ShiftType.MORNING,2026-01-21 10:05:00,2026-01-21 10:35:00,RV-001,Production Planner,WorkOrderStatus.RELEASED
WO-20260121-000354,5000000354,GIS-245-3150,2,LINE-06,Priority.HIGH,ShiftType.MORNING,2026-01-21 10:25:00,2026-01-21 10:55:00,RV-001,Production Planner,WorkOrderStatus.RELEASED
WO-20260121-000355,5000000355,GIS-145-3150,3,LINE-01,Priority.NORMAL,ShiftType.MORNING,2026-01-21 10:45:00,2026-01-21 11:15:00,RV-001,Production Planner,WorkOrderStatus.RELEASED
WO-20260121-000356,5000000356,GIS-072-2500,3,LINE-02,Priority.NORMAL,ShiftType.MORNING,2026-01-21 11:05:00,2026-01-21 11:35:00,RV-001,Production Planner,WorkOrderStatus.RELEASED
WO-20260121-000357,5000000357,GIS-145-4000,2,LINE-03,Priority.NORMAL,ShiftType.MORNING,2026-01-21 11:25:00,2026-01-21 11:55:00,RV-001,Production Planner,WorkOrderStatus.RELEASED
WO-20260121-000358,5000000358,GIS-145-4000,3,LINE-04,Priority.NORMAL,ShiftType.MORNING,2026-01-21 11:45:00,2026-01-21 12:15:00,RV-001,Production Planner,WorkOrderStatus.RELEASED
WO-20260121-000359,5000000359,GIS-245-3150,3,LINE-05,Priority.NORMAL,ShiftType.MORNING,2026-01-21 12:05:00,2026-01-21 12:35:00,RV-001,Production Planner,WorkOrderStatus.RELEASED
WO-20260121-000360,5000000360,GIS-145-4000,4,LINE-06,Priority.NORMAL,ShiftType.MORNING,2026-01-21 12:25:00,2026-01-21 12:55:00,RV-001,Production Planner,WorkOrderStatus.RELEASED
WO-20260121-000361,5000000361,GIS-072-3150,4,LINE-01,Priority.NORMAL,ShiftType.MORNING,2026-01-21 12:45:00,2026-01-21 13:15:00,RV-001,Production Planner,WorkOrderStatus.RELEASED
WO-20260121-000362,5000000362,GIS-300-4000,2,LINE-02,Priority.HIGH,ShiftType.MORNING,2026-01-21 13:05:00,2026-01-21 13:35:00,RV-001,Production Planner,WorkOrderStatus.RELEASED
WO-20260121-000363,5000000363,GIS-072-3150,5,LINE-03,Priority.NORMAL,ShiftType.MORNING,2026-01-21 13:25:00,2026-01-21 13:55:00,RV-001,Production Planner,WorkOrderStatus.RELEASED
WO-20260121-000364,5000000364,GIS-145-3150,2,LINE-04,Priority.HIGH,ShiftType.MORNING,2026-01-21 13:45:00,2026-01-21 14:15:00,RV-001,Production Planner,WorkOrderStatus.RELEASED
WO-20260121-000365,5000000365,GIS-072-2500,5,LINE-05,Priority.NORMAL,ShiftType.MORNING,2026-01-21 14:05:00,2026-01-21 14:35:00,RV-001,Production Planner,WorkOrderStatus.RELEASED
WO-20260121-000366,5000000366,GIS-420-4000,2,LINE-06,Priority.LOW,ShiftType.MORNING,2026-01-21 14:25:00,2026-01-21 14:55:00,RV-001,Production Planner,WorkOrderStatus.RELEASED
WO-20260122-000367,5000000367,GIS-072-3150,3,LINE-01,Priority.HIGH,ShiftType.MORNING,2026-01-22 06:45:00,2026-01-22 07:15:00,RV-001,Production Planner,WorkOrderStatus.RELEASED
WO-20260122-000368,5000000368,GIS-300-4000,1,LINE-02,Priority.NORMAL,ShiftType.MORNING,2026-01-22 07:05:00,2026-01-22 07:35:00,RV-001,Production Planner,WorkOrderStatus.RELEASED
WO-20260122-000369,5000000369,GIS-245-3150,3,LINE-03,Priority.URGENT,ShiftType.MORNING,2026-01-22 07:25:00,2026-01-22 07:55:00,RV-001,Production Planner,WorkOrderStatus.RELEASED
WO-20260122-000370,5000000370,GIS-072-2500,4,LINE-04,Priority.NORMAL,ShiftType.MORNING,2026-01-22 07:45:00,2026-01-22 08:15:00,RV-001,Production Planner,WorkOrderStatus.RELEASED
WO-20260122-000371,5000000371,GIS-072-2500,5,LINE-05,Priority.NORMAL,ShiftType.MORNING,2026-01-22 08:05:00,2026-01-22 08:35:00,RV-001,Production Planner,WorkOrderStatus.RELEASED
WO-20260122-000372,5000000372,GIS-300-4000,1,LINE-06,Priority.NORMAL,ShiftType.MORNING,2026-01-22 08:25:00,2026-01-22 08:55:00,RV-001,Production Planner,WorkOrderStatus.RELEASED
WO-20260122-000373,5000000373,GIS-300-4000,1,LINE-01,Priority.NORMAL,ShiftType.MORNING,2026-01-22 08:45:00,2026-01-22 09:15:00,RV-001,Production Planner,WorkOrderStatus.RELEASED
WO-20260122-000374,5000000374,GIS-072-2500,5,LINE-02,Priority.LOW,ShiftType.MORNING,2026-01-22 09:05:00,2026-01-22 09:35:00,RV-001,Production Planner,WorkOrderStatus.RELEASED
WO-20260122-000375,5000000375,GIS-300-4000,1,LINE-03,Priority.URGENT,ShiftType.MORNING,2026-01-22 09:25:00,2026-01-22 09:55:00,RV-001,Production Planner,WorkOrderStatus.RELEASED
WO-20260122-000376,5000000376,GIS-145-4000,2,LINE-04,Priority.NORMAL,ShiftType.MORNING,2026-01-22 09:45:00,2026-01-22 10:15:00,RV-001,Production Planner,WorkOrderStatus.RELEASED
WO-20260122-000377,5000000377,GIS-300-4000,1,LINE-05,Priority.LOW,ShiftType.MORNING,2026-01-22 10:05:00,2026-01-22 10:35:00,RV-001,Production Planner,WorkOrderStatus.RELEASED
WO-20260122-000378,5000000378,GIS-245-4000,1,LINE-06,Priority.NORMAL,ShiftType.MORNING,2026-01-22 10:25:00,2026-01-22 10:55:00,RV-001,Production Planner,WorkOrderStatus.RELEASED
WO-20260122-000379,5000000379,GIS-072-2500,4,LINE-01,Priority.LOW,ShiftType.MORNING,2026-01-22 10:45:00,2026-01-22 11:15:00,RV-001,Production Planner,WorkOrderStatus.RELEASED
WO-20260122-000380,5000000380,GIS-245-4000,3,LINE-02,Priority.NORMAL,ShiftType.MORNING,2026-01-22 11:05:00,2026-01-22 11:35:00,RV-001,Production Planner,WorkOrderStatus.RELEASED
WO-20260122-000381,5000000381,GIS-072-2500,4,LINE-03,Priority.HIGH,ShiftType.MORNING,2026-01-22 11:25:00,2026-01-22 11:55:00,RV-001,Production Planner,WorkOrderStatus.RELEASED
WO-20260122-000382,5000000382,GIS-145-4000,2,LINE-04,Priority.NORMAL,ShiftType.MORNING,2026-01-22 11:45:00,2026-01-22 12:15:00,RV-001,Production Planner,WorkOrderStatus.RELEASED
WO-20260122-000383,5000000383,GIS-072-3150,5,LINE-05,Priority.LOW,ShiftType.MORNING,2026-01-22 12:05:00,2026-01-22 12:35:00,RV-001,Production Planner,WorkOrderStatus.RELEASED
WO-20260122-000384,5000000384,GIS-245-4000,3,LINE-06,Priority.NORMAL,ShiftType.MORNING,2026-01-22 12:25:00,2026-01-22 12:55:00,RV-001,Production Planner,WorkOrderStatus.RELEASED
WO-20260122-000385,5000000385,GIS-145-4000,2,LINE-01,Priority.LOW,ShiftType.MORNING,2026-01-22 12:45:00,2026-01-22 13:15:00,RV-001,Production Planner,WorkOrderStatus.RELEASED
WO-20260122-000386,5000000386,GIS-145-4000,3,LINE-02,Priority.NORMAL,ShiftType.MORNING,2026-01-22 13:05:00,2026-01-22 13:35:00,RV-001,Production Planner,WorkOrderStatus.RELEASED
WO-20260123-000387,5000000387,GIS-145-4000,3,LINE-03,Priority.LOW,ShiftType.MORNING,2026-01-23 06:45:00,2026-01-23 07:15:00,RV-001,Production Planner,WorkOrderStatus.RELEASED
WO-20260123-000388,5000000388,GIS-072-2500,5,LINE-04,Priority.NORMAL,ShiftType.MORNING,2026-01-23 07:05:00,2026-01-23 07:35:00,RV-001,Production Planner,WorkOrderStatus.RELEASED
WO-20260123-000389,5000000389,GIS-072-2500,5,LINE-05,Priority.NORMAL,ShiftType.MORNING,2026-01-23 07:25:00,2026-01-23 07:55:00,RV-001,Production Planner,WorkOrderStatus.RELEASED
WO-20260123-000390,5000000390,GIS-145-4000,3,LINE-06,Priority.NORMAL,ShiftType.MORNING,2026-01-23 07:45:00,2026-01-23 08:15:00,RV-001,Production Planner,WorkOrderStatus.RELEASED
WO-20260123-000391,5000000391,GIS-170-4000,3,LINE-01,Priority.NORMAL,ShiftType.MORNING,2026-01-23 08:05:00,2026-01-23 08:35:00,RV-001,Production Planner,WorkOrderStatus.RELEASED
WO-20260123-000392,5000000392,GIS-170-4000,2,LINE-02,Priority.HIGH,ShiftType.MORNING,2026-01-23 08:25:00,2026-01-23 08:55:00,RV-001,Production Planner,WorkOrderStatus.RELEASED
WO-20260123-000393,5000000393,GIS-072-2500,5,LINE-03,Priority.NORMAL,ShiftType.MORNING,2026-01-23 08:45:00,2026-01-23 09:15:00,RV-001,Production Planner,WorkOrderStatus.RELEASED
WO-20260123-000394,5000000394,GIS-245-4000,3,LINE-04,Priority.HIGH,ShiftType.MORNING,2026-01-23 09:05:00,2026-01-23 09:35:00,RV-001,Production Planner,WorkOrderStatus.RELEASED
WO-20260123-000395,5000000395,GIS-145-3150,2,LINE-05,Priority.NORMAL,ShiftType.MORNING,2026-01-23 09:25:00,2026-01-23 09:55:00,RV-001,Production Planner,WorkOrderStatus.RELEASED
WO-20260123-000396,5000000396,GIS-300-4000,2,LINE-06,Priority.NORMAL,ShiftType.MORNING,2026-01-23 09:45:00,2026-01-23 10:15:00,RV-001,Production Planner,WorkOrderStatus.RELEASED
WO-20260123-000397,5000000397,GIS-072-2500,4,LINE-01,Priority.NORMAL,ShiftType.MORNING,2026-01-23 10:05:00,2026-01-23 10:35:00,RV-001,Production Planner,WorkOrderStatus.RELEASED
WO-20260123-000398,5000000398,GIS-072-3150,3,LINE-02,Priority.NORMAL,ShiftType.MORNING,2026-01-23 10:25:00,2026-01-23 10:55:00,RV-001,Production Planner,WorkOrderStatus.RELEASED
WO-20260123-000399,5000000399,GIS-145-4000,2,LINE-03,Priority.HIGH,ShiftType.MORNING,2026-01-23 10:45:00,2026-01-23 11:15:00,RV-001,Production Planner,WorkOrderStatus.RELEASED
WO-20260123-000400,5000000400,GIS-072-2500,3,LINE-04,Priority.NORMAL,ShiftType.MORNING,2026-01-23 11:05:00,2026-01-23 11:35:00,RV-001,Production Planner,WorkOrderStatus.RELEASED
WO-20260123-000401,5000000401,GIS-145-3150,2,LINE-05,Priority.NORMAL,ShiftType.MORNING,2026-01-23 11:25:00,2026-01-23 11:55:00,RV-001,Production Planner,WorkOrderStatus.RELEASED
WO-20260123-000402,5000000402,GIS-170-4000,3,LINE-06,Priority.NORMAL,ShiftType.MORNING,2026-01-23 11:45:00,2026-01-23 12:15:00,RV-001,Production Planner,WorkOrderStatus.RELEASED
WO-20260123-000403,5000000403,GIS-145-3150,4,LINE-01,Priority.HIGH,ShiftType.MORNING,2026-01-23 12:05:00,2026-01-23 12:35:00,RV-001,Production Planner,WorkOrderStatus.RELEASED
WO-20260123-000404,5000000404,GIS-145-3150,4,LINE-02,Priority.LOW,ShiftType.MORNING,2026-01-23 12:25:00,2026-01-23 12:55:00,RV-001,Production Planner,WorkOrderStatus.RELEASED
WO-20260124-000405,5000000405,GIS-170-4000,3,LINE-03,Priority.NORMAL,ShiftType.MORNING,2026-01-24 06:45:00,2026-01-24 07:15:00,RV-001,Production Planner,WorkOrderStatus.RELEASED
WO-20260124-000406,5000000406,GIS-145-4000,2,LINE-04,Priority.NORMAL,ShiftType.MORNING,2026-01-24 07:05:00,2026-01-24 07:35:00,RV-001,Production Planner,WorkOrderStatus.RELEASED
WO-20260124-000407,5000000407,GIS-072-3150,3,LINE-05,Priority.NORMAL,ShiftType.MORNING,2026-01-24 07:25:00,2026-01-24 07:55:00,RV-001,Production Planner,WorkOrderStatus.RELEASED
WO-20260124-000408,5000000408,GIS-170-4000,2,LINE-06,Priority.HIGH,ShiftType.MORNING,2026-01-24 07:45:00,2026-01-24 08:15:00,RV-001,Production Planner,WorkOrderStatus.RELEASED
WO-20260124-000409,5000000409,GIS-170-4000,3,LINE-01,Priority.HIGH,ShiftType.MORNING,2026-01-24 08:05:00,2026-01-24 08:35:00,RV-001,Production Planner,WorkOrderStatus.RELEASED
WO-20260124-000410,5000000410,GIS-550-5000,1,LINE-02,Priority.HIGH,ShiftType.MORNING,2026-01-24 08:25:00,2026-01-24 08:55:00,RV-001,Production Planner,WorkOrderStatus.RELEASED
WO-20260124-000411,5000000411,GIS-170-4000,2,LINE-03,Priority.NORMAL,ShiftType.MORNING,2026-01-24 08:45:00,2026-01-24 09:15:00,RV-001,Production Planner,WorkOrderStatus.RELEASED
WO-20260124-000412,5000000412,GIS-245-3150,3,LINE-04,Priority.NORMAL,ShiftType.MORNING,2026-01-24 09:05:00,2026-01-24 09:35:00,RV-001,Production Planner,WorkOrderStatus.RELEASED
WO-20260124-000413,5000000413,GIS-072-3150,5,LINE-05,Priority.HIGH,ShiftType.MORNING,2026-01-24 09:25:00,2026-01-24 09:55:00,RV-001,Production Planner,WorkOrderStatus.RELEASED
WO-20260124-000414,5000000414,GIS-420-5000,2,LINE-06,Priority.LOW,ShiftType.MORNING,2026-01-24 09:45:00,2026-01-24 10:15:00,RV-001,Production Planner,WorkOrderStatus.RELEASED
WO-20260124-000415,5000000415,GIS-300-4000,2,LINE-01,Priority.LOW,ShiftType.MORNING,2026-01-24 10:05:00,2026-01-24 10:35:00,RV-001,Production Planner,WorkOrderStatus.RELEASED
WO-20260124-000416,5000000416,GIS-245-4000,1,LINE-02,Priority.LOW,ShiftType.MORNING,2026-01-24 10:25:00,2026-01-24 10:55:00,RV-001,Production Planner,WorkOrderStatus.RELEASED
WO-20260124-000417,5000000417,GIS-145-4000,3,LINE-03,Priority.NORMAL,ShiftType.MORNING,2026-01-24 10:45:00,2026-01-24 11:15:00,RV-001,Production Planner,WorkOrderStatus.RELEASED
WO-20260124-000418,5000000418,GIS-145-3150,3,LINE-04,Priority.NORMAL,ShiftType.MORNING,2026-01-24 11:05:00,2026-01-24 11:35:00,RV-001,Production Planner,WorkOrderStatus.RELEASED
WO-20260124-000419,5000000419,GIS-145-3150,4,LINE-05,Priority.NORMAL,ShiftType.MORNING,2026-01-24 11:25:00,2026-01-24 11:55:00,RV-001,Production Planner,WorkOrderStatus.RELEASED
WO-20260124-000420,5000000420,GIS-420-4000,1,LINE-06,Priority.NORMAL,ShiftType.MORNING,2026-01-24 11:45:00,2026-01-24 12:15:00,RV-001,Production Planner,WorkOrderStatus.RELEASED
WO-20260124-000421,5000000421,GIS-170-4000,2,LINE-01,Priority.NORMAL,ShiftType.MORNING,2026-01-24 12:05:00,2026-01-24 12:35:00,RV-001,Production Planner,WorkOrderStatus.RELEASED
WO-20260124-000422,5000000422,GIS-245-3150,2,LINE-02,Priority.NORMAL,ShiftType.MORNING,2026-01-24 12:25:00,2026-01-24 12:55:00,RV-001,Production Planner,WorkOrderStatus.RELEASED
WO-20260124-000423,5000000423,GIS-145-3150,2,LINE-03,Priority.HIGH,ShiftType.MORNING,2026-01-24 12:45:00,2026-01-24 13:15:00,RV-001,Production Planner,WorkOrderStatus.RELEASED
WO-20260124-000424,5000000424,GIS-072-2500,4,LINE-04,Priority.NORMAL,ShiftType.MORNING,2026-01-24 13:05:00,2026-01-24 13:35:00,RV-001,Production Planner,WorkOrderStatus.RELEASED
WO-20260125-000425,5000000425,GIS-245-3150,2,LINE-05,Priority.NORMAL,ShiftType.MORNING,2026-01-25 06:45:00,2026-01-25 07:15:00,RV-001,Production Planner,WorkOrderStatus.RELEASED
WO-20260125-000426,5000000426,GIS-145-3150,2,LINE-06,Priority.NORMAL,ShiftType.MORNING,2026-01-25 07:05:00,2026-01-25 07:35:00,RV-001,Production Planner,WorkOrderStatus.RELEASED
WO-20260125-000427,5000000427,GIS-170-4000,2,LINE-01,Priority.NORMAL,ShiftType.MORNING,2026-01-25 07:25:00,2026-01-25 07:55:00,RV-001,Production Planner,WorkOrderStatus.RELEASED
WO-20260125-000428,5000000428,GIS-420-5000,1,LINE-02,Priority.HIGH,ShiftType.MORNING,2026-01-25 07:45:00,2026-01-25 08:15:00,RV-001,Production Planner,WorkOrderStatus.RELEASED
WO-20260125-000429,5000000429,GIS-072-3150,3,LINE-03,Priority.LOW,ShiftType.MORNING,2026-01-25 08:05:00,2026-01-25 08:35:00,RV-001,Production Planner,WorkOrderStatus.RELEASED
WO-20260125-000430,5000000430,GIS-245-4000,1,LINE-04,Priority.NORMAL,ShiftType.MORNING,2026-01-25 08:25:00,2026-01-25 08:55:00,RV-001,Production Planner,WorkOrderStatus.RELEASED
WO-20260125-000431,5000000431,GIS-145-4000,2,LINE-05,Priority.NORMAL,ShiftType.MORNING,2026-01-25 08:45:00,2026-01-25 09:15:00,RV-001,Production Planner,WorkOrderStatus.RELEASED
WO-20260125-000432,5000000432,GIS-300-4000,2,LINE-06,Priority.LOW,ShiftType.MORNING,2026-01-25 09:05:00,2026-01-25 09:35:00,RV-001,Production Planner,WorkOrderStatus.RELEASED
WO-20260125-000433,5000000433,GIS-300-4000,1,LINE-01,Priority.NORMAL,ShiftType.MORNING,2026-01-25 09:25:00,2026-01-25 09:55:00,RV-001,Production Planner,WorkOrderStatus.RELEASED
WO-20260125-000434,5000000434,GIS-145-4000,2,LINE-02,Priority.HIGH,ShiftType.MORNING,2026-01-25 09:45:00,2026-01-25 10:15:00,RV-001,Production Planner,WorkOrderStatus.RELEASED
WO-20260125-000435,5000000435,GIS-170-4000,3,LINE-03,Priority.NORMAL,ShiftType.MORNING,2026-01-25 10:05:00,2026-01-25 10:35:00,RV-001,Production Planner,WorkOrderStatus.RELEASED
WO-20260125-000436,5000000436,GIS-145-3150,2,LINE-04,Priority.NORMAL,ShiftType.MORNING,2026-01-25 10:25:00,2026-01-25 10:55:00,RV-001,Production Planner,WorkOrderStatus.RELEASED
WO-20260125-000437,5000000437,GIS-550-5000,1,LINE-05,Priority.NORMAL,ShiftType.MORNING,2026-01-25 10:45:00,2026-01-25 11:15:00,RV-001,Production Planner,WorkOrderStatus.RELEASED
WO-20260125-000438,5000000438,GIS-420-5000,2,LINE-06,Priority.HIGH,ShiftType.MORNING,2026-01-25 11:05:00,2026-01-25 11:35:00,RV-001,Production Planner,WorkOrderStatus.RELEASED
WO-20260125-000439,5000000439,GIS-420-4000,1,LINE-01,Priority.NORMAL,ShiftType.MORNING,2026-01-25 11:25:00,2026-01-25 11:55:00,RV-001,Production Planner,WorkOrderStatus.RELEASED
WO-20260125-000440,5000000440,GIS-072-2500,4,LINE-02,Priority.NORMAL,ShiftType.MORNING,2026-01-25 11:45:00,2026-01-25 12:15:00,RV-001,Production Planner,WorkOrderStatus.RELEASED
WO-20260125-000441,5000000441,GIS-145-4000,3,LINE-03,Priority.HIGH,ShiftType.MORNING,2026-01-25 12:05:00,2026-01-25 12:35:00,RV-001,Production Planner,WorkOrderStatus.RELEASED
WO-20260125-000442,5000000442,GIS-245-4000,1,LINE-04,Priority.NORMAL,ShiftType.MORNING,2026-01-25 12:25:00,2026-01-25 12:55:00,RV-001,Production Planner,WorkOrderStatus.RELEASED
WO-20260125-000443,5000000443,GIS-072-3150,5,LINE-05,Priority.NORMAL,ShiftType.MORNING,2026-01-25 12:45:00,2026-01-25 13:15:00,RV-001,Production Planner,WorkOrderStatus.RELEASED
WO-20260125-000444,5000000444,GIS-145-4000,2,LINE-06,Priority.HIGH,ShiftType.MORNING,2026-01-25 13:05:00,2026-01-25 13:35:00,RV-001,Production Planner,WorkOrderStatus.RELEASED
WO-20260125-000445,5000000445,GIS-145-3150,4,LINE-01,Priority.URGENT,ShiftType.MORNING,2026-01-25 13:25:00,2026-01-25 13:55:00,RV-001,Production Planner,WorkOrderStatus.RELEASED
WO-20260125-000446,5000000446,GIS-245-3150,1,LINE-02,Priority.NORMAL,ShiftType.MORNING,2026-01-25 13:45:00,2026-01-25 14:15:00,RV-001,Production Planner,WorkOrderStatus.RELEASED
WO-20260125-000447,5000000447,GIS-072-2500,3,LINE-03,Priority.NORMAL,ShiftType.MORNING,2026-01-25 14:05:00,2026-01-25 14:35:00,RV-001,Production Planner,WorkOrderStatus.RELEASED
WO-20260126-000448,5000000448,GIS-245-4000,3,LINE-04,Priority.LOW,ShiftType.MORNING,2026-01-26 06:45:00,2026-01-26 07:15:00,RV-001,Production Planner,WorkOrderStatus.RELEASED
WO-20260126-000449,5000000449,GIS-420-5000,2,LINE-05,Priority.NORMAL,ShiftType.MORNING,2026-01-26 07:05:00,2026-01-26 07:35:00,RV-001,Production Planner,WorkOrderStatus.RELEASED
WO-20260126-000450,5000000450,GIS-170-4000,3,LINE-06,Priority.NORMAL,ShiftType.MORNING,2026-01-26 07:25:00,2026-01-26 07:55:00,RV-001,Production Planner,WorkOrderStatus.RELEASED
WO-20260126-000451,5000000451,GIS-420-4000,2,LINE-01,Priority.HIGH,ShiftType.MORNING,2026-01-26 07:45:00,2026-01-26 08:15:00,RV-001,Production Planner,WorkOrderStatus.RELEASED
WO-20260126-000452,5000000452,GIS-170-4000,2,LINE-02,Priority.NORMAL,ShiftType.MORNING,2026-01-26 08:05:00,2026-01-26 08:35:00,RV-001,Production Planner,WorkOrderStatus.RELEASED
WO-20260126-000453,5000000453,GIS-145-4000,4,LINE-03,Priority.NORMAL,ShiftType.MORNING,2026-01-26 08:25:00,2026-01-26 08:55:00,RV-001,Production Planner,WorkOrderStatus.RELEASED
WO-20260126-000454,5000000454,GIS-072-3150,3,LINE-04,Priority.NORMAL,ShiftType.MORNING,2026-01-26 08:45:00,2026-01-26 09:15:00,RV-001,Production Planner,WorkOrderStatus.RELEASED
WO-20260126-000455,5000000455,GIS-072-2500,4,LINE-05,Priority.NORMAL,ShiftType.MORNING,2026-01-26 09:05:00,2026-01-26 09:35:00,RV-001,Production Planner,WorkOrderStatus.RELEASED
WO-20260126-000456,5000000456,GIS-072-2500,4,LINE-06,Priority.LOW,ShiftType.MORNING,2026-01-26 09:25:00,2026-01-26 09:55:00,RV-001,Production Planner,WorkOrderStatus.RELEASED
WO-20260126-000457,5000000457,GIS-300-4000,1,LINE-01,Priority.NORMAL,ShiftType.MORNING,2026-01-26 09:45:00,2026-01-26 10:15:00,RV-001,Production Planner,WorkOrderStatus.RELEASED
WO-20260126-000458,5000000458,GIS-145-4000,3,LINE-02,Priority.NORMAL,ShiftType.MORNING,2026-01-26 10:05:00,2026-01-26 10:35:00,RV-001,Production Planner,WorkOrderStatus.RELEASED
WO-20260126-000459,5000000459,GIS-420-5000,1,LINE-03,Priority.NORMAL,ShiftType.MORNING,2026-01-26 10:25:00,2026-01-26 10:55:00,RV-001,Production Planner,WorkOrderStatus.RELEASED
WO-20260126-000460,5000000460,GIS-245-4000,3,LINE-04,Priority.NORMAL,ShiftType.MORNING,2026-01-26 10:45:00,2026-01-26 11:15:00,RV-001,Production Planner,WorkOrderStatus.RELEASED
WO-20260126-000461,5000000461,GIS-170-4000,2,LINE-05,Priority.URGENT,ShiftType.MORNING,2026-01-26 11:05:00,2026-01-26 11:35:00,RV-001,Production Planner,WorkOrderStatus.RELEASED
WO-20260126-000462,5000000462,GIS-145-4000,3,LINE-06,Priority.URGENT,ShiftType.MORNING,2026-01-26 11:25:00,2026-01-26 11:55:00,RV-001,Production Planner,WorkOrderStatus.RELEASED
WO-20260126-000463,5000000463,GIS-072-2500,5,LINE-01,Priority.NORMAL,ShiftType.MORNING,2026-01-26 11:45:00,2026-01-26 12:15:00,RV-001,Production Planner,WorkOrderStatus.RELEASED
WO-20260126-000464,5000000464,GIS-072-3150,4,LINE-02,Priority.URGENT,ShiftType.MORNING,2026-01-26 12:05:00,2026-01-26 12:35:00,RV-001,Production Planner,WorkOrderStatus.RELEASED
WO-20260126-000465,5000000465,GIS-145-4000,4,LINE-03,Priority.NORMAL,ShiftType.MORNING,2026-01-26 12:25:00,2026-01-26 12:55:00,RV-001,Production Planner,WorkOrderStatus.RELEASED
WO-20260126-000466,5000000466,GIS-145-3150,3,LINE-04,Priority.NORMAL,ShiftType.MORNING,2026-01-26 12:45:00,2026-01-26 13:15:00,RV-001,Production Planner,WorkOrderStatus.RELEASED
WO-20260127-000467,5000000467,GIS-145-3150,4,LINE-05,Priority.LOW,ShiftType.MORNING,2026-01-27 06:45:00,2026-01-27 07:15:00,RV-001,Production Planner,WorkOrderStatus.RELEASED
WO-20260127-000468,5000000468,GIS-245-3150,2,LINE-06,Priority.LOW,ShiftType.MORNING,2026-01-27 07:05:00,2026-01-27 07:35:00,RV-001,Production Planner,WorkOrderStatus.RELEASED
WO-20260127-000469,5000000469,GIS-072-2500,5,LINE-01,Priority.NORMAL,ShiftType.MORNING,2026-01-27 07:25:00,2026-01-27 07:55:00,RV-001,Production Planner,WorkOrderStatus.RELEASED
WO-20260127-000470,5000000470,GIS-072-3150,5,LINE-02,Priority.URGENT,ShiftType.MORNING,2026-01-27 07:45:00,2026-01-27 08:15:00,RV-001,Production Planner,WorkOrderStatus.RELEASED
WO-20260127-000471,5000000471,GIS-170-4000,2,LINE-03,Priority.NORMAL,ShiftType.MORNING,2026-01-27 08:05:00,2026-01-27 08:35:00,RV-001,Production Planner,WorkOrderStatus.RELEASED
WO-20260127-000472,5000000472,GIS-170-4000,2,LINE-04,Priority.HIGH,ShiftType.MORNING,2026-01-27 08:25:00,2026-01-27 08:55:00,RV-001,Production Planner,WorkOrderStatus.RELEASED
WO-20260127-000473,5000000473,GIS-145-3150,4,LINE-05,Priority.NORMAL,ShiftType.MORNING,2026-01-27 08:45:00,2026-01-27 09:15:00,RV-001,Production Planner,WorkOrderStatus.RELEASED
WO-20260127-000474,5000000474,GIS-145-3150,4,LINE-06,Priority.NORMAL,ShiftType.MORNING,2026-01-27 09:05:00,2026-01-27 09:35:00,RV-001,Production Planner,WorkOrderStatus.RELEASED
WO-20260127-000475,5000000475,GIS-072-2500,5,LINE-01,Priority.NORMAL,ShiftType.MORNING,2026-01-27 09:25:00,2026-01-27 09:55:00,RV-001,Production Planner,WorkOrderStatus.RELEASED
WO-20260127-000476,5000000476,GIS-245-4000,1,LINE-02,Priority.NORMAL,ShiftType.MORNING,2026-01-27 09:45:00,2026-01-27 10:15:00,RV-001,Production Planner,WorkOrderStatus.RELEASED
WO-20260127-000477,5000000477,GIS-300-4000,1,LINE-03,Priority.NORMAL,ShiftType.MORNING,2026-01-27 10:05:00,2026-01-27 10:35:00,RV-001,Production Planner,WorkOrderStatus.RELEASED
WO-20260127-000478,5000000478,GIS-145-3150,3,LINE-04,Priority.LOW,ShiftType.MORNING,2026-01-27 10:25:00,2026-01-27 10:55:00,RV-001,Production Planner,WorkOrderStatus.RELEASED
WO-20260127-000479,5000000479,GIS-145-3150,2,LINE-05,Priority.NORMAL,ShiftType.MORNING,2026-01-27 10:45:00,2026-01-27 11:15:00,RV-001,Production Planner,WorkOrderStatus.RELEASED
WO-20260127-000480,5000000480,GIS-245-4000,1,LINE-06,Priority.NORMAL,ShiftType.MORNING,2026-01-27 11:05:00,2026-01-27 11:35:00,RV-001,Production Planner,WorkOrderStatus.RELEASED
WO-20260127-000481,5000000481,GIS-072-2500,3,LINE-01,Priority.NORMAL,ShiftType.MORNING,2026-01-27 11:25:00,2026-01-27 11:55:00,RV-001,Production Planner,WorkOrderStatus.RELEASED
WO-20260127-000482,5000000482,GIS-245-4000,3,LINE-02,Priority.HIGH,ShiftType.MORNING,2026-01-27 11:45:00,2026-01-27 12:15:00,RV-001,Production Planner,WorkOrderStatus.RELEASED
WO-20260127-000483,5000000483,GIS-300-4000,1,LINE-03,Priority.NORMAL,ShiftType.MORNING,2026-01-27 12:05:00,2026-01-27 12:35:00,RV-001,Production Planner,WorkOrderStatus.RELEASED
WO-20260127-000484,5000000484,GIS-420-4000,1,LINE-04,Priority.NORMAL,ShiftType.MORNING,2026-01-27 12:25:00,2026-01-27 12:55:00,RV-001,Production Planner,WorkOrderStatus.RELEASED
WO-20260127-000485,5000000485,GIS-072-3150,3,LINE-05,Priority.HIGH,ShiftType.MORNING,2026-01-27 12:45:00,2026-01-27 13:15:00,RV-001,Production Planner,WorkOrderStatus.RELEASED
WO-20260127-000486,5000000486,GIS-245-4000,1,LINE-06,Priority.NORMAL,ShiftType.MORNING,2026-01-27 13:05:00,2026-01-27 13:35:00,RV-001,Production Planner,WorkOrderStatus.RELEASED
WO-20260127-000487,5000000487,GIS-072-2500,4,LINE-01,Priority.NORMAL,ShiftType.MORNING,2026-01-27 13:25:00,2026-01-27 13:55:00,RV-001,Production Planner,WorkOrderStatus.RELEASED
WO-20260127-000488,5000000488,GIS-072-3150,4,LINE-02,Priority.NORMAL,ShiftType.MORNING,2026-01-27 13:45:00,2026-01-27 14:15:00,RV-001,Production Planner,WorkOrderStatus.RELEASED
WO-20260127-000489,5000000489,GIS-245-4000,2,LINE-03,Priority.NORMAL,ShiftType.MORNING,2026-01-27 14:05:00,2026-01-27 14:35:00,RV-001,Production Planner,WorkOrderStatus.RELEASED
WO-20260127-000490,5000000490,GIS-072-3150,4,LINE-04,Priority.HIGH,ShiftType.MORNING,2026-01-27 14:25:00,2026-01-27 14:55:00,RV-001,Production Planner,WorkOrderStatus.RELEASED
WO-20260128-000491,5000000491,GIS-145-3150,4,LINE-05,Priority.URGENT,ShiftType.MORNING,2026-01-28 06:45:00,2026-01-28 07:15:00,RV-001,Production Planner,WorkOrderStatus.RELEASED
WO-20260128-000492,5000000492,GIS-145-4000,3,LINE-06,Priority.HIGH,ShiftType.MORNING,2026-01-28 07:05:00,2026-01-28 07:35:00,RV-001,Production Planner,WorkOrderStatus.RELEASED
WO-20260128-000493,5000000493,GIS-145-4000,3,LINE-01,Priority.URGENT,ShiftType.MORNING,2026-01-28 07:25:00,2026-01-28 07:55:00,RV-001,Production Planner,WorkOrderStatus.RELEASED
WO-20260128-000494,5000000494,GIS-300-4000,1,LINE-02,Priority.HIGH,ShiftType.MORNING,2026-01-28 07:45:00,2026-01-28 08:15:00,RV-001,Production Planner,WorkOrderStatus.RELEASED
WO-20260128-000495,5000000495,GIS-072-2500,4,LINE-03,Priority.HIGH,ShiftType.MORNING,2026-01-28 08:05:00,2026-01-28 08:35:00,RV-001,Production Planner,WorkOrderStatus.RELEASED
WO-20260128-000496,5000000496,GIS-170-4000,2,LINE-04,Priority.NORMAL,ShiftType.MORNING,2026-01-28 08:25:00,2026-01-28 08:55:00,RV-001,Production Planner,WorkOrderStatus.RELEASED
WO-20260128-000497,5000000497,GIS-145-4000,2,LINE-05,Priority.NORMAL,ShiftType.MORNING,2026-01-28 08:45:00,2026-01-28 09:15:00,RV-001,Production Planner,WorkOrderStatus.RELEASED
WO-20260128-000498,5000000498,GIS-245-4000,2,LINE-06,Priority.NORMAL,ShiftType.MORNING,2026-01-28 09:05:00,2026-01-28 09:35:00,RV-001,Production Planner,WorkOrderStatus.RELEASED
WO-20260128-000499,5000000499,GIS-145-4000,3,LINE-01,Priority.LOW,ShiftType.MORNING,2026-01-28 09:25:00,2026-01-28 09:55:00,RV-001,Production Planner,WorkOrderStatus.RELEASED
WO-20260128-000500,5000000500,GIS-420-4000,2,LINE-02,Priority.HIGH,ShiftType.MORNING,2026-01-28 09:45:00,2026-01-28 10:15:00,RV-001,Production Planner,WorkOrderStatus.RELEASED
WO-20260128-000501,5000000501,GIS-420-5000,2,LINE-03,Priority.LOW,ShiftType.MORNING,2026-01-28 10:05:00,2026-01-28 10:35:00,RV-001,Production Planner,WorkOrderStatus.RELEASED
WO-20260128-000502,5000000502,GIS-145-4000,2,LINE-04,Priority.NORMAL,ShiftType.MORNING,2026-01-28 10:25:00,2026-01-28 10:55:00,RV-001,Production Planner,WorkOrderStatus.RELEASED
WO-20260128-000503,5000000503,GIS-072-2500,3,LINE-05,Priority.LOW,ShiftType.MORNING,2026-01-28 10:45:00,2026-01-28 11:15:00,RV-001,Production Planner,WorkOrderStatus.RELEASED
WO-20260128-000504,5000000504,GIS-420-5000,2,LINE-06,Priority.HIGH,ShiftType.MORNING,2026-01-28 11:05:00,2026-01-28 11:35:00,RV-001,Production Planner,WorkOrderStatus.RELEASED
WO-20260128-000505,5000000505,GIS-072-2500,4,LINE-01,Priority.HIGH,ShiftType.MORNING,2026-01-28 11:25:00,2026-01-28 11:55:00,RV-001,Production Planner,WorkOrderStatus.RELEASED
WO-20260128-000506,5000000506,GIS-145-4000,2,LINE-02,Priority.HIGH,ShiftType.MORNING,2026-01-28 11:45:00,2026-01-28 12:15:00,RV-001,Production Planner,WorkOrderStatus.RELEASED
WO-20260128-000507,5000000507,GIS-145-4000,4,LINE-03,Priority.LOW,ShiftType.MORNING,2026-01-28 12:05:00,2026-01-28 12:35:00,RV-001,Production Planner,WorkOrderStatus.RELEASED
WO-20260128-000508,5000000508,GIS-072-2500,4,LINE-04,Priority.NORMAL,ShiftType.MORNING,2026-01-28 12:25:00,2026-01-28 12:55:00,RV-001,Production Planner,WorkOrderStatus.RELEASED
WO-20260128-000509,5000000509,GIS-072-2500,5,LINE-05,Priority.NORMAL,ShiftType.MORNING,2026-01-28 12:45:00,2026-01-28 13:15:00,RV-001,Production Planner,WorkOrderStatus.RELEASED
WO-20260129-000510,5000000510,GIS-072-2500,4,LINE-06,Priority.NORMAL,ShiftType.MORNING,2026-01-29 06:45:00,2026-01-29 07:15:00,RV-001,Production Planner,WorkOrderStatus.RELEASED
WO-20260129-000511,5000000511,GIS-072-2500,3,LINE-01,Priority.NORMAL,ShiftType.MORNING,2026-01-29 07:05:00,2026-01-29 07:35:00,RV-001,Production Planner,WorkOrderStatus.RELEASED
WO-20260129-000512,5000000512,GIS-245-4000,2,LINE-02,Priority.LOW,ShiftType.MORNING,2026-01-29 07:25:00,2026-01-29 07:55:00,RV-001,Production Planner,WorkOrderStatus.RELEASED
WO-20260129-000513,5000000513,GIS-300-4000,2,LINE-03,Priority.NORMAL,ShiftType.MORNING,2026-01-29 07:45:00,2026-01-29 08:15:00,RV-001,Production Planner,WorkOrderStatus.RELEASED
WO-20260129-000514,5000000514,GIS-072-2500,5,LINE-04,Priority.NORMAL,ShiftType.MORNING,2026-01-29 08:05:00,2026-01-29 08:35:00,RV-001,Production Planner,WorkOrderStatus.RELEASED
WO-20260129-000515,5000000515,GIS-245-3150,2,LINE-05,Priority.NORMAL,ShiftType.MORNING,2026-01-29 08:25:00,2026-01-29 08:55:00,RV-001,Production Planner,WorkOrderStatus.RELEASED
WO-20260129-000516,5000000516,GIS-170-4000,2,LINE-06,Priority.NORMAL,ShiftType.MORNING,2026-01-29 08:45:00,2026-01-29 09:15:00,RV-001,Production Planner,WorkOrderStatus.RELEASED
WO-20260129-000517,5000000517,GIS-072-3150,5,LINE-01,Priority.LOW,ShiftType.MORNING,2026-01-29 09:05:00,2026-01-29 09:35:00,RV-001,Production Planner,WorkOrderStatus.RELEASED
WO-20260129-000518,5000000518,GIS-550-5000,1,LINE-02,Priority.LOW,ShiftType.MORNING,2026-01-29 09:25:00,2026-01-29 09:55:00,RV-001,Production Planner,WorkOrderStatus.RELEASED
WO-20260129-000519,5000000519,GIS-145-4000,4,LINE-03,Priority.HIGH,ShiftType.MORNING,2026-01-29 09:45:00,2026-01-29 10:15:00,RV-001,Production Planner,WorkOrderStatus.RELEASED
WO-20260129-000520,5000000520,GIS-145-4000,2,LINE-04,Priority.NORMAL,ShiftType.MORNING,2026-01-29 10:05:00,2026-01-29 10:35:00,RV-001,Production Planner,WorkOrderStatus.RELEASED
WO-20260129-000521,5000000521,GIS-145-4000,4,LINE-05,Priority.NORMAL,ShiftType.MORNING,2026-01-29 10:25:00,2026-01-29 10:55:00,RV-001,Production Planner,WorkOrderStatus.RELEASED
WO-20260129-000522,5000000522,GIS-145-3150,4,LINE-06,Priority.LOW,ShiftType.MORNING,2026-01-29 10:45:00,2026-01-29 11:15:00,RV-001,Production Planner,WorkOrderStatus.RELEASED
WO-20260129-000523,5000000523,GIS-245-4000,2,LINE-01,Priority.NORMAL,ShiftType.MORNING,2026-01-29 11:05:00,2026-01-29 11:35:00,RV-001,Production Planner,WorkOrderStatus.RELEASED
WO-20260129-000524,5000000524,GIS-245-3150,1,LINE-02,Priority.HIGH,ShiftType.MORNING,2026-01-29 11:25:00,2026-01-29 11:55:00,RV-001,Production Planner,WorkOrderStatus.RELEASED
WO-20260129-000525,5000000525,GIS-245-4000,2,LINE-03,Priority.NORMAL,ShiftType.MORNING,2026-01-29 11:45:00,2026-01-29 12:15:00,RV-001,Production Planner,WorkOrderStatus.RELEASED
WO-20260129-000526,5000000526,GIS-145-3150,3,LINE-04,Priority.HIGH,ShiftType.MORNING,2026-01-29 12:05:00,2026-01-29 12:35:00,RV-001,Production Planner,WorkOrderStatus.RELEASED
WO-20260129-000527,5000000527,GIS-072-3150,5,LINE-05,Priority.NORMAL,ShiftType.MORNING,2026-01-29 12:25:00,2026-01-29 12:55:00,RV-001,Production Planner,WorkOrderStatus.RELEASED
WO-20260129-000528,5000000528,GIS-245-3150,3,LINE-06,Priority.NORMAL,ShiftType.MORNING,2026-01-29 12:45:00,2026-01-29 13:15:00,RV-001,Production Planner,WorkOrderStatus.RELEASED
WO-20260129-000529,5000000529,GIS-072-2500,5,LINE-01,Priority.HIGH,ShiftType.MORNING,2026-01-29 13:05:00,2026-01-29 13:35:00,RV-001,Production Planner,WorkOrderStatus.RELEASED
WO-20260129-000530,5000000530,GIS-145-4000,3,LINE-02,Priority.NORMAL,ShiftType.MORNING,2026-01-29 13:25:00,2026-01-29 13:55:00,RV-001,Production Planner,WorkOrderStatus.RELEASED
WO-20260130-000531,5000000531,GIS-072-3150,3,LINE-03,Priority.NORMAL,ShiftType.MORNING,2026-01-30 06:45:00,2026-01-30 07:15:00,RV-001,Production Planner,WorkOrderStatus.RELEASED
WO-20260130-000532,5000000532,GIS-145-3150,3,LINE-04,Priority.URGENT,ShiftType.MORNING,2026-01-30 07:05:00,2026-01-30 07:35:00,RV-001,Production Planner,WorkOrderStatus.RELEASED
WO-20260130-000533,5000000533,GIS-145-4000,3,LINE-05,Priority.LOW,ShiftType.MORNING,2026-01-30 07:25:00,2026-01-30 07:55:00,RV-001,Production Planner,WorkOrderStatus.RELEASED
WO-20260130-000534,5000000534,GIS-245-3150,2,LINE-06,Priority.NORMAL,ShiftType.MORNING,2026-01-30 07:45:00,2026-01-30 08:15:00,RV-001,Production Planner,WorkOrderStatus.RELEASED
WO-20260130-000535,5000000535,GIS-245-4000,3,LINE-01,Priority.NORMAL,ShiftType.MORNING,2026-01-30 08:05:00,2026-01-30 08:35:00,RV-001,Production Planner,WorkOrderStatus.RELEASED
WO-20260130-000536,5000000536,GIS-072-2500,4,LINE-02,Priority.NORMAL,ShiftType.MORNING,2026-01-30 08:25:00,2026-01-30 08:55:00,RV-001,Production Planner,WorkOrderStatus.RELEASED
WO-20260130-000537,5000000537,GIS-145-3150,3,LINE-03,Priority.HIGH,ShiftType.MORNING,2026-01-30 08:45:00,2026-01-30 09:15:00,RV-001,Production Planner,WorkOrderStatus.RELEASED
WO-20260130-000538,5000000538,GIS-145-3150,2,LINE-04,Priority.NORMAL,ShiftType.MORNING,2026-01-30 09:05:00,2026-01-30 09:35:00,RV-001,Production Planner,WorkOrderStatus.RELEASED
WO-20260130-000539,5000000539,GIS-145-4000,4,LINE-05,Priority.NORMAL,ShiftType.MORNING,2026-01-30 09:25:00,2026-01-30 09:55:00,RV-001,Production Planner,WorkOrderStatus.RELEASED
WO-20260130-000540,5000000540,GIS-072-2500,4,LINE-06,Priority.LOW,ShiftType.MORNING,2026-01-30 09:45:00,2026-01-30 10:15:00,RV-001,Production Planner,WorkOrderStatus.RELEASED
WO-20260130-000541,5000000541,GIS-170-4000,2,LINE-01,Priority.NORMAL,ShiftType.MORNING,2026-01-30 10:05:00,2026-01-30 10:35:00,RV-001,Production Planner,WorkOrderStatus.RELEASED
WO-20260130-000542,5000000542,GIS-145-3150,2,LINE-02,Priority.NORMAL,ShiftType.MORNING,2026-01-30 10:25:00,2026-01-30 10:55:00,RV-001,Production Planner,WorkOrderStatus.RELEASED
WO-20260130-000543,5000000543,GIS-072-3150,4,LINE-03,Priority.NORMAL,ShiftType.MORNING,2026-01-30 10:45:00,2026-01-30 11:15:00,RV-001,Production Planner,WorkOrderStatus.RELEASED
WO-20260130-000544,5000000544,GIS-145-3150,4,LINE-04,Priority.NORMAL,ShiftType.MORNING,2026-01-30 11:05:00,2026-01-30 11:35:00,RV-001,Production Planner,WorkOrderStatus.RELEASED
WO-20260130-000545,5000000545,GIS-145-3150,4,LINE-05,Priority.HIGH,ShiftType.MORNING,2026-01-30 11:25:00,2026-01-30 11:55:00,RV-001,Production Planner,WorkOrderStatus.RELEASED
WO-20260130-000546,5000000546,GIS-145-3150,3,LINE-06,Priority.NORMAL,ShiftType.MORNING,2026-01-30 11:45:00,2026-01-30 12:15:00,RV-001,Production Planner,WorkOrderStatus.RELEASED
WO-20260130-000547,5000000547,GIS-550-5000,1,LINE-01,Priority.HIGH,ShiftType.MORNING,2026-01-30 12:05:00,2026-01-30 12:35:00,RV-001,Production Planner,WorkOrderStatus.RELEASED
WO-20260130-000548,5000000548,GIS-072-2500,5,LINE-02,Priority.NORMAL,ShiftType.MORNING,2026-01-30 12:25:00,2026-01-30 12:55:00,RV-001,Production Planner,WorkOrderStatus.RELEASED
WO-20260130-000549,5000000549,GIS-145-4000,4,LINE-03,Priority.NORMAL,ShiftType.MORNING,2026-01-30 12:45:00,2026-01-30 13:15:00,RV-001,Production Planner,WorkOrderStatus.RELEASED
WO-20260130-000550,5000000550,GIS-420-5000,1,LINE-04,Priority.HIGH,ShiftType.MORNING,2026-01-30 13:05:00,2026-01-30 13:35:00,RV-001,Production Planner,WorkOrderStatus.RELEASED
WO-20260130-000551,5000000551,GIS-245-3150,2,LINE-05,Priority.LOW,ShiftType.MORNING,2026-01-30 13:25:00,2026-01-30 13:55:00,RV-001,Production Planner,WorkOrderStatus.RELEASED
WO-20260130-000552,5000000552,GIS-072-2500,5,LINE-06,Priority.NORMAL,ShiftType.MORNING,2026-01-30 13:45:00,2026-01-30 14:15:00,RV-001,Production Planner,WorkOrderStatus.RELEASED
WO-20260130-000553,5000000553,GIS-145-3150,4,LINE-01,Priority.LOW,ShiftType.MORNING,2026-01-30 14:05:00,2026-01-30 14:35:00,RV-001,Production Planner,WorkOrderStatus.RELEASED
WO-20260130-000554,5000000554,GIS-072-3150,4,LINE-02,Priority.HIGH,ShiftType.MORNING,2026-01-30 14:25:00,2026-01-30 14:55:00,RV-001,Production Planner,WorkOrderStatus.RELEASED
WO-20260131-000555,5000000555,GIS-145-3150,2,LINE-03,Priority.NORMAL,ShiftType.MORNING,2026-01-31 06:45:00,2026-01-31 07:15:00,RV-001,Production Planner,WorkOrderStatus.RELEASED
WO-20260131-000556,5000000556,GIS-145-4000,3,LINE-04,Priority.NORMAL,ShiftType.MORNING,2026-01-31 07:05:00,2026-01-31 07:35:00,RV-001,Production Planner,WorkOrderStatus.RELEASED
WO-20260131-000557,5000000557,GIS-072-3150,3,LINE-05,Priority.LOW,ShiftType.MORNING,2026-01-31 07:25:00,2026-01-31 07:55:00,RV-001,Production Planner,WorkOrderStatus.RELEASED
WO-20260131-000558,5000000558,GIS-072-3150,5,LINE-06,Priority.NORMAL,ShiftType.MORNING,2026-01-31 07:45:00,2026-01-31 08:15:00,RV-001,Production Planner,WorkOrderStatus.RELEASED
WO-20260131-000559,5000000559,GIS-170-4000,3,LINE-01,Priority.HIGH,ShiftType.MORNING,2026-01-31 08:05:00,2026-01-31 08:35:00,RV-001,Production Planner,WorkOrderStatus.RELEASED
WO-20260131-000560,5000000560,GIS-245-3150,1,LINE-02,Priority.URGENT,ShiftType.MORNING,2026-01-31 08:25:00,2026-01-31 08:55:00,RV-001,Production Planner,WorkOrderStatus.RELEASED
WO-20260131-000561,5000000561,GIS-072-3150,4,LINE-03,Priority.NORMAL,ShiftType.MORNING,2026-01-31 08:45:00,2026-01-31 09:15:00,RV-001,Production Planner,WorkOrderStatus.RELEASED
WO-20260131-000562,5000000562,GIS-072-2500,3,LINE-04,Priority.NORMAL,ShiftType.MORNING,2026-01-31 09:05:00,2026-01-31 09:35:00,RV-001,Production Planner,WorkOrderStatus.RELEASED
WO-20260131-000563,5000000563,GIS-420-4000,2,LINE-05,Priority.URGENT,ShiftType.MORNING,2026-01-31 09:25:00,2026-01-31 09:55:00,RV-001,Production Planner,WorkOrderStatus.RELEASED
WO-20260131-000564,5000000564,GIS-300-4000,2,LINE-06,Priority.NORMAL,ShiftType.MORNING,2026-01-31 09:45:00,2026-01-31 10:15:00,RV-001,Production Planner,WorkOrderStatus.RELEASED
WO-20260131-000565,5000000565,GIS-245-3150,3,LINE-01,Priority.NORMAL,ShiftType.MORNING,2026-01-31 10:05:00,2026-01-31 10:35:00,RV-001,Production Planner,WorkOrderStatus.RELEASED
WO-20260131-000566,5000000566,GIS-420-4000,1,LINE-02,Priority.NORMAL,ShiftType.MORNING,2026-01-31 10:25:00,2026-01-31 10:55:00,RV-001,Production Planner,WorkOrderStatus.RELEASED
WO-20260131-000567,5000000567,GIS-420-5000,1,LINE-03,Priority.HIGH,ShiftType.MORNING,2026-01-31 10:45:00,2026-01-31 11:15:00,RV-001,Production Planner,WorkOrderStatus.RELEASED
WO-20260131-000568,5000000568,GIS-145-4000,2,LINE-04,Priority.URGENT,ShiftType.MORNING,2026-01-31 11:05:00,2026-01-31 11:35:00,RV-001,Production Planner,WorkOrderStatus.RELEASED
WO-20260131-000569,5000000569,GIS-245-4000,1,LINE-05,Priority.HIGH,ShiftType.MORNING,2026-01-31 11:25:00,2026-01-31 11:55:00,RV-001,Production Planner,WorkOrderStatus.RELEASED
WO-20260131-000570,5000000570,GIS-072-2500,5,LINE-06,Priority.NORMAL,ShiftType.MORNING,2026-01-31 11:45:00,2026-01-31 12:15:00,RV-001,Production Planner,WorkOrderStatus.RELEASED
WO-20260131-000571,5000000571,GIS-145-4000,4,LINE-01,Priority.NORMAL,ShiftType.MORNING,2026-01-31 12:05:00,2026-01-31 12:35:00,RV-001,Production Planner,WorkOrderStatus.RELEASED
WO-20260131-000572,5000000572,GIS-420-4000,1,LINE-02,Priority.NORMAL,ShiftType.MORNING,2026-01-31 12:25:00,2026-01-31 12:55:00,RV-001,Production Planner,WorkOrderStatus.RELEASED
WO-20260131-000573,5000000573,GIS-800-5000,1,LINE-03,Priority.NORMAL,ShiftType.MORNING,2026-01-31 12:45:00,2026-01-31 13:15:00,RV-001,Production Planner,WorkOrderStatus.RELEASED
WO-20260131-000574,5000000574,GIS-145-4000,3,LINE-04,Priority.HIGH,ShiftType.MORNING,2026-01-31 13:05:00,2026-01-31 13:35:00,RV-001,Production Planner,WorkOrderStatus.RELEASED
WO-20260201-000575,5000000575,GIS-072-2500,4,LINE-05,Priority.NORMAL,ShiftType.MORNING,2026-02-01 06:45:00,2026-02-01 07:15:00,RV-001,Production Planner,WorkOrderStatus.RELEASED
WO-20260201-000576,5000000576,GIS-145-3150,4,LINE-06,Priority.NORMAL,ShiftType.MORNING,2026-02-01 07:05:00,2026-02-01 07:35:00,RV-001,Production Planner,WorkOrderStatus.RELEASED
WO-20260201-000577,5000000577,GIS-072-2500,5,LINE-01,Priority.NORMAL,ShiftType.MORNING,2026-02-01 07:25:00,2026-02-01 07:55:00,RV-001,Production Planner,WorkOrderStatus.RELEASED
WO-20260201-000578,5000000578,GIS-072-3150,3,LINE-02,Priority.NORMAL,ShiftType.MORNING,2026-02-01 07:45:00,2026-02-01 08:15:00,RV-001,Production Planner,WorkOrderStatus.RELEASED
WO-20260201-000579,5000000579,GIS-420-4000,1,LINE-03,Priority.HIGH,ShiftType.MORNING,2026-02-01 08:05:00,2026-02-01 08:35:00,RV-001,Production Planner,WorkOrderStatus.RELEASED
WO-20260201-000580,5000000580,GIS-145-4000,3,LINE-04,Priority.NORMAL,ShiftType.MORNING,2026-02-01 08:25:00,2026-02-01 08:55:00,RV-001,Production Planner,WorkOrderStatus.RELEASED
WO-20260201-000581,5000000581,GIS-145-3150,4,LINE-05,Priority.NORMAL,ShiftType.MORNING,2026-02-01 08:45:00,2026-02-01 09:15:00,RV-001,Production Planner,WorkOrderStatus.RELEASED
WO-20260201-000582,5000000582,GIS-420-5000,2,LINE-06,Priority.HIGH,ShiftType.MORNING,2026-02-01 09:05:00,2026-02-01 09:35:00,RV-001,Production Planner,WorkOrderStatus.RELEASED
WO-20260201-000583,5000000583,GIS-072-3150,5,LINE-01,Priority.URGENT,ShiftType.MORNING,2026-02-01 09:25:00,2026-02-01 09:55:00,RV-001,Production Planner,WorkOrderStatus.RELEASED
WO-20260201-000584,5000000584,GIS-072-3150,5,LINE-02,Priority.NORMAL,ShiftType.MORNING,2026-02-01 09:45:00,2026-02-01 10:15:00,RV-001,Production Planner,WorkOrderStatus.RELEASED
WO-20260201-000585,5000000585,GIS-145-4000,4,LINE-03,Priority.NORMAL,ShiftType.MORNING,2026-02-01 10:05:00,2026-02-01 10:35:00,RV-001,Production Planner,WorkOrderStatus.RELEASED
WO-20260201-000586,5000000586,GIS-170-4000,2,LINE-04,Priority.NORMAL,ShiftType.MORNING,2026-02-01 10:25:00,2026-02-01 10:55:00,RV-001,Production Planner,WorkOrderStatus.RELEASED
WO-20260201-000587,5000000587,GIS-170-4000,3,LINE-05,Priority.HIGH,ShiftType.MORNING,2026-02-01 10:45:00,2026-02-01 11:15:00,RV-001,Production Planner,WorkOrderStatus.RELEASED
WO-20260201-000588,5000000588,GIS-170-4000,2,LINE-06,Priority.LOW,ShiftType.MORNING,2026-02-01 11:05:00,2026-02-01 11:35:00,RV-001,Production Planner,WorkOrderStatus.RELEASED
WO-20260201-000589,5000000589,GIS-420-5000,2,LINE-01,Priority.NORMAL,ShiftType.MORNING,2026-02-01 11:25:00,2026-02-01 11:55:00,RV-001,Production Planner,WorkOrderStatus.RELEASED
WO-20260201-000590,5000000590,GIS-245-4000,2,LINE-02,Priority.NORMAL,ShiftType.MORNING,2026-02-01 11:45:00,2026-02-01 12:15:00,RV-001,Production Planner,WorkOrderStatus.RELEASED
WO-20260201-000591,5000000591,GIS-072-2500,5,LINE-03,Priority.NORMAL,ShiftType.MORNING,2026-02-01 12:05:00,2026-02-01 12:35:00,RV-001,Production Planner,WorkOrderStatus.RELEASED
WO-20260201-000592,5000000592,GIS-245-3150,2,LINE-04,Priority.NORMAL,ShiftType.MORNING,2026-02-01 12:25:00,2026-02-01 12:55:00,RV-001,Production Planner,WorkOrderStatus.RELEASED
WO-20260202-000593,5000000593,GIS-245-4000,2,LINE-05,Priority.NORMAL,ShiftType.MORNING,2026-02-02 06:45:00,2026-02-02 07:15:00,RV-001,Production Planner,WorkOrderStatus.RELEASED
WO-20260202-000594,5000000594,GIS-072-2500,3,LINE-06,Priority.NORMAL,ShiftType.MORNING,2026-02-02 07:05:00,2026-02-02 07:35:00,RV-001,Production Planner,WorkOrderStatus.RELEASED
WO-20260202-000595,5000000595,GIS-145-3150,3,LINE-01,Priority.NORMAL,ShiftType.MORNING,2026-02-02 07:25:00,2026-02-02 07:55:00,RV-001,Production Planner,WorkOrderStatus.RELEASED
WO-20260202-000596,5000000596,GIS-170-4000,3,LINE-02,Priority.HIGH,ShiftType.MORNING,2026-02-02 07:45:00,2026-02-02 08:15:00,RV-001,Production Planner,WorkOrderStatus.RELEASED
WO-20260202-000597,5000000597,GIS-145-3150,3,LINE-03,Priority.URGENT,ShiftType.MORNING,2026-02-02 08:05:00,2026-02-02 08:35:00,RV-001,Production Planner,WorkOrderStatus.RELEASED
WO-20260202-000598,5000000598,GIS-072-2500,4,LINE-04,Priority.NORMAL,ShiftType.MORNING,2026-02-02 08:25:00,2026-02-02 08:55:00,RV-001,Production Planner,WorkOrderStatus.RELEASED
WO-20260202-000599,5000000599,GIS-072-2500,3,LINE-05,Priority.NORMAL,ShiftType.MORNING,2026-02-02 08:45:00,2026-02-02 09:15:00,RV-001,Production Planner,WorkOrderStatus.RELEASED
WO-20260202-000600,5000000600,GIS-072-3150,3,LINE-06,Priority.NORMAL,ShiftType.MORNING,2026-02-02 09:05:00,2026-02-02 09:35:00,RV-001,Production Planner,WorkOrderStatus.RELEASED
WO-20260202-000601,5000000601,GIS-072-2500,4,LINE-01,Priority.HIGH,ShiftType.MORNING,2026-02-02 09:25:00,2026-02-02 09:55:00,RV-001,Production Planner,WorkOrderStatus.RELEASED
WO-20260202-000602,5000000602,GIS-145-3150,2,LINE-02,Priority.HIGH,ShiftType.MORNING,2026-02-02 09:45:00,2026-02-02 10:15:00,RV-001,Production Planner,WorkOrderStatus.RELEASED
WO-20260202-000603,5000000603,GIS-420-5000,2,LINE-03,Priority.NORMAL,ShiftType.MORNING,2026-02-02 10:05:00,2026-02-02 10:35:00,RV-001,Production Planner,WorkOrderStatus.RELEASED
WO-20260202-000604,5000000604,GIS-072-3150,5,LINE-04,Priority.NORMAL,ShiftType.MORNING,2026-02-02 10:25:00,2026-02-02 10:55:00,RV-001,Production Planner,WorkOrderStatus.RELEASED
WO-20260202-000605,5000000605,GIS-420-4000,2,LINE-05,Priority.LOW,ShiftType.MORNING,2026-02-02 10:45:00,2026-02-02 11:15:00,RV-001,Production Planner,WorkOrderStatus.RELEASED
WO-20260202-000606,5000000606,GIS-420-5000,2,LINE-06,Priority.URGENT,ShiftType.MORNING,2026-02-02 11:05:00,2026-02-02 11:35:00,RV-001,Production Planner,WorkOrderStatus.RELEASED
WO-20260202-000607,5000000607,GIS-072-3150,4,LINE-01,Priority.LOW,ShiftType.MORNING,2026-02-02 11:25:00,2026-02-02 11:55:00,RV-001,Production Planner,WorkOrderStatus.RELEASED
WO-20260202-000608,5000000608,GIS-072-3150,5,LINE-02,Priority.HIGH,ShiftType.MORNING,2026-02-02 11:45:00,2026-02-02 12:15:00,RV-001,Production Planner,WorkOrderStatus.RELEASED
WO-20260202-000609,5000000609,GIS-245-3150,2,LINE-03,Priority.NORMAL,ShiftType.MORNING,2026-02-02 12:05:00,2026-02-02 12:35:00,RV-001,Production Planner,WorkOrderStatus.RELEASED
WO-20260202-000610,5000000610,GIS-072-2500,3,LINE-04,Priority.NORMAL,ShiftType.MORNING,2026-02-02 12:25:00,2026-02-02 12:55:00,RV-001,Production Planner,WorkOrderStatus.RELEASED
WO-20260202-000611,5000000611,GIS-420-4000,2,LINE-05,Priority.HIGH,ShiftType.MORNING,2026-02-02 12:45:00,2026-02-02 13:15:00,RV-001,Production Planner,WorkOrderStatus.RELEASED
WO-20260202-000612,5000000612,GIS-145-3150,3,LINE-06,Priority.LOW,ShiftType.MORNING,2026-02-02 13:05:00,2026-02-02 13:35:00,RV-001,Production Planner,WorkOrderStatus.RELEASED
WO-20260202-000613,5000000613,GIS-170-4000,3,LINE-01,Priority.NORMAL,ShiftType.MORNING,2026-02-02 13:25:00,2026-02-02 13:55:00,RV-001,Production Planner,WorkOrderStatus.RELEASED
WO-20260202-000614,5000000614,GIS-072-2500,5,LINE-02,Priority.NORMAL,ShiftType.MORNING,2026-02-02 13:45:00,2026-02-02 14:15:00,RV-001,Production Planner,WorkOrderStatus.RELEASED
WO-20260202-000615,5000000615,GIS-145-4000,4,LINE-03,Priority.NORMAL,ShiftType.MORNING,2026-02-02 14:05:00,2026-02-02 14:35:00,RV-001,Production Planner,WorkOrderStatus.RELEASED
WO-20260202-000616,5000000616,GIS-072-2500,3,LINE-04,Priority.NORMAL,ShiftType.MORNING,2026-02-02 14:25:00,2026-02-02 14:55:00,RV-001,Production Planner,WorkOrderStatus.RELEASED
WO-20260203-000617,5000000617,GIS-550-5000,1,LINE-05,Priority.NORMAL,ShiftType.MORNING,2026-02-03 06:45:00,2026-02-03 07:15:00,RV-001,Production Planner,WorkOrderStatus.RELEASED
WO-20260203-000618,5000000618,GIS-145-3150,2,LINE-06,Priority.NORMAL,ShiftType.MORNING,2026-02-03 07:05:00,2026-02-03 07:35:00,RV-001,Production Planner,WorkOrderStatus.RELEASED
WO-20260203-000619,5000000619,GIS-145-4000,4,LINE-01,Priority.LOW,ShiftType.MORNING,2026-02-03 07:25:00,2026-02-03 07:55:00,RV-001,Production Planner,WorkOrderStatus.RELEASED
WO-20260203-000620,5000000620,GIS-072-2500,5,LINE-02,Priority.NORMAL,ShiftType.MORNING,2026-02-03 07:45:00,2026-02-03 08:15:00,RV-001,Production Planner,WorkOrderStatus.RELEASED
WO-20260203-000621,5000000621,GIS-145-4000,3,LINE-03,Priority.NORMAL,ShiftType.MORNING,2026-02-03 08:05:00,2026-02-03 08:35:00,RV-001,Production Planner,WorkOrderStatus.RELEASED
WO-20260203-000622,5000000622,GIS-420-4000,1,LINE-04,Priority.NORMAL,ShiftType.MORNING,2026-02-03 08:25:00,2026-02-03 08:55:00,RV-001,Production Planner,WorkOrderStatus.RELEASED
WO-20260203-000623,5000000623,GIS-170-4000,2,LINE-05,Priority.NORMAL,ShiftType.MORNING,2026-02-03 08:45:00,2026-02-03 09:15:00,RV-001,Production Planner,WorkOrderStatus.RELEASED
WO-20260203-000624,5000000624,GIS-170-4000,3,LINE-06,Priority.NORMAL,ShiftType.MORNING,2026-02-03 09:05:00,2026-02-03 09:35:00,RV-001,Production Planner,WorkOrderStatus.RELEASED
WO-20260203-000625,5000000625,GIS-145-4000,4,LINE-01,Priority.NORMAL,ShiftType.MORNING,2026-02-03 09:25:00,2026-02-03 09:55:00,RV-001,Production Planner,WorkOrderStatus.RELEASED
WO-20260203-000626,5000000626,GIS-245-3150,2,LINE-02,Priority.NORMAL,ShiftType.MORNING,2026-02-03 09:45:00,2026-02-03 10:15:00,RV-001,Production Planner,WorkOrderStatus.RELEASED
WO-20260203-000627,5000000627,GIS-072-2500,4,LINE-03,Priority.NORMAL,ShiftType.MORNING,2026-02-03 10:05:00,2026-02-03 10:35:00,RV-001,Production Planner,WorkOrderStatus.RELEASED
WO-20260203-000628,5000000628,GIS-550-5000,1,LINE-04,Priority.NORMAL,ShiftType.MORNING,2026-02-03 10:25:00,2026-02-03 10:55:00,RV-001,Production Planner,WorkOrderStatus.RELEASED
WO-20260203-000629,5000000629,GIS-245-4000,3,LINE-05,Priority.HIGH,ShiftType.MORNING,2026-02-03 10:45:00,2026-02-03 11:15:00,RV-001,Production Planner,WorkOrderStatus.RELEASED
WO-20260203-000630,5000000630,GIS-170-4000,3,LINE-06,Priority.NORMAL,ShiftType.MORNING,2026-02-03 11:05:00,2026-02-03 11:35:00,RV-001,Production Planner,WorkOrderStatus.RELEASED
WO-20260203-000631,5000000631,GIS-245-3150,3,LINE-01,Priority.NORMAL,ShiftType.MORNING,2026-02-03 11:25:00,2026-02-03 11:55:00,RV-001,Production Planner,WorkOrderStatus.RELEASED
WO-20260203-000632,5000000632,GIS-245-3150,3,LINE-02,Priority.NORMAL,ShiftType.MORNING,2026-02-03 11:45:00,2026-02-03 12:15:00,RV-001,Production Planner,WorkOrderStatus.RELEASED
WO-20260203-000633,5000000633,GIS-145-4000,4,LINE-03,Priority.NORMAL,ShiftType.MORNING,2026-02-03 12:05:00,2026-02-03 12:35:00,RV-001,Production Planner,WorkOrderStatus.RELEASED
WO-20260203-000634,5000000634,GIS-300-4000,1,LINE-04,Priority.HIGH,ShiftType.MORNING,2026-02-03 12:25:00,2026-02-03 12:55:00,RV-001,Production Planner,WorkOrderStatus.RELEASED
WO-20260203-000635,5000000635,GIS-072-3150,5,LINE-05,Priority.HIGH,ShiftType.MORNING,2026-02-03 12:45:00,2026-02-03 13:15:00,RV-001,Production Planner,WorkOrderStatus.RELEASED
WO-20260203-000636,5000000636,GIS-072-2500,3,LINE-06,Priority.NORMAL,ShiftType.MORNING,2026-02-03 13:05:00,2026-02-03 13:35:00,RV-001,Production Planner,WorkOrderStatus.RELEASED
WO-20260203-000637,5000000637,GIS-145-3150,3,LINE-01,Priority.NORMAL,ShiftType.MORNING,2026-02-03 13:25:00,2026-02-03 13:55:00,RV-001,Production Planner,WorkOrderStatus.RELEASED
WO-20260203-000638,5000000638,GIS-145-3150,4,LINE-02,Priority.HIGH,ShiftType.MORNING,2026-02-03 13:45:00,2026-02-03 14:15:00,RV-001,Production Planner,WorkOrderStatus.RELEASED
WO-20260203-000639,5000000639,GIS-420-4000,1,LINE-03,Priority.NORMAL,ShiftType.MORNING,2026-02-03 14:05:00,2026-02-03 14:35:00,RV-001,Production Planner,WorkOrderStatus.RELEASED
WO-20260203-000640,5000000640,GIS-145-4000,4,LINE-04,Priority.NORMAL,ShiftType.MORNING,2026-02-03 14:25:00,2026-02-03 14:55:00,RV-001,Production Planner,WorkOrderStatus.RELEASED
